       0/9    0.388G   0.01206   0.01458   0.01596    0.0426        12       640         0         0         0         0         0         0         0
       1/9     4.81G  0.008766   0.01126   0.01572   0.03574        12       640         0         0         0         0         0         0         0
       2/9     4.81G  0.008199   0.01078   0.01567   0.03465        12       640         0         0         0         0         0         0         0
       3/9     4.81G  0.007939   0.01055   0.01566   0.03415        12       640         0         0         0         0         0         0         0
       4/9     4.81G  0.007776   0.01038   0.01565   0.03381        12       640         0         0         0         0         0         0         0
       5/9     4.81G  0.007628   0.01026   0.01564   0.03353        12       640         0         0         0         0         0         0         0
       6/9     4.81G  0.007562   0.01001   0.01565   0.03322        12       640         0         0         0         0         0         0         0
       7/9     4.81G  0.007503  0.009586   0.01565   0.03274        12       640         0         0         0         0         0         0         0
       8/9     4.81G   0.00745  0.009321   0.01565   0.03242        12       640         0         0         0         0         0         0         0
       9/9     4.81G  0.007364  0.009204   0.01565   0.03221        12       640   0.08504    0.4063   0.07956   0.03311   0.00973  0.006759   0.01618
       0/9      4.8G   0.01363   0.01479   0.01567   0.04409        12       640         0         0         0         0         0         0         0
       1/9      4.8G  0.009905   0.01132   0.01556   0.03678        12       640         0         0         0         0         0         0         0
       2/9      4.8G  0.009313   0.01089   0.01551   0.03571        12       640         0         0         0         0         0         0         0
       3/9      4.8G  0.009004    0.0107    0.0155   0.03521        12       640         0         0         0         0         0         0         0
       4/9      4.8G   0.00884   0.01058   0.01549   0.03491        12       640         0         0         0         0         0         0         0
       5/9      4.8G  0.008719   0.01048   0.01549   0.03469        12       640         0         0         0         0         0         0         0
       6/9      4.8G   0.00863    0.0103   0.01549   0.03441        12       640         0         0         0         0         0         0         0
       7/9      4.8G  0.008504   0.01001   0.01549     0.034        12       640         0         0         0         0         0         0         0
       8/9      4.8G  0.008404  0.009769   0.01549   0.03367        12       640         0         0         0         0         0         0         0
       9/9      4.8G  0.008304  0.009666   0.01549   0.03346        12       640   0.07447    0.2628   0.06405   0.02548   0.01089   0.00698     0.016
       0/9      4.8G   0.01301   0.01133   0.01621   0.04055        12       640         0         0         0         0         0         0         0
       1/9      4.8G  0.009641  0.007237   0.01609   0.03297        12       640         0         0         0         0         0         0         0
       2/9      4.8G  0.008848  0.006554   0.01605   0.03145        12       640         0         0         0         0         0         0         0
       3/9      4.8G   0.00836  0.006277   0.01603   0.03067        12       640         0         0         0         0         0         0         0
       4/9      4.8G  0.008124  0.006114   0.01602   0.03026        12       640         0         0         0         0         0         0         0
       5/9      4.8G  0.007956  0.006051   0.01602   0.03003        12       640         0         0         0         0         0         0         0
       6/9      4.8G  0.007762  0.006037   0.01601   0.02981        12       640         0         0         0         0         0         0         0
       7/9      4.8G  0.007646  0.006011     0.016   0.02966        12       640         0         0         0         0         0         0         0
       8/9      4.8G  0.007528  0.005986     0.016   0.02951        12       640         0         0         0         0         0         0         0
       9/9      4.8G  0.007457  0.005955     0.016   0.02941        12       640   0.01221    0.9995   0.05943   0.01662  0.009358  0.004554   0.01655
       0/9      4.8G   0.01066   0.01526   0.01601   0.04193        12       640         0         0         0         0         0         0         0
       1/9      4.8G  0.007527   0.01166   0.01579   0.03498        12       640         0         0         0         0         0         0         0
       2/9      4.8G   0.00702   0.01103   0.01574   0.03379        12       640         0         0         0         0         0         0         0
       3/9      4.8G  0.006784   0.01072   0.01572   0.03323        12       640         0         0         0         0         0         0         0
       4/9      4.8G   0.00659   0.01048   0.01571   0.03278        12       640         0         0         0         0         0         0         0
       5/9      4.8G  0.006456   0.01021   0.01571   0.03237        12       640         0         0         0         0         0         0         0
       6/9      4.8G  0.006357  0.009661    0.0157   0.03172        12       640         0         0         0         0         0         0         0
       7/9      4.8G  0.006269  0.009291    0.0157   0.03126        12       640         0         0         0         0         0         0         0
       8/9      4.8G  0.006169  0.009092   0.01569   0.03095        12       640         0         0         0         0         0         0         0
       9/9      4.8G   0.00612  0.008908   0.01569   0.03072        12       640   0.09241    0.4246    0.0889    0.0408  0.008219  0.006649   0.01624
       0/9      4.8G   0.01299   0.01628     0.018   0.04728        12       640         0         0         0         0         0         0         0
       1/9      4.8G  0.009256   0.01227    0.0177   0.03923        12       640         0         0         0         0         0         0         0
       2/9      4.8G   0.00869    0.0114   0.01761   0.03769        12       640         0         0         0         0         0         0         0
       3/9      4.8G  0.008279   0.01104   0.01758   0.03689        12       640         0         0         0         0         0         0         0
       4/9      4.8G  0.007979   0.01082   0.01756   0.03636        12       640         0         0         0         0         0         0         0
       5/9      4.8G   0.00779   0.01071   0.01754   0.03604        12       640         0         0         0         0         0         0         0
       6/9      4.8G   0.00768   0.01061   0.01754   0.03583        12       640         0         0         0         0         0         0         0
       7/9      4.8G    0.0076   0.01045   0.01754   0.03559        12       640         0         0         0         0         0         0         0
       8/9      4.8G  0.007557   0.01023   0.01753   0.03532        12       640         0         0         0         0         0         0         0
       9/9      4.8G  0.007557   0.01001   0.01754    0.0351        12       640   0.07396    0.3576   0.06486   0.02428   0.01011   0.00715   0.01817
       0/9      4.8G   0.01111    0.0125   0.01437   0.03798        12       640         0         0         0         0         0         0         0
       1/9      4.8G  0.008303  0.009717   0.01418    0.0322        12       640         0         0         0         0         0         0         0
       2/9      4.8G  0.007836  0.009329   0.01416   0.03133        12       640         0         0         0         0         0         0         0
       3/9      4.8G  0.007542  0.009158   0.01415   0.03085        12       640         0         0         0         0         0         0         0
       4/9      4.8G  0.007363  0.009063   0.01414   0.03056        12       640         0         0         0         0         0         0         0
       5/9      4.8G  0.007246  0.009005   0.01413   0.03039        12       640         0         0         0         0         0         0         0
       6/9      4.8G   0.00717  0.008922   0.01413   0.03022        12       640         0         0         0         0         0         0         0
       7/9      4.8G  0.007117  0.008812   0.01413   0.03006        12       640         0         0         0         0         0         0         0
       8/9      4.8G  0.007062  0.008654   0.01413   0.02984        12       640         0         0         0         0         0         0         0
       9/9      4.8G  0.007047  0.008502   0.01413   0.02968        12       640   0.05328    0.7666   0.07091   0.02575  0.009485  0.006054   0.01462
       0/9      4.8G   0.01068   0.01553   0.01584   0.04205        12       640         0         0         0         0         0         0         0
       1/9      4.8G  0.007607    0.0119   0.01564   0.03515        12       640         0         0         0         0         0         0         0
       2/9      4.8G  0.007144   0.01127    0.0156   0.03401        12       640         0         0         0         0         0         0         0
       3/9      4.8G  0.006855   0.01099   0.01558   0.03342        12       640         0         0         0         0         0         0         0
       4/9      4.8G  0.006679   0.01081   0.01557   0.03305        12       640         0         0         0         0         0         0         0
       5/9      4.8G  0.006544    0.0107   0.01556   0.03281        12       640         0         0         0         0         0         0         0
       6/9      4.8G  0.006451   0.01047   0.01557   0.03249        12       640         0         0         0         0         0         0         0
       7/9      4.8G  0.006386  0.009923   0.01557   0.03188        12       640         0         0         0         0         0         0         0
       8/9      4.8G  0.006332  0.009684   0.01557   0.03158        12       640         0         0         0         0         0         0         0
       9/9      4.8G  0.006288   0.00955   0.01556    0.0314        12       640   0.07558    0.3209   0.07157   0.02834   0.00847  0.006996   0.01612
       0/9      4.8G   0.01123   0.01536   0.01524   0.04183        12       640         0         0         0         0         0         0         0
       1/9      4.8G  0.007655   0.01139   0.01503   0.03408        12       640         0         0         0         0         0         0         0
       2/9      4.8G  0.007188   0.01044   0.01495   0.03258        12       640         0         0         0         0         0         0         0
       3/9      4.8G  0.006915   0.01002   0.01492   0.03186        12       640         0         0         0         0         0         0         0
       4/9      4.8G  0.006645  0.009794   0.01491   0.03135        12       640         0         0         0         0         0         0         0
       5/9      4.8G  0.006467  0.009668    0.0149   0.03103        12       640         0         0         0         0         0         0         0
       6/9      4.8G  0.006304  0.009566    0.0149   0.03077        12       640         0         0         0         0         0         0         0
       7/9      4.8G  0.006167  0.009361   0.01489   0.03042        12       640         0         0         0         0         0         0         0
       8/9      4.8G  0.006127  0.009083   0.01489    0.0301        12       640         0         0         0         0         0         0         0
       9/9      4.8G  0.006078  0.008853   0.01489   0.02983        12       640   0.08876    0.3209   0.08101   0.02953  0.007762  0.006595    0.0154
       0/9      4.8G   0.01084   0.01515   0.01688   0.04287        12       640         0         0         0         0         0         0         0
       1/9      4.8G  0.007579   0.01154   0.01658    0.0357        12       640         0         0         0         0         0         0         0
       2/9      4.8G  0.007059   0.01089    0.0165   0.03445        12       640         0         0         0         0         0         0         0
       3/9      4.8G  0.006793   0.01061   0.01648   0.03388        12       640         0         0         0         0         0         0         0
       4/9      4.8G  0.006608   0.01045   0.01649   0.03355        12       640         0         0         0         0         0         0         0
       5/9      4.8G  0.006418   0.01034   0.01646   0.03322        12       640         0         0         0         0         0         0         0
       6/9      4.8G  0.006325   0.01015   0.01646   0.03294        12       640         0         0         0         0         0         0         0
       7/9      4.8G  0.006263  0.009709   0.01646   0.03243        12       640         0         0         0         0         0         0         0
       8/9      4.8G  0.006192   0.00928   0.01646   0.03193        12       640         0         0         0         0         0         0         0
       9/9      4.8G  0.006108   0.00914   0.01645    0.0317        12       640   0.06996    0.4556   0.07222   0.03065  0.008189  0.006651   0.01702
       0/9      4.8G   0.01113   0.01613   0.01547   0.04272        12       640         0         0         0         0         0         0         0
       1/9      4.8G  0.007847    0.0123   0.01528   0.03543        12       640         0         0         0         0         0         0         0
       2/9      4.8G  0.007356   0.01155   0.01522   0.03412        12       640         0         0         0         0         0         0         0
       3/9      4.8G  0.006996   0.01119   0.01519   0.03338        12       640         0         0         0         0         0         0         0
       4/9      4.8G  0.006802     0.011   0.01519   0.03299        12       640         0         0         0         0         0         0         0
       5/9      4.8G  0.006703   0.01084   0.01518   0.03273        12       640         0         0         0         0         0         0         0
       6/9      4.8G  0.006562   0.01061   0.01518   0.03235        12       640         0         0         0         0         0         0         0
       7/9      4.8G  0.006503    0.0102   0.01518   0.03188        12       640         0         0         0         0         0         0         0
       8/9      4.8G  0.006469  0.009908   0.01518   0.03155        12       640         0         0         0         0         0         0         0
       9/9      4.8G  0.006429  0.009786   0.01517   0.03139        12       640    0.1093    0.2042   0.08201    0.0314  0.008586  0.007122    0.0157
       0/9      4.8G   0.01019   0.01535   0.01613   0.04168        12       640         0         0         0         0         0         0         0
       1/9      4.8G  0.007226   0.01178   0.01588   0.03489        12       640         0         0         0         0         0         0         0
       2/9      4.8G  0.006751   0.01114   0.01581    0.0337        12       640         0         0         0         0         0         0         0
       3/9      4.8G   0.00642   0.01085   0.01579   0.03306        12       640         0         0         0         0         0         0         0
       4/9      4.8G  0.006312   0.01065   0.01578   0.03275        12       640         0         0         0         0         0         0         0
       5/9      4.8G  0.006173   0.01052   0.01578   0.03247        12       640         0         0         0         0         0         0         0
       6/9      4.8G  0.006068    0.0103   0.01578   0.03215        12       640         0         0         0         0         0         0         0
       7/9      4.8G  0.006004   0.00987   0.01578   0.03165        12       640         0         0         0         0         0         0         0
       8/9      4.8G  0.005977  0.009601   0.01578   0.03136        12       640         0         0         0         0         0         0         0
       9/9      4.8G  0.005904  0.009458   0.01577   0.03113        12       640    0.0873    0.2618   0.07342   0.03013  0.007915  0.007049   0.01632
       0/9      4.8G   0.01054   0.01502   0.01624    0.0418        12       640         0         0         0         0         0         0         0
       1/9      4.8G  0.007387   0.01133   0.01603   0.03476        12       640         0         0         0         0         0         0         0
       2/9      4.8G  0.006888   0.01063   0.01598    0.0335        12       640         0         0         0         0         0         0         0
       3/9      4.8G  0.006564   0.01032   0.01595   0.03283        12       640         0         0         0         0         0         0         0
       4/9      4.8G  0.006397   0.01012   0.01595   0.03247        12       640         0         0         0         0         0         0         0
       5/9      4.8G  0.006241  0.009963   0.01595   0.03215        12       640         0         0         0         0         0         0         0
       6/9      4.8G  0.006171  0.009672   0.01594   0.03178        12       640         0         0         0         0         0         0         0
       7/9      4.8G  0.006084  0.009176   0.01594    0.0312        12       640         0         0         0         0         0         0         0
       8/9      4.8G  0.006025  0.008891   0.01594   0.03085        12       640         0         0         0         0         0         0         0
       9/9      4.8G   0.00594  0.008741   0.01593   0.03061        12       640    0.0817    0.2976   0.07413   0.03115  0.008005  0.006451    0.0165
       0/9      4.8G   0.01039   0.01635   0.01846    0.0452        12       640         0         0         0         0         0         0         0
       1/9      4.8G  0.007252   0.01273   0.01797   0.03795        12       640         0         0         0         0         0         0         0
       2/9      4.8G   0.00689   0.01198    0.0179   0.03677        12       640         0         0         0         0         0         0         0
       3/9      4.8G  0.006624   0.01165   0.01786   0.03613        12       640         0         0         0         0         0         0         0
       4/9      4.8G  0.006477    0.0115   0.01788   0.03586        12       640         0         0         0         0         0         0         0
       5/9      4.8G  0.006313   0.01139   0.01787   0.03557        12       640         0         0         0         0         0         0         0
       6/9      4.8G  0.006203   0.01115   0.01786   0.03521        12       640         0         0         0         0         0         0         0
       7/9      4.8G  0.006154   0.01066   0.01787   0.03468        12       640         0         0         0         0         0         0         0
       8/9      4.8G  0.006085   0.01027   0.01786   0.03421        12       640         0         0         0         0         0         0         0
       9/9      4.8G   0.00604    0.0101   0.01786     0.034        12       640   0.08518     0.223   0.07387   0.03049  0.008137  0.007435   0.01851
       0/9      4.8G   0.01027   0.01547   0.01628   0.04203        12       640         0         0         0         0         0         0         0
       1/9      4.8G   0.00747   0.01208   0.01607   0.03562        12       640         0         0         0         0         0         0         0
       2/9      4.8G   0.00701   0.01158   0.01602   0.03462        12       640         0         0         0         0         0         0         0
       3/9      4.8G  0.006738   0.01137   0.01601   0.03412        12       640         0         0         0         0         0         0         0
       4/9      4.8G  0.006561   0.01123   0.01599   0.03378        12       640         0         0         0         0         0         0         0
       5/9      4.8G  0.006437   0.01107   0.01598   0.03349        12       640         0         0         0         0         0         0         0
       6/9      4.8G  0.006368   0.01076   0.01598   0.03311        12       640         0         0         0         0         0         0         0
       7/9      4.8G  0.006319   0.01032   0.01599   0.03263        12       640         0         0         0         0         0         0         0
       8/9      4.8G  0.006263   0.01012   0.01598   0.03236        12       640         0         0         0         0         0         0         0
       9/9      4.8G  0.006225   0.00996   0.01598   0.03217        12       640   0.08595    0.2932   0.07399   0.02812  0.008345  0.007221   0.01653
       0/9      4.8G   0.01106   0.01477   0.01787   0.04371        12       640         0         0         0         0         0         0         0
       1/9      4.8G   0.00769   0.01073   0.01745   0.03587        12       640         0         0         0         0         0         0         0
       2/9      4.8G   0.00726  0.009869   0.01736   0.03449        12       640         0         0         0         0         0         0         0
       3/9      4.8G  0.006917   0.00952   0.01732   0.03376        12       640         0         0         0         0         0         0         0
       4/9      4.8G   0.00672  0.009334   0.01731   0.03336        12       640         0         0         0         0         0         0         0
       5/9      4.8G  0.006549   0.00923    0.0173   0.03308        12       640         0         0         0         0         0         0         0
       6/9      4.8G  0.006389  0.009163   0.01729   0.03284        12       640         0         0         0         0         0         0         0
       7/9      4.8G  0.006315  0.009047   0.01729   0.03265        12       640         0         0         0         0         0         0         0
       8/9      4.8G   0.00627  0.008861   0.01729   0.03242        12       640         0         0         0         0         0         0         0
       9/9      4.8G  0.006231   0.00867   0.01729   0.03219        12       640   0.06015    0.6812   0.07402   0.02639  0.008258  0.006191    0.0179
       0/9      4.8G  0.009846   0.01326   0.01692   0.04003        12       640         0         0         0         0         0         0         0
       1/9      4.8G  0.006638  0.009778   0.01669    0.0331        12       640         0         0         0         0         0         0         0
       2/9      4.8G  0.006247  0.009063   0.01662   0.03193        12       640         0         0         0         0         0         0         0
       3/9      4.8G   0.00602  0.008758   0.01662    0.0314        12       640         0         0         0         0         0         0         0
       4/9      4.8G  0.005824  0.008555    0.0166   0.03098        12       640         0         0         0         0         0         0         0
       5/9      4.8G  0.005656  0.008384   0.01659   0.03062        12       640         0         0         0         0         0         0         0
       6/9      4.8G  0.005552  0.008052   0.01658   0.03019        12       640         0         0         0         0         0         0         0
       7/9      4.8G  0.005492  0.007587   0.01658   0.02966        12       640         0         0         0         0         0         0         0
       8/9      4.8G  0.005375    0.0074   0.01658   0.02935        12       640         0         0         0         0         0         0         0
       9/9      4.8G  0.005292  0.007203   0.01657   0.02907        12       640   0.09084    0.4178   0.08435   0.03854  0.007003  0.005163   0.01717
       0/9      4.8G  0.009911   0.01509   0.01554   0.04053        12       640         0         0         0         0         0         0         0
       1/9      4.8G   0.00708   0.01168   0.01536   0.03412        12       640         0         0         0         0         0         0         0
       2/9      4.8G  0.006645   0.01113   0.01533    0.0331        12       640         0         0         0         0         0         0         0
       3/9      4.8G  0.006397   0.01088   0.01532   0.03259        12       640         0         0         0         0         0         0         0
       4/9      4.8G  0.006218   0.01073    0.0153   0.03225        12       640         0         0         0         0         0         0         0
       5/9      4.8G  0.006106   0.01063    0.0153   0.03204        12       640         0         0         0         0         0         0         0
       6/9      4.8G   0.00603   0.01038    0.0153   0.03171        12       640         0         0         0         0         0         0         0
       7/9      4.8G   0.00597  0.009916    0.0153   0.03119        12       640         0         0         0         0         0         0         0
       8/9      4.8G  0.005919  0.009663    0.0153   0.03088        12       640         0         0         0         0         0         0         0
       9/9      4.8G  0.005878  0.009506    0.0153   0.03068        12       640   0.08343    0.3136   0.07472   0.02962  0.007833  0.006957   0.01581
       0/9      4.8G   0.01075   0.01577   0.01509    0.0416        12       640         0         0         0         0         0         0         0
       1/9      4.8G  0.007423   0.01204   0.01495   0.03441        12       640         0         0         0         0         0         0         0
       2/9      4.8G  0.007034   0.01127   0.01491   0.03321        12       640         0         0         0         0         0         0         0
       3/9      4.8G  0.006707   0.01098   0.01488   0.03257        12       640         0         0         0         0         0         0         0
       4/9      4.8G  0.006587    0.0108   0.01487   0.03227        12       640         0         0         0         0         0         0         0
       5/9      4.8G  0.006458   0.01072   0.01487   0.03204        12       640         0         0         0         0         0         0         0
       6/9      4.8G  0.006391   0.01066   0.01486   0.03191        12       640         0         0         0         0         0         0         0
       7/9      4.8G  0.006313    0.0106   0.01485   0.03176        12       640         0         0         0         0         0         0         0
       8/9      4.8G   0.00629   0.01052   0.01486   0.03167        12       640         0         0         0         0         0         0         0
       9/9      4.8G  0.006264   0.01042   0.01485   0.03154        12       640   0.04101    0.8515   0.05626   0.01708  0.007965   0.00744   0.01528
       0/9      4.8G   0.01031   0.01394   0.01697   0.04122        12       640         0         0         0         0         0         0         0
       1/9      4.8G  0.007416   0.01106   0.01668   0.03516        12       640         0         0         0         0         0         0         0
       2/9      4.8G  0.006996   0.01062   0.01665   0.03426        12       640         0         0         0         0         0         0         0
       3/9      4.8G  0.006758   0.01043   0.01664   0.03383        12       640         0         0         0         0         0         0         0
       4/9      4.8G  0.006617   0.01031   0.01663   0.03355        12       640         0         0         0         0         0         0         0
       5/9      4.8G  0.006538   0.01021   0.01663   0.03338        12       640         0         0         0         0         0         0         0
       6/9      4.8G  0.006479   0.01012   0.01662   0.03322        12       640         0         0         0         0         0         0         0
       7/9      4.8G  0.006433  0.009941   0.01663     0.033        12       640         0         0         0         0         0         0         0
       8/9      4.8G  0.006404  0.009717   0.01662   0.03274        12       640         0         0         0         0         0         0         0
       9/9      4.8G   0.00638  0.009545   0.01663   0.03255        12       640   0.08826     0.234   0.07236   0.02619  0.008551  0.006887   0.01722
       0/9      4.8G   0.01053   0.01487   0.01603   0.04144        12       640         0         0         0         0         0         0         0
       1/9      4.8G  0.007609    0.0113   0.01582   0.03473        12       640         0         0         0         0         0         0         0
       2/9      4.8G   0.00713   0.01065   0.01577   0.03355        12       640         0         0         0         0         0         0         0
       3/9      4.8G  0.006801   0.01039   0.01574   0.03293        12       640         0         0         0         0         0         0         0
       4/9      4.8G  0.006607   0.01023   0.01574   0.03257        12       640         0         0         0         0         0         0         0
       5/9      4.8G   0.00646   0.01013   0.01573   0.03231        12       640         0         0         0         0         0         0         0
       6/9      4.8G  0.006381  0.009952   0.01572   0.03205        12       640         0         0         0         0         0         0         0
       7/9      4.8G  0.006297  0.009601   0.01572   0.03162        12       640         0         0         0         0         0         0         0
       8/9      4.8G  0.006262  0.009293   0.01573   0.03128        12       640         0         0         0         0         0         0         0
       9/9      4.8G  0.006222  0.009136   0.01572   0.03108        12       640   0.07805    0.3121   0.06915   0.02837  0.008285  0.006695   0.01627
       0/9      4.8G  0.009456   0.01017   0.01534   0.03497        12       640         0         0         0         0         0         0         0
       1/9      4.8G  0.006819  0.007415   0.01509   0.02933        12       640         0         0         0         0         0         0         0
       2/9      4.8G  0.006333  0.006998   0.01504   0.02837        12       640         0         0         0         0         0         0         0
       3/9      4.8G  0.006128  0.006797   0.01503   0.02796        12       640         0         0         0         0         0         0         0
       4/9      4.8G  0.006006  0.006694   0.01502   0.02772        12       640         0         0         0         0         0         0         0
       5/9      4.8G  0.005909  0.006621   0.01503   0.02756        12       640         0         0         0         0         0         0         0
       6/9      4.8G  0.005835  0.006528   0.01502   0.02738        12       640         0         0         0         0         0         0         0
       7/9      4.8G  0.005767  0.006383   0.01502   0.02717        12       640         0         0         0         0         0         0         0
       8/9      4.8G  0.005746  0.006206   0.01502   0.02697        12       640         0         0         0         0         0         0         0
       9/9      4.8G  0.005707  0.006139   0.01502   0.02687        12       640   0.09986    0.2351   0.07604   0.02888  0.007714  0.004351   0.01555
       0/9      4.8G  0.009532   0.01125   0.02074   0.04152        12       640         0         0         0         0         0         0         0
       1/9      4.8G   0.00692  0.007908   0.02046   0.03529        12       640         0         0         0         0         0         0         0
       2/9      4.8G  0.006305  0.007465   0.02044   0.03421        12       640         0         0         0         0         0         0         0
       3/9      4.8G  0.005959  0.007273   0.02039   0.03362        12       640         0         0         0         0         0         0         0
       4/9      4.8G  0.005799  0.007161   0.02038   0.03334        12       640         0         0         0         0         0         0         0
       5/9      4.8G  0.005669  0.007109   0.02037   0.03315        12       640         0         0         0         0         0         0         0
       6/9      4.8G  0.005565  0.007066   0.02037     0.033        12       640         0         0         0         0         0         0         0
       7/9      4.8G  0.005488  0.006988   0.02035   0.03283        12       640         0         0         0         0         0         0         0
       8/9      4.8G  0.005452  0.006851   0.02035   0.03265        12       640         0         0         0         0         0         0         0
       9/9      4.8G  0.005423  0.006727   0.02034   0.03249        12       640   0.07772     0.145   0.06601    0.0241  0.006743  0.005095   0.02103
       0/9      4.8G  0.009832   0.01447   0.01566   0.03996        12       640         0         0         0         0         0         0         0
       1/9      4.8G  0.006783   0.01098   0.01538   0.03314        12       640         0         0         0         0         0         0         0
       2/9      4.8G  0.006381   0.01025   0.01531   0.03194        12       640         0         0         0         0         0         0         0
       3/9      4.8G  0.006127  0.009928   0.01529   0.03135        12       640         0         0         0         0         0         0         0
       4/9      4.8G  0.005929   0.00974   0.01528   0.03095        12       640         0         0         0         0         0         0         0
       5/9      4.8G  0.005783  0.009594   0.01528   0.03066        12       640         0         0         0         0         0         0         0
       6/9      4.8G  0.005675  0.009346   0.01528    0.0303        12       640         0         0         0         0         0         0         0
       7/9      4.8G  0.005615   0.00893   0.01528   0.02982        12       640         0         0         0         0         0         0         0
       8/9      4.8G   0.00557  0.008722   0.01527   0.02957        12       640         0         0         0         0         0         0         0
       9/9      4.8G  0.005527  0.008589   0.01527   0.02938        12       640   0.09622    0.2761   0.08004   0.03126  0.007359  0.006253   0.01581
       0/9      4.8G   0.01022   0.01543   0.01579   0.04144        12       640         0         0         0         0         0         0         0
       1/9      4.8G  0.007173   0.01178   0.01557   0.03453        12       640         0         0         0         0         0         0         0
       2/9      4.8G  0.006787   0.01112   0.01552   0.03343        12       640         0         0         0         0         0         0         0
       3/9      4.8G  0.006554   0.01084    0.0155    0.0329        12       640         0         0         0         0         0         0         0
       4/9      4.8G  0.006401   0.01067    0.0155   0.03257        12       640         0         0         0         0         0         0         0
       5/9      4.8G  0.006249   0.01054   0.01549   0.03228        12       640         0         0         0         0         0         0         0
       6/9      4.8G  0.006173   0.01026   0.01549   0.03193        12       640         0         0         0         0         0         0         0
       7/9      4.8G  0.006115    0.0098   0.01549   0.03141        12       640         0         0         0         0         0         0         0
       8/9      4.8G  0.006063  0.009582   0.01549   0.03113        12       640         0         0         0         0         0         0         0
       9/9      4.8G   0.00603   0.00946   0.01548   0.03097        12       640    0.0685    0.3408   0.06215   0.02545  0.008061  0.006941   0.01604
       0/9      4.8G   0.01021   0.01502   0.01598   0.04121        12       640         0         0         0         0         0         0         0
       1/9      4.8G  0.007258   0.01145   0.01575   0.03446        12       640         0         0         0         0         0         0         0
       2/9      4.8G   0.00682   0.01081   0.01571   0.03335        12       640         0         0         0         0         0         0         0
       3/9      4.8G  0.006505   0.01054   0.01569   0.03273        12       640         0         0         0         0         0         0         0
       4/9      4.8G   0.00633   0.01036   0.01568   0.03237        12       640         0         0         0         0         0         0         0
       5/9      4.8G  0.006249   0.01022   0.01568   0.03215        12       640         0         0         0         0         0         0         0
       6/9      4.8G  0.006159   0.01005   0.01568   0.03188        12       640         0         0         0         0         0         0         0
       7/9      4.8G   0.00612  0.009599   0.01568    0.0314        12       640         0         0         0         0         0         0         0
       8/9      4.8G   0.00606  0.009315   0.01567   0.03105        12       640         0         0         0         0         0         0         0
       9/9      4.8G   0.00601  0.009157   0.01567   0.03084        12       640    0.0824    0.3168   0.07377   0.02935  0.008106  0.006667   0.01621
       0/9      4.8G   0.01215   0.01413    0.0161   0.04238        12       640         0         0         0         0         0         0         0
       1/9      4.8G  0.008034   0.01074   0.01588   0.03465        12       640         0         0         0         0         0         0         0
       2/9      4.8G  0.007668  0.009732    0.0158    0.0332        12       640         0         0         0         0         0         0         0
       3/9      4.8G  0.007267  0.009285   0.01576   0.03231        12       640         0         0         0         0         0         0         0
       4/9      4.8G  0.006967  0.009033   0.01573   0.03173        12       640         0         0         0         0         0         0         0
       5/9      4.8G   0.00675  0.008921   0.01571   0.03138        12       640         0         0         0         0         0         0         0
       6/9      4.8G  0.006592  0.008859   0.01572   0.03117        12       640         0         0         0         0         0         0         0
       7/9      4.8G  0.006509  0.008787   0.01571   0.03101        12       640         0         0         0         0         0         0         0
       8/9      4.8G  0.006447  0.008728   0.01571   0.03088        12       640         0         0         0         0         0         0         0
       9/9      4.8G   0.00642  0.008662   0.01571   0.03079        12       640   0.02991    0.9759   0.07477    0.0202  0.008391  0.006325   0.01624
       0/9      4.8G   0.01074   0.01482   0.01578   0.04134        12       640         0         0         0         0         0         0         0
       1/9      4.8G  0.007671   0.01101   0.01561   0.03429        12       640         0         0         0         0         0         0         0
       2/9      4.8G  0.007129   0.01036   0.01554   0.03303        12       640         0         0         0         0         0         0         0
       3/9      4.8G  0.006793   0.01008   0.01552   0.03239        12       640         0         0         0         0         0         0         0
       4/9      4.8G  0.006574  0.009908   0.01549   0.03198        12       640         0         0         0         0         0         0         0
       5/9      4.8G  0.006456  0.009794    0.0155   0.03175        12       640         0         0         0         0         0         0         0
       6/9      4.8G  0.006358  0.009603    0.0155   0.03146        12       640         0         0         0         0         0         0         0
       7/9      4.8G  0.006303  0.009224   0.01549   0.03102        12       640         0         0         0         0         0         0         0
       8/9      4.8G  0.006229  0.008951    0.0155   0.03068        12       640         0         0         0         0         0         0         0
       9/9      4.8G  0.006178  0.008826   0.01549    0.0305        12       640   0.08263    0.2063   0.06706   0.02624  0.008299  0.006638   0.01601
       0/9      4.8G  0.008847   0.01281    0.0162   0.03786        12       640         0         0         0         0         0         0         0
       1/9      4.8G  0.006457   0.01014   0.01607   0.03266        12       640         0         0         0         0         0         0         0
       2/9      4.8G  0.006122  0.009799   0.01604   0.03196        12       640         0         0         0         0         0         0         0
       3/9      4.8G  0.005931  0.009653   0.01603   0.03161        12       640         0         0         0         0         0         0         0
       4/9      4.8G  0.005847  0.009548   0.01603   0.03142        12       640         0         0         0         0         0         0         0
       5/9      4.8G  0.005751  0.009447   0.01603   0.03122        12       640         0         0         0         0         0         0         0
       6/9      4.8G  0.005696  0.009275   0.01602   0.03099        12       640         0         0         0         0         0         0         0
       7/9      4.8G  0.005668  0.009017   0.01602    0.0307        12       640         0         0         0         0         0         0         0
       8/9      4.8G  0.005624  0.008837   0.01603   0.03049        12       640         0         0         0         0         0         0         0
       9/9      4.8G  0.005585  0.008712   0.01602   0.03032        12       640    0.0743    0.2419   0.06339   0.02468  0.007456  0.006238   0.01658
       0/9      4.8G   0.01052   0.01496   0.01578   0.04126        12       640         0         0         0         0         0         0         0
       1/9      4.8G  0.007536   0.01143   0.01558   0.03455        12       640         0         0         0         0         0         0         0
       2/9      4.8G  0.007092   0.01082   0.01554   0.03345        12       640         0         0         0         0         0         0         0
       3/9      4.8G  0.006806   0.01054   0.01552   0.03286        12       640         0         0         0         0         0         0         0
       4/9      4.8G  0.006667   0.01036   0.01551   0.03254        12       640         0         0         0         0         0         0         0
       5/9      4.8G  0.006554   0.01021   0.01551   0.03227        12       640         0         0         0         0         0         0         0
       6/9      4.8G  0.006408  0.009959   0.01551   0.03187        12       640         0         0         0         0         0         0         0
       7/9      4.8G  0.006364  0.009448   0.01551   0.03132        12       640         0         0         0         0         0         0         0
       8/9      4.8G  0.006302  0.009218    0.0155   0.03102        12       640         0         0         0         0         0         0         0
       9/9      4.8G  0.006232  0.009087    0.0155   0.03082        12       640   0.08627    0.2335   0.07035   0.03008  0.008313  0.006692   0.01603
       0/9      4.8G   0.01108    0.0114   0.01293   0.03541        12       640         0         0         0         0         0         0         0
       1/9      4.8G  0.007869  0.008032   0.01282   0.02872        12       640         0         0         0         0         0         0         0
       2/9      4.8G  0.007388  0.007386    0.0128   0.02757        12       640         0         0         0         0         0         0         0
       3/9      4.8G  0.007035  0.007125   0.01277   0.02693        12       640         0         0         0         0         0         0         0
       4/9      4.8G  0.006763  0.006974   0.01276    0.0265        12       640         0         0         0         0         0         0         0
       5/9      4.8G  0.006628  0.006893   0.01275   0.02627        12       640         0         0         0         0         0         0         0
       6/9      4.8G  0.006506  0.006849   0.01275   0.02611        12       640         0         0         0         0         0         0         0
       7/9      4.8G  0.006445  0.006785   0.01275   0.02598        12       640         0         0         0         0         0         0         0
       8/9      4.8G  0.006394  0.006718   0.01275   0.02586        12       640         0         0         0         0         0         0         0
       9/9      4.8G  0.006335  0.006641   0.01275   0.02572        12       640   0.09027    0.2272   0.07526   0.02532  0.008451  0.004851   0.01319
       0/9      4.8G   0.01072   0.01627   0.01597   0.04296        12       640         0         0         0         0         0         0         0
       1/9      4.8G  0.007652    0.0127   0.01577   0.03612        12       640         0         0         0         0         0         0         0
       2/9      4.8G  0.007119   0.01209   0.01572   0.03493        12       640         0         0         0         0         0         0         0
       3/9      4.8G  0.006825   0.01181    0.0157   0.03433        12       640         0         0         0         0         0         0         0
       4/9      4.8G  0.006678   0.01161    0.0157   0.03398        12       640         0         0         0         0         0         0         0
       5/9      4.8G  0.006579   0.01139   0.01569   0.03365        12       640         0         0         0         0         0         0         0
       6/9      4.8G  0.006489   0.01083   0.01569   0.03301        12       640         0         0         0         0         0         0         0
       7/9      4.8G  0.006414   0.01032   0.01568   0.03242        12       640         0         0         0         0         0         0         0
       8/9      4.8G  0.006317   0.01002   0.01568   0.03201        12       640         0         0         0         0         0         0         0
       9/9      4.8G  0.006253  0.009793   0.01567   0.03172        12       640   0.09345    0.2994   0.08223   0.03912  0.008331  0.007184    0.0162
       0/9      4.8G   0.01146    0.0161   0.01628   0.04384        12       640         0         0         0         0         0         0         0
       1/9      4.8G  0.007773   0.01205   0.01604   0.03586        12       640         0         0         0         0         0         0         0
       2/9      4.8G  0.007373   0.01117   0.01597   0.03452        12       640         0         0         0         0         0         0         0
       3/9      4.8G  0.006918   0.01082   0.01592   0.03366        12       640         0         0         0         0         0         0         0
       4/9      4.8G  0.006662    0.0106    0.0159   0.03316        12       640         0         0         0         0         0         0         0
       5/9      4.8G  0.006482   0.01044   0.01589   0.03282        12       640         0         0         0         0         0         0         0
       6/9      4.8G  0.006368   0.01018   0.01589   0.03244        12       640         0         0         0         0         0         0         0
       7/9      4.8G  0.006249  0.009567   0.01589   0.03171        12       640         0         0         0         0         0         0         0
       8/9      4.8G  0.006148  0.009118   0.01589   0.03115        12       640         0         0         0         0         0         0         0
       9/9      4.8G  0.005972  0.008856   0.01587    0.0307        12       640    0.1166    0.2445   0.09112   0.04092   0.00797   0.00658   0.01644
       0/9      4.8G   0.01137   0.01599   0.01628   0.04364        12       640         0         0         0         0         0         0         0
       1/9      4.8G  0.007623   0.01204   0.01602   0.03568        12       640         0         0         0         0         0         0         0
       2/9      4.8G  0.007172   0.01113   0.01594   0.03424        12       640         0         0         0         0         0         0         0
       3/9      4.8G  0.006856   0.01073   0.01592   0.03351        12       640         0         0         0         0         0         0         0
       4/9      4.8G  0.006604    0.0105    0.0159   0.03301        12       640         0         0         0         0         0         0         0
       5/9      4.8G  0.006457   0.01029    0.0159   0.03265        12       640         0         0         0         0         0         0         0
       6/9      4.8G   0.00631  0.009759    0.0159   0.03197        12       640         0         0         0         0         0         0         0
       7/9      4.8G  0.006197  0.009246    0.0159   0.03134        12       640         0         0         0         0         0         0         0
       8/9      4.8G   0.00608  0.008983   0.01589   0.03095        12       640         0         0         0         0         0         0         0
       9/9      4.8G  0.005961  0.008688   0.01588   0.03053        12       640    0.1066    0.4838    0.1052   0.04761  0.007956  0.006347   0.01645
       0/9      4.8G   0.01172   0.01513   0.01733   0.04419        12       640         0         0         0         0         0         0         0
       1/9      4.8G  0.008723   0.01183   0.01708   0.03764        12       640         0         0         0         0         0         0         0
       2/9      4.8G   0.00819    0.0111   0.01695   0.03624        12       640         0         0         0         0         0         0         0
       3/9      4.8G  0.007837   0.01077   0.01689    0.0355        12       640         0         0         0         0         0         0         0
       4/9      4.8G  0.007468   0.01059   0.01686   0.03492        12       640         0         0         0         0         0         0         0
       5/9      4.8G  0.007249   0.01045   0.01684   0.03454        12       640         0         0         0         0         0         0         0
       6/9      4.8G  0.007131   0.01031   0.01684   0.03428        12       640         0         0         0         0         0         0         0
       7/9      4.8G  0.007095   0.01011   0.01683   0.03404        12       640         0         0         0         0         0         0         0
       8/9      4.8G  0.006964  0.009802   0.01682   0.03359        12       640         0         0         0         0         0         0         0
       9/9      4.8G  0.006921  0.009626   0.01682   0.03337        12       640     0.077    0.3068   0.06896   0.02628   0.01024  0.007164   0.01847
       0/9      4.8G   0.03916   0.01048   0.02837   0.07802        12       640         0         0         0         0         0         0         0
       1/9      4.8G    0.0273  0.007744   0.02775   0.06279        12       640         0         0         0         0         0         0         0
       2/9      4.8G   0.02525  0.006895   0.02744   0.05959        12       640         0         0         0         0         0         0         0
       3/9      4.8G    0.0244  0.006509   0.02736   0.05827        12       640         0         0         0         0         0         0         0
       4/9      4.8G    0.0238  0.006317   0.02733   0.05744        12       640         0         0         0         0         0         0         0
       5/9      4.8G    0.0234  0.006222   0.02723   0.05684        12       640         0         0         0         0         0         0         0
       6/9      4.8G   0.02313  0.006192   0.02727   0.05659        12       640         0         0         0         0         0         0         0
       7/9      4.8G   0.02316   0.00616   0.02734   0.05665        12       640         0         0         0         0         0         0         0
       8/9      4.8G   0.02302  0.006136    0.0272   0.05635        12       640         0         0         0         0         0         0         0
       9/9      4.8G   0.02285  0.006076   0.02716   0.05609        12       640   0.04092    0.8047   0.05173   0.01181   0.03028  0.004649   0.03201
       0/9      4.8G  0.008729   0.01472   0.01268   0.03613        12       640         0         0         0         0         0         0         0
       1/9      4.8G  0.005517   0.01121    0.0126   0.02932        12       640         0         0         0         0         0         0         0
       2/9      4.8G  0.005282   0.01032   0.01256   0.02816        12       640         0         0         0         0         0         0         0
       3/9      4.8G  0.004946  0.009945   0.01254   0.02743        12       640         0         0         0         0         0         0         0
       4/9      4.8G  0.004769  0.009695   0.01252   0.02698        12       640         0         0         0         0         0         0         0
       5/9      4.8G  0.004621  0.009498   0.01251   0.02663        12       640         0         0         0         0         0         0         0
       6/9      4.8G  0.004504  0.009015   0.01251   0.02603        12       640         0         0         0         0         0         0         0
       7/9      4.8G   0.00444  0.008504   0.01251   0.02545        12       640         0         0         0         0         0         0         0
       8/9      4.8G   0.00437  0.008177    0.0125   0.02505        12       640         0         0         0         0         0         0         0
       9/9      4.8G   0.00431  0.007774    0.0125   0.02458        12       640    0.1213    0.3597     0.111   0.05468  0.005741  0.005628   0.01294
       0/9      4.8G  0.008917   0.01494   0.01241   0.03626        12       640         0         0         0         0         0         0         0
       1/9      4.8G  0.005509   0.01137   0.01235   0.02923        12       640         0         0         0         0         0         0         0
       2/9      4.8G   0.00522   0.01044    0.0123   0.02796        12       640         0         0         0         0         0         0         0
       3/9      4.8G     0.005   0.01004   0.01229   0.02734        12       640         0         0         0         0         0         0         0
       4/9      4.8G  0.004807  0.009814   0.01228    0.0269        12       640         0         0         0         0         0         0         0
       5/9      4.8G  0.004634  0.009627   0.01227   0.02653        12       640         0         0         0         0         0         0         0
       6/9      4.8G   0.00452  0.009235   0.01226   0.02602        12       640         0         0         0         0         0         0         0
       7/9      4.8G  0.004443  0.008669   0.01227   0.02538        12       640         0         0         0         0         0         0         0
       8/9      4.8G  0.004382  0.008409   0.01226   0.02505        12       640         0         0         0         0         0         0         0
       9/9      4.8G   0.00432  0.008187   0.01225   0.02476        12       640    0.1122    0.2594    0.0948   0.04202  0.005789  0.006026   0.01268
       0/9      4.8G   0.01192   0.01616   0.01458   0.04267        12       640         0         0         0         0         0         0         0
       1/9      4.8G  0.007887   0.01281    0.0144    0.0351        12       640         0         0         0         0         0         0         0
       2/9      4.8G  0.007388   0.01191   0.01431    0.0336        12       640         0         0         0         0         0         0         0
       3/9      4.8G  0.007085   0.01149   0.01427   0.03285        12       640         0         0         0         0         0         0         0
       4/9      4.8G  0.006851   0.01124   0.01426   0.03235        12       640         0         0         0         0         0         0         0
       5/9      4.8G  0.006686   0.01109   0.01425   0.03202        12       640         0         0         0         0         0         0         0
       6/9      4.8G   0.00655    0.0108   0.01425    0.0316        12       640         0         0         0         0         0         0         0
       7/9      4.8G   0.00644   0.01014   0.01425   0.03083        12       640         0         0         0         0         0         0         0
       8/9      4.8G  0.006351  0.009779   0.01424   0.03037        12       640         0         0         0         0         0         0         0
       9/9      4.8G   0.00623  0.009426   0.01422   0.02988        12       640    0.1004    0.3516   0.08999   0.03576  0.008192  0.006914   0.01474
       0/9      4.8G   0.00881   0.01443   0.01459   0.03783        12       640         0         0         0         0         0         0         0
       1/9      4.8G  0.005313   0.01103   0.01446    0.0308        12       640         0         0         0         0         0         0         0
       2/9      4.8G  0.005085   0.01006    0.0144   0.02955        12       640         0         0         0         0         0         0         0
       3/9      4.8G  0.004835  0.009655   0.01437   0.02886        12       640         0         0         0         0         0         0         0
       4/9      4.8G  0.004597  0.009424   0.01435   0.02837        12       640         0         0         0         0         0         0         0
       5/9      4.8G  0.004449  0.009277   0.01433   0.02806        12       640         0         0         0         0         0         0         0
       6/9      4.8G  0.004339   0.00914   0.01433   0.02781        12       640         0         0         0         0         0         0         0
       7/9      4.8G  0.004306  0.008762   0.01433    0.0274        12       640         0         0         0         0         0         0         0
       8/9      4.8G  0.004252    0.0084   0.01433   0.02698        12       640         0         0         0         0         0         0         0
       9/9      4.8G  0.004212  0.008233   0.01432   0.02676        12       640   0.09514     0.278   0.07786   0.02916  0.005591    0.0061   0.01481
       0/9      4.8G  0.008743   0.01473   0.01254   0.03601        12       640         0         0         0         0         0         0         0
       1/9      4.8G  0.005479    0.0112   0.01246   0.02914        12       640         0         0         0         0         0         0         0
       2/9      4.8G  0.005177   0.01033   0.01242   0.02793        12       640         0         0         0         0         0         0         0
       3/9      4.8G  0.004911  0.009939    0.0124   0.02725        12       640         0         0         0         0         0         0         0
       4/9      4.8G  0.004673  0.009705   0.01239   0.02676        12       640         0         0         0         0         0         0         0
       5/9      4.8G  0.004588  0.009547   0.01238   0.02652        12       640         0         0         0         0         0         0         0
       6/9      4.8G  0.004467  0.009238   0.01239   0.02609        12       640         0         0         0         0         0         0         0
       7/9      4.8G  0.004407  0.008642   0.01238   0.02543        12       640         0         0         0         0         0         0         0
       8/9      4.8G  0.004347  0.008316   0.01237   0.02504        12       640         0         0         0         0         0         0         0
       9/9      4.8G  0.004295  0.008031   0.01237   0.02469        12       640    0.1171     0.406    0.1083    0.0504  0.005759  0.005866    0.0128
       0/9      4.8G  0.008551    0.0146   0.01273   0.03588        12       640         0         0         0         0         0         0         0
       1/9      4.8G    0.0054   0.01115   0.01265   0.02919        12       640         0         0         0         0         0         0         0
       2/9      4.8G  0.005115   0.01029    0.0126     0.028        12       640         0         0         0         0         0         0         0
       3/9      4.8G  0.004874  0.009919   0.01258   0.02737        12       640         0         0         0         0         0         0         0
       4/9      4.8G  0.004681  0.009703   0.01257   0.02695        12       640         0         0         0         0         0         0         0
       5/9      4.8G  0.004519  0.009513   0.01256   0.02659        12       640         0         0         0         0         0         0         0
       6/9      4.8G  0.004414  0.009078   0.01256   0.02605        12       640         0         0         0         0         0         0         0
       7/9      4.8G   0.00435  0.008604   0.01256   0.02551        12       640         0         0         0         0         0         0         0
       8/9      4.8G  0.004265  0.008274   0.01255   0.02509        12       640         0         0         0         0         0         0         0
       9/9      4.8G  0.004217   0.00789   0.01255   0.02465        12       640    0.1436    0.4461    0.1359   0.06046  0.005597  0.005776   0.01299
       0/9      4.8G  0.008152    0.0148    0.0139   0.03685        12       640         0         0         0         0         0         0         0
       1/9      4.8G  0.005001   0.01137   0.01372    0.0301        12       640         0         0         0         0         0         0         0
       2/9      4.8G  0.004761   0.01051   0.01366   0.02893        12       640         0         0         0         0         0         0         0
       3/9      4.8G   0.00453   0.01013   0.01364    0.0283        12       640         0         0         0         0         0         0         0
       4/9      4.8G  0.004366  0.009911   0.01362   0.02789        12       640         0         0         0         0         0         0         0
       5/9      4.8G  0.004217    0.0097   0.01361   0.02753        12       640         0         0         0         0         0         0         0
       6/9      4.8G  0.004137  0.009145   0.01362    0.0269        12       640         0         0         0         0         0         0         0
       7/9      4.8G  0.004067  0.008642   0.01361   0.02632        12       640         0         0         0         0         0         0         0
       8/9      4.8G  0.004013  0.008265    0.0136   0.02588        12       640         0         0         0         0         0         0         0
       9/9      4.8G  0.003971  0.007644    0.0136   0.02522        12       640    0.1639    0.4406    0.1531   0.07953  0.005239  0.005787   0.01411
       0/9      4.8G   0.00657   0.01254   0.01071   0.02982        12       640         0         0         0         0         0         0         0
       1/9      4.8G  0.003887  0.008868   0.01051   0.02326        12       640         0         0         0         0         0         0         0
       2/9      4.8G  0.003622  0.008055   0.01041   0.02209        12       640         0         0         0         0         0         0         0
       3/9      4.8G  0.003433  0.007707   0.01037   0.02151        12       640         0         0         0         0         0         0         0
       4/9      4.8G  0.003274  0.007499   0.01035   0.02112        12       640         0         0         0         0         0         0         0
       5/9      4.8G  0.003174  0.007329   0.01034   0.02084        12       640         0         0         0         0         0         0         0
       6/9      4.8G  0.003087   0.00696   0.01033   0.02038        12       640         0         0         0         0         0         0         0
       7/9      4.8G  0.003051  0.006602   0.01033   0.01998        12       640         0         0         0         0         0         0         0
       8/9      4.8G  0.003005  0.006382   0.01033   0.01971        12       640         0         0         0         0         0         0         0
       9/9      4.8G  0.002947  0.006146   0.01032   0.01941        12       640    0.1263    0.3372    0.1132   0.05456  0.003969  0.004504    0.0107
       0/9      4.8G  0.007889   0.01512   0.01439    0.0374        12       640         0         0         0         0         0         0         0
       1/9      4.8G  0.004829   0.01161   0.01421   0.03066        12       640         0         0         0         0         0         0         0
       2/9      4.8G  0.004566   0.01077   0.01414   0.02948        12       640         0         0         0         0         0         0         0
       3/9      4.8G  0.004354   0.01039   0.01412   0.02887        12       640         0         0         0         0         0         0         0
       4/9      4.8G    0.0042   0.01018    0.0141   0.02848        12       640         0         0         0         0         0         0         0
       5/9      4.8G  0.004073   0.01001    0.0141   0.02818        12       640         0         0         0         0         0         0         0
       6/9      4.8G  0.003989  0.009589    0.0141   0.02768        12       640         0         0         0         0         0         0         0
       7/9      4.8G  0.003906  0.009071    0.0141   0.02707        12       640         0         0         0         0         0         0         0
       8/9      4.8G   0.00384  0.008805   0.01409   0.02673        12       640         0         0         0         0         0         0         0
       9/9      4.8G  0.003801  0.008504   0.01408   0.02639        12       640     0.106    0.3958    0.1004   0.04616  0.005036  0.006327   0.01458
       0/9      4.8G  0.007996   0.01528   0.01393    0.0372        12       640         0         0         0         0         0         0         0
       1/9      4.8G  0.004896   0.01188   0.01375   0.03052        12       640         0         0         0         0         0         0         0
       2/9      4.8G  0.004665   0.01101   0.01368   0.02935        12       640         0         0         0         0         0         0         0
       3/9      4.8G  0.004449   0.01064   0.01366   0.02875        12       640         0         0         0         0         0         0         0
       4/9      4.8G  0.004277   0.01039   0.01363    0.0283        12       640         0         0         0         0         0         0         0
       5/9      4.8G  0.004142   0.01014   0.01363   0.02791        12       640         0         0         0         0         0         0         0
       6/9      4.8G   0.00405  0.009508   0.01363   0.02719        12       640         0         0         0         0         0         0         0
       7/9      4.8G  0.003959  0.008952   0.01362   0.02653        12       640         0         0         0         0         0         0         0
       8/9      4.8G  0.003891  0.008342   0.01362   0.02585        12       640         0         0         0         0         0         0         0
       9/9      4.8G  0.003733  0.007383   0.01362   0.02473        12       640    0.1628     0.512     0.163   0.09679   0.00479  0.005947   0.01412
       0/9      4.8G  0.009108   0.02216  0.008398   0.03967        12       640         0         0         0         0         0         0         0
       1/9      4.8G   0.00516   0.01786  0.008393   0.03141        12       640         0         0         0         0         0         0         0
       2/9      4.8G  0.005002   0.01663  0.008385   0.03002        12       640         0         0         0         0         0         0         0
       3/9      4.8G  0.004779   0.01615  0.008375    0.0293        12       640         0         0         0         0         0         0         0
       4/9      4.8G   0.00461   0.01587  0.008371   0.02885        12       640         0         0         0         0         0         0         0
       5/9      4.8G  0.004494   0.01569  0.008368   0.02856        12       640         0         0         0         0         0         0         0
       6/9      4.8G  0.004421   0.01552  0.008362    0.0283        12       640         0         0         0         0         0         0         0
       7/9      4.8G  0.004379   0.01527  0.008363   0.02801        12       640         0         0         0         0         0         0         0
       8/9      4.8G  0.004378   0.01496  0.008366    0.0277        12       640         0         0         0         0         0         0         0
       9/9      4.8G  0.004351   0.01467  0.008369   0.02739        12       640    0.0735    0.5045   0.07581   0.02629  0.005851   0.01073  0.008782
       0/9      4.8G   0.00812    0.0143   0.01531   0.03773        12       640         0         0         0         0         0         0         0
       1/9      4.8G  0.004713   0.01083   0.01512   0.03066        12       640         0         0         0         0         0         0         0
       2/9      4.8G  0.004411  0.009904   0.01502   0.02934        12       640         0         0         0         0         0         0         0
       3/9      4.8G  0.004219  0.009467   0.01499   0.02868        12       640         0         0         0         0         0         0         0
       4/9      4.8G  0.004066  0.009239   0.01498   0.02829        12       640         0         0         0         0         0         0         0
       5/9      4.8G  0.003938  0.009095   0.01496   0.02799        12       640         0         0         0         0         0         0         0
       6/9      4.8G  0.003845  0.008945   0.01496   0.02775        12       640         0         0         0         0         0         0         0
       7/9      4.8G  0.003786  0.008515   0.01496   0.02726        12       640         0         0         0         0         0         0         0
       8/9      4.8G  0.003751  0.008165   0.01495   0.02687        12       640         0         0         0         0         0         0         0
       9/9      4.8G  0.003703  0.007947   0.01494   0.02659        12       640   0.08337    0.3065    0.0755   0.03118  0.004854  0.005856   0.01546
       0/9      4.8G  0.007959   0.01582   0.01253   0.03631        12       640         0         0         0         0         0         0         0
       1/9      4.8G  0.004917   0.01256    0.0124   0.02988        12       640         0         0         0         0         0         0         0
       2/9      4.8G  0.004641   0.01173   0.01235   0.02873        12       640         0         0         0         0         0         0         0
       3/9      4.8G  0.004437   0.01134   0.01233   0.02812        12       640         0         0         0         0         0         0         0
       4/9      4.8G  0.004311   0.01113   0.01233   0.02777        12       640         0         0         0         0         0         0         0
       5/9      4.8G  0.004171   0.01088   0.01232   0.02738        12       640         0         0         0         0         0         0         0
       6/9      4.8G  0.004073   0.01014   0.01232   0.02654        12       640         0         0         0         0         0         0         0
       7/9      4.8G  0.003986  0.009656   0.01231   0.02595        12       640         0         0         0         0         0         0         0
       8/9      4.8G  0.003924  0.009032   0.01231   0.02526        12       640         0         0         0         0         0         0         0
       9/9      4.8G  0.003868  0.007964   0.01231   0.02414        12       640    0.1782    0.5437    0.1736    0.1018   0.00511  0.005928   0.01274
       0/9      4.8G   0.00899   0.01639   0.01355   0.03894        12       640         0         0         0         0         0         0         0
       1/9      4.8G  0.005512   0.01298   0.01339   0.03188        12       640         0         0         0         0         0         0         0
       2/9      4.8G  0.005233   0.01201   0.01331   0.03055        12       640         0         0         0         0         0         0         0
       3/9      4.8G  0.004977   0.01159   0.01328   0.02984        12       640         0         0         0         0         0         0         0
       4/9      4.8G  0.004731   0.01132   0.01326   0.02931        12       640         0         0         0         0         0         0         0
       5/9      4.8G  0.004571   0.01103   0.01325   0.02885        12       640         0         0         0         0         0         0         0
       6/9      4.8G  0.004474   0.01033   0.01325   0.02805        12       640         0         0         0         0         0         0         0
       7/9      4.8G  0.004381   0.00984   0.01325   0.02747        12       640         0         0         0         0         0         0         0
       8/9      4.8G  0.004294  0.009412   0.01323   0.02693        12       640         0         0         0         0         0         0         0
       9/9      4.8G  0.004253  0.008648   0.01323   0.02613        12       640    0.1557    0.4508      0.15   0.07845  0.005621  0.006294   0.01371
       0/9      4.8G  0.008228   0.01486   0.01508   0.03818        12       640         0         0         0         0         0         0         0
       1/9      4.8G  0.005563   0.01134   0.01495   0.03186        12       640         0         0         0         0         0         0         0
       2/9      4.8G  0.005238   0.01068   0.01491   0.03083        12       640         0         0         0         0         0         0         0
       3/9      4.8G  0.004953   0.01039   0.01488   0.03023        12       640         0         0         0         0         0         0         0
       4/9      4.8G  0.004753   0.01018   0.01487    0.0298        12       640         0         0         0         0         0         0         0
       5/9      4.8G  0.004668  0.009973   0.01487   0.02951        12       640         0         0         0         0         0         0         0
       6/9      4.8G  0.004582  0.009307   0.01487   0.02876        12       640         0         0         0         0         0         0         0
       7/9      4.8G   0.00449  0.008822   0.01486   0.02817        12       640         0         0         0         0         0         0         0
       8/9      4.8G  0.004389  0.008189   0.01485   0.02743        12       640         0         0         0         0         0         0         0
       9/9      4.8G  0.004264  0.007123   0.01485   0.02624        12       640    0.1786    0.6272    0.1804      0.11  0.005539  0.005264   0.01538
       0/9      4.8G  0.008394   0.01332   0.01411   0.03583        12       640         0         0         0         0         0         0         0
       1/9      4.8G  0.005747   0.01007   0.01403   0.02984        12       640         0         0         0         0         0         0         0
       2/9      4.8G   0.00532  0.009456   0.01399   0.02876        12       640         0         0         0         0         0         0         0
       3/9      4.8G  0.005068   0.00918   0.01397   0.02822        12       640         0         0         0         0         0         0         0
       4/9      4.8G  0.004936  0.009003   0.01397   0.02791        12       640         0         0         0         0         0         0         0
       5/9      4.8G  0.004822  0.008886   0.01397   0.02768        12       640         0         0         0         0         0         0         0
       6/9      4.8G   0.00476  0.008618   0.01397   0.02734        12       640         0         0         0         0         0         0         0
       7/9      4.8G  0.004724  0.008252   0.01396   0.02694        12       640         0         0         0         0         0         0         0
       8/9      4.8G  0.004676  0.008034   0.01396   0.02667        12       640         0         0         0         0         0         0         0
       9/9      4.8G  0.004622  0.007894   0.01396   0.02648        12       640   0.09624    0.2799   0.08078   0.03333  0.006052  0.005845   0.01443
       0/9      4.8G  0.008403   0.01515   0.01792   0.04147        12       640         0         0         0         0         0         0         0
       1/9      4.8G  0.005958   0.01193   0.01772    0.0356        12       640         0         0         0         0         0         0         0
       2/9      4.8G  0.005585   0.01144   0.01768   0.03471        12       640         0         0         0         0         0         0         0
       3/9      4.8G  0.005361   0.01121   0.01767   0.03424        12       640         0         0         0         0         0         0         0
       4/9      4.8G  0.005188   0.01102   0.01766   0.03387        12       640         0         0         0         0         0         0         0
       5/9      4.8G  0.005112   0.01054   0.01765   0.03331        12       640         0         0         0         0         0         0         0
       6/9      4.8G  0.005031  0.009591   0.01765   0.03227        12       640         0         0         0         0         0         0         0
       7/9      4.8G  0.004897  0.008791   0.01764   0.03132        12       640         0         0         0         0         0         0         0
       8/9      4.8G  0.004639  0.007526   0.01764    0.0298        12       640         0         0         0         0         0         0         0
       9/9      4.8G  0.003936  0.006595   0.01762   0.02815        12       640    0.1859    0.7597    0.1974    0.1386  0.004908  0.005294   0.01824
       0/9      4.8G  0.008814   0.01668   0.01892   0.04442        12       640         0         0         0         0         0         0         0
       1/9      4.8G  0.006143   0.01324   0.01865   0.03804        12       640         0         0         0         0         0         0         0
       2/9      4.8G   0.00583   0.01258   0.01861   0.03703        12       640         0         0         0         0         0         0         0
       3/9      4.8G  0.005577   0.01227   0.01861   0.03645        12       640         0         0         0         0         0         0         0
       4/9      4.8G  0.005432   0.01202   0.01859   0.03604        12       640         0         0         0         0         0         0         0
       5/9      4.8G  0.005326   0.01156   0.01857   0.03546        12       640         0         0         0         0         0         0         0
       6/9      4.8G  0.005231    0.0108   0.01857    0.0346        12       640         0         0         0         0         0         0         0
       7/9      4.8G  0.005139   0.01027   0.01856   0.03397        12       640         0         0         0         0         0         0         0
       8/9      4.8G  0.005067  0.009561   0.01856   0.03319        12       640         0         0         0         0         0         0         0
       9/9      4.8G  0.004913  0.008552   0.01855   0.03202        12       640    0.1695    0.5872    0.1719    0.1006  0.006173  0.006413   0.01915
       0/9      4.8G  0.009005   0.01485   0.01946   0.04332        12       640         0         0         0         0         0         0         0
       1/9      4.8G  0.006248   0.01142   0.01914   0.03681        12       640         0         0         0         0         0         0         0
       2/9      4.8G   0.00585   0.01077   0.01908   0.03571        12       640         0         0         0         0         0         0         0
       3/9      4.8G  0.005565   0.01049   0.01905    0.0351        12       640         0         0         0         0         0         0         0
       4/9      4.8G   0.00537   0.01028   0.01904   0.03469        12       640         0         0         0         0         0         0         0
       5/9      4.8G  0.005266   0.01003   0.01904   0.03433        12       640         0         0         0         0         0         0         0
       6/9      4.8G  0.005196  0.009375   0.01903    0.0336        12       640         0         0         0         0         0         0         0
       7/9      4.8G  0.005068  0.008917   0.01902   0.03301        12       640         0         0         0         0         0         0         0
       8/9      4.8G  0.004962  0.008608   0.01901   0.03258        12       640         0         0         0         0         0         0         0
       9/9      4.8G  0.004867  0.008115   0.01899   0.03198        12       640    0.1431    0.4942    0.1432    0.0689    0.0064  0.006012   0.01969
       0/9      4.8G    0.0085  0.009312   0.01767   0.03548        12       640         0         0         0         0         0         0         0
       1/9      4.8G   0.00611  0.006968   0.01751   0.03059        12       640         0         0         0         0         0         0         0
       2/9      4.8G  0.005809  0.006741   0.01749   0.03004        12       640         0         0         0         0         0         0         0
       3/9      4.8G  0.005658  0.006627   0.01749   0.02977        12       640         0         0         0         0         0         0         0
       4/9      4.8G  0.005541  0.006557   0.01747   0.02957        12       640         0         0         0         0         0         0         0
       5/9      4.8G  0.005439  0.006454   0.01746   0.02936        12       640         0         0         0         0         0         0         0
       6/9      4.8G  0.005352  0.006146   0.01747   0.02897        12       640         0         0         0         0         0         0         0
       7/9      4.8G  0.005226  0.005909   0.01746   0.02859        12       640         0         0         0         0         0         0         0
       8/9      4.8G  0.005116  0.005785   0.01746   0.02836        12       640         0         0         0         0         0         0         0
       9/9      4.8G  0.005029  0.005668   0.01745   0.02814        12       640   0.08425     0.367   0.08403   0.03838  0.006431  0.004214    0.0181
       0/9      4.8G  0.009142   0.01534   0.01777   0.04224        12       640         0         0         0         0         0         0         0
       1/9      4.8G  0.006485   0.01201   0.01745   0.03594        12       640         0         0         0         0         0         0         0
       2/9      4.8G  0.006089   0.01147   0.01741   0.03496        12       640         0         0         0         0         0         0         0
       3/9      4.8G  0.005863    0.0112   0.01739   0.03446        12       640         0         0         0         0         0         0         0
       4/9      4.8G  0.005705   0.01096   0.01738   0.03405        12       640         0         0         0         0         0         0         0
       5/9      4.8G  0.005633   0.01044   0.01738   0.03345        12       640         0         0         0         0         0         0         0
       6/9      4.8G  0.005538  0.009621   0.01737   0.03253        12       640         0         0         0         0         0         0         0
       7/9      4.8G  0.005388   0.00892   0.01735   0.03166        12       640         0         0         0         0         0         0         0
       8/9      4.8G  0.005233  0.007508   0.01736    0.0301        12       640         0         0         0         0         0         0         0
       9/9      4.8G  0.004714  0.006458   0.01732   0.02849        12       640    0.1814    0.7357    0.1951    0.1347   0.00579  0.005086   0.01791
       0/9      4.8G  0.007056   0.01187   0.01534   0.03426        12       640         0         0         0         0         0         0         0
       1/9      4.8G  0.004888  0.008586   0.01526   0.02874        12       640         0         0         0         0         0         0         0
       2/9      4.8G  0.004612  0.007964   0.01524   0.02781        12       640         0         0         0         0         0         0         0
       3/9      4.8G  0.004416  0.007712   0.01523   0.02736        12       640         0         0         0         0         0         0         0
       4/9      4.8G  0.004271  0.007577   0.01523   0.02708        12       640         0         0         0         0         0         0         0
       5/9      4.8G  0.004171  0.007503   0.01522    0.0269        12       640         0         0         0         0         0         0         0
       6/9      4.8G  0.004046  0.007459   0.01521   0.02671        12       640         0         0         0         0         0         0         0
       7/9      4.8G  0.003967  0.007293    0.0152   0.02646        12       640         0         0         0         0         0         0         0
       8/9      4.8G  0.003924  0.007036    0.0152   0.02616        12       640         0         0         0         0         0         0         0
       9/9      4.8G  0.003893  0.006893    0.0152   0.02599        12       640   0.06126    0.4079   0.06147   0.02247  0.004809  0.005316   0.01573
       0/9      4.8G  0.008176   0.01026   0.02195   0.04038        12       640         0         0         0         0         0         0         0
       1/9      4.8G  0.005928  0.007047   0.02149   0.03446        12       640         0         0         0         0         0         0         0
       2/9      4.8G   0.00552  0.006668   0.02144   0.03362        12       640         0         0         0         0         0         0         0
       3/9      4.8G  0.005289  0.006505   0.02139   0.03318        12       640         0         0         0         0         0         0         0
       4/9      4.8G  0.005178  0.006416   0.02139   0.03299        12       640         0         0         0         0         0         0         0
       5/9      4.8G  0.005073  0.006363   0.02137    0.0328        12       640         0         0         0         0         0         0         0
       6/9      4.8G  0.004983  0.006255   0.02135   0.03259        12       640         0         0         0         0         0         0         0
       7/9      4.8G  0.004917  0.005993   0.02137   0.03228        12       640         0         0         0         0         0         0         0
       8/9      4.8G  0.004871  0.005834   0.02135   0.03205        12       640         0         0         0         0         0         0         0
       9/9      4.8G  0.004811  0.005767   0.02133   0.03191        12       640   0.09539    0.2377   0.07719   0.02848  0.006434  0.004254   0.02213
       0/9      4.8G  0.008702   0.01643   0.01739   0.04252        12       640         0         0         0         0         0         0         0
       1/9      4.8G  0.006026   0.01266   0.01719   0.03587        12       640         0         0         0         0         0         0         0
       2/9      4.8G  0.005687   0.01208   0.01716   0.03492        12       640         0         0         0         0         0         0         0
       3/9      4.8G  0.005442   0.01179   0.01715   0.03438        12       640         0         0         0         0         0         0         0
       4/9      4.8G  0.005311   0.01146   0.01713    0.0339        12       640         0         0         0         0         0         0         0
       5/9      4.8G  0.005253   0.01071   0.01714    0.0331        12       640         0         0         0         0         0         0         0
       6/9      4.8G  0.005115   0.01003   0.01713   0.03227        12       640         0         0         0         0         0         0         0
       7/9      4.8G  0.004921  0.008988   0.01713   0.03104        12       640         0         0         0         0         0         0         0
       8/9      4.8G  0.004318  0.007648   0.01714   0.02911        12       640         0         0         0         0         0         0         0
       9/9      4.8G   0.00348  0.006721   0.01711   0.02731        12       640    0.1931     0.745    0.2075    0.1508  0.004572  0.005378    0.0177
       0/9      4.8G  0.007433   0.01902   0.02238   0.04884        12       640         0         0         0         0         0         0         0
       1/9      4.8G  0.005079   0.01543   0.02217   0.04268        12       640         0         0         0         0         0         0         0
       2/9      4.8G  0.004843   0.01484   0.02215   0.04183        12       640         0         0         0         0         0         0         0
       3/9      4.8G  0.004638   0.01454   0.02211   0.04129        12       640         0         0         0         0         0         0         0
       4/9      4.8G  0.004499   0.01426   0.02209   0.04085        12       640         0         0         0         0         0         0         0
       5/9      4.8G  0.004398   0.01352   0.02209   0.04001        12       640         0         0         0         0         0         0         0
       6/9      4.8G   0.00431   0.01254   0.02207   0.03892        12       640         0         0         0         0         0         0         0
       7/9      4.8G  0.004205   0.01148   0.02207   0.03775        12       640         0         0         0         0         0         0         0
       8/9      4.8G  0.004024    0.0097   0.02208    0.0358        12       640         0         0         0         0         0         0         0
       9/9      4.8G  0.003518  0.008429   0.02205     0.034        12       640    0.1873    0.6911    0.1953    0.1362   0.00432  0.006644   0.02278
       0/9      4.8G  0.008861   0.01621   0.01729   0.04236        12       640         0         0         0         0         0         0         0
       1/9      4.8G   0.00629   0.01256   0.01712   0.03597        12       640         0         0         0         0         0         0         0
       2/9      4.8G  0.005813   0.01204   0.01708   0.03493        12       640         0         0         0         0         0         0         0
       3/9      4.8G   0.00556    0.0118   0.01706   0.03442        12       640         0         0         0         0         0         0         0
       4/9      4.8G  0.005435   0.01162   0.01705   0.03411        12       640         0         0         0         0         0         0         0
       5/9      4.8G   0.00533   0.01115   0.01705   0.03352        12       640         0         0         0         0         0         0         0
       6/9      4.8G  0.005246   0.01028   0.01704   0.03257        12       640         0         0         0         0         0         0         0
       7/9      4.8G    0.0051  0.009691   0.01702   0.03181        12       640         0         0         0         0         0         0         0
       8/9      4.8G  0.004918  0.008635   0.01703   0.03058        12       640         0         0         0         0         0         0         0
       9/9      4.8G  0.004526   0.00757   0.01704   0.02913        12       640    0.1858    0.6663     0.189    0.1264  0.005778  0.005885   0.01762
       0/9      4.8G  0.009023   0.01721   0.01642   0.04265        12       640         0         0         0         0         0         0         0
       1/9      4.8G  0.005471   0.01214   0.01633   0.03394        12       640         0         0         0         0         0         0         0
       2/9      4.8G  0.005102   0.01109   0.01629   0.03248        12       640         0         0         0         0         0         0         0
       3/9      4.8G  0.004823   0.01065   0.01626   0.03173        12       640         0         0         0         0         0         0         0
       4/9      4.8G  0.004667   0.01036   0.01625   0.03128        12       640         0         0         0         0         0         0         0
       5/9      4.8G  0.004534   0.01017   0.01624   0.03095        12       640         0         0         0         0         0         0         0
       6/9      4.8G  0.004416  0.009629   0.01624   0.03028        12       640         0         0         0         0         0         0         0
       7/9      4.8G   0.00435  0.009038   0.01623   0.02961        12       640         0         0         0         0         0         0         0
       8/9      4.8G  0.004243  0.008607   0.01621   0.02906        12       640         0         0         0         0         0         0         0
       9/9      4.8G  0.004194  0.007858   0.01621   0.02826        12       640    0.1565    0.5277    0.1584   0.08668  0.005397  0.005776   0.01675
       0/9      4.8G  0.008245   0.01659   0.01715   0.04198        12       640         0         0         0         0         0         0         0
       1/9      4.8G  0.005756   0.01324   0.01698   0.03597        12       640         0         0         0         0         0         0         0
       2/9      4.8G  0.005462   0.01278   0.01698   0.03522        12       640         0         0         0         0         0         0         0
       3/9      4.8G  0.005281   0.01259   0.01696   0.03483        12       640         0         0         0         0         0         0         0
       4/9      4.8G  0.005141   0.01238   0.01694   0.03446        12       640         0         0         0         0         0         0         0
       5/9      4.8G  0.005048   0.01174   0.01694   0.03373        12       640         0         0         0         0         0         0         0
       6/9      4.8G  0.004993   0.01113   0.01694   0.03306        12       640         0         0         0         0         0         0         0
       7/9      4.8G  0.004871   0.01063   0.01692   0.03242        12       640         0         0         0         0         0         0         0
       8/9      4.8G  0.004814  0.009495   0.01693   0.03123        12       640         0         0         0         0         0         0         0
       9/9      4.8G   0.00466  0.008351   0.01693   0.02994        12       640    0.1842    0.5723    0.1833    0.1114  0.006087  0.006631   0.01753
       0/9      4.8G  0.008693   0.01665   0.01733   0.04267        12       640         0         0         0         0         0         0         0
       1/9      4.8G  0.006227   0.01347   0.01721   0.03691        12       640         0         0         0         0         0         0         0
       2/9      4.8G  0.005851   0.01311   0.01718   0.03615        12       640         0         0         0         0         0         0         0
       3/9      4.8G  0.005693   0.01285   0.01716    0.0357        12       640         0         0         0         0         0         0         0
       4/9      4.8G  0.005613   0.01213   0.01716    0.0349        12       640         0         0         0         0         0         0         0
       5/9      4.8G  0.005473   0.01112   0.01716   0.03375        12       640         0         0         0         0         0         0         0
       6/9      4.8G  0.005291  0.009345   0.01716   0.03179        12       640         0         0         0         0         0         0         0
       7/9      4.8G  0.004689  0.007581   0.01714   0.02941        12       640         0         0         0         0         0         0         0
       8/9      4.8G  0.003465  0.006576   0.01712   0.02716        12       640         0         0         0         0         0         0         0
       9/9      4.8G  0.002785  0.005421   0.01709    0.0253        12       640    0.1996    0.9128    0.2193    0.1869  0.003697  0.004691   0.01765
       0/9      4.8G   0.01039   0.01765     0.018   0.04604        12       640         0         0         0         0         0         0         0
       1/9      4.8G   0.00754   0.01369   0.01784   0.03907        12       640         0         0         0         0         0         0         0
       2/9      4.8G  0.007021   0.01318   0.01778   0.03798        12       640         0         0         0         0         0         0         0
       3/9      4.8G  0.006817    0.0129   0.01776   0.03747        12       640         0         0         0         0         0         0         0
       4/9      4.8G  0.006649   0.01234   0.01774   0.03674        12       640         0         0         0         0         0         0         0
       5/9      4.8G  0.006546   0.01135   0.01774   0.03563        12       640         0         0         0         0         0         0         0
       6/9      4.8G  0.006283   0.01012   0.01772   0.03412        12       640         0         0         0         0         0         0         0
       7/9      4.8G  0.005212  0.008267   0.01772    0.0312        12       640         0         0         0         0         0         0         0
       8/9      4.8G  0.003988  0.006779   0.01771   0.02847        12       640         0         0         0         0         0         0         0
       9/9      4.8G  0.003278  0.005372   0.01766   0.02631        12       640    0.1927    0.7853    0.2095    0.1657  0.004471  0.005486   0.01824
       0/9      4.8G  0.007951     0.016   0.01607   0.04002        12       640         0         0         0         0         0         0         0
       1/9      4.8G  0.005694    0.0129     0.016    0.0346        12       640         0         0         0         0         0         0         0
       2/9      4.8G  0.005315   0.01253   0.01597   0.03382        12       640         0         0         0         0         0         0         0
       3/9      4.8G  0.005176   0.01227   0.01595    0.0334        12       640         0         0         0         0         0         0         0
       4/9      4.8G  0.005086   0.01172   0.01596   0.03276        12       640         0         0         0         0         0         0         0
       5/9      4.8G   0.00499   0.01094   0.01595   0.03187        12       640         0         0         0         0         0         0         0
       6/9      4.8G  0.004911   0.01042   0.01594   0.03128        12       640         0         0         0         0         0         0         0
       7/9      4.8G  0.004775  0.009037   0.01594   0.02975        12       640         0         0         0         0         0         0         0
       8/9      4.8G  0.004317  0.007543   0.01593   0.02779        12       640         0         0         0         0         0         0         0
       9/9      4.8G  0.003303  0.006605   0.01591   0.02582        12       640    0.1946    0.8561    0.2113    0.1581  0.004288  0.005133   0.01654
       0/9      4.8G  0.008973   0.01635   0.01779   0.04312        12       640         0         0         0         0         0         0         0
       1/9      4.8G  0.006619   0.01317   0.01769   0.03749        12       640         0         0         0         0         0         0         0
       2/9      4.8G  0.006175   0.01288   0.01765    0.0367        12       640         0         0         0         0         0         0         0
       3/9      4.8G  0.006054    0.0127   0.01764    0.0364        12       640         0         0         0         0         0         0         0
       4/9      4.8G  0.005914   0.01236   0.01763    0.0359        12       640         0         0         0         0         0         0         0
       5/9      4.8G  0.005842   0.01149   0.01762   0.03496        12       640         0         0         0         0         0         0         0
       6/9      4.8G  0.005714   0.01087    0.0176   0.03418        12       640         0         0         0         0         0         0         0
       7/9      4.8G  0.005538  0.009368   0.01761   0.03252        12       640         0         0         0         0         0         0         0
       8/9      4.8G  0.004925  0.007585   0.01761   0.03012        12       640         0         0         0         0         0         0         0
       9/9      4.8G  0.003743  0.006724   0.01758   0.02805        12       640    0.1936    0.8448      0.21    0.1581  0.004434  0.005319   0.01817
       0/9      4.8G  0.009216   0.01974   0.01373   0.04268        12       640         0         0         0         0         0         0         0
       1/9      4.8G  0.006692   0.01632   0.01364   0.03665        12       640         0         0         0         0         0         0         0
       2/9      4.8G  0.006293   0.01582   0.01361   0.03573        12       640         0         0         0         0         0         0         0
       3/9      4.8G  0.006143   0.01467   0.01361   0.03443        12       640         0         0         0         0         0         0         0
       4/9      4.8G  0.005953    0.0135    0.0136   0.03305        12       640         0         0         0         0         0         0         0
       5/9      4.8G  0.005597   0.01104   0.01359   0.03023        12       640         0         0         0         0         0         0         0
       6/9      4.8G  0.004299  0.008431   0.01359   0.02632        12       640         0         0         0         0         0         0         0
       7/9      4.8G  0.003127  0.006054   0.01358   0.02276        12       640         0         0         0         0         0         0         0
       8/9      4.8G  0.002256  0.004196   0.01354      0.02        12       640         0         0         0         0         0         0         0
       9/9      4.8G  0.001692  0.003354   0.01348   0.01852        12       640    0.1999    0.9911    0.2368    0.2158  0.004455  0.006603   0.01441
       0/9      4.8G  0.009719   0.01961   0.01452   0.04385        12       640         0         0         0         0         0         0         0
       1/9      4.8G   0.00706   0.01569   0.01441   0.03716        12       640         0         0         0         0         0         0         0
       2/9      4.8G  0.006659   0.01514   0.01438   0.03618        12       640         0         0         0         0         0         0         0
       3/9      4.8G   0.00649   0.01463   0.01438    0.0355        12       640         0         0         0         0         0         0         0
       4/9      4.8G  0.006353    0.0135   0.01438   0.03424        12       640         0         0         0         0         0         0         0
       5/9      4.8G  0.006135   0.01241   0.01436    0.0329        12       640         0         0         0         0         0         0         0
       6/9      4.8G  0.005471  0.009983   0.01438   0.02983        12       640         0         0         0         0         0         0         0
       7/9      4.8G   0.00408   0.00787   0.01436   0.02631        12       640         0         0         0         0         0         0         0
       8/9      4.8G  0.003269  0.005915   0.01434   0.02352        12       640         0         0         0         0         0         0         0
       9/9      4.8G  0.002365  0.004546   0.01432   0.02123        12       640    0.2002    0.9927    0.2224    0.2005  0.004227  0.005186    0.0151
       0/9      4.8G  0.009242   0.01966   0.01382   0.04273        12       640         0         0         0         0         0         0         0
       1/9      4.8G  0.006726   0.01625   0.01372   0.03669        12       640         0         0         0         0         0         0         0
       2/9      4.8G  0.006332   0.01587   0.01369   0.03589        12       640         0         0         0         0         0         0         0
       3/9      4.8G   0.00613     0.015   0.01368   0.03481        12       640         0         0         0         0         0         0         0
       4/9      4.8G  0.005993   0.01358   0.01368   0.03325        12       640         0         0         0         0         0         0         0
       5/9      4.8G  0.005685   0.01185   0.01367   0.03121        12       640         0         0         0         0         0         0         0
       6/9      4.8G  0.004457   0.00885   0.01368   0.02699        12       640         0         0         0         0         0         0         0
       7/9      4.8G   0.00339  0.006617   0.01367   0.02367        12       640         0         0         0         0         0         0         0
       8/9      4.8G  0.002431  0.004677   0.01363   0.02074        12       640         0         0         0         0         0         0         0
       9/9      4.8G  0.001836  0.003565   0.01357   0.01897        12       640    0.1991    0.9924    0.2266    0.2023  0.004523  0.006088   0.01445
       0/9      4.8G  0.006721   0.01713   0.00877   0.03262        12       640         0         0         0         0         0         0         0
       1/9      4.8G  0.004759   0.01402  0.008789   0.02757        12       640         0         0         0         0         0         0         0
       2/9      4.8G   0.00438   0.01359  0.008727    0.0267        12       640         0         0         0         0         0         0         0
       3/9      4.8G  0.004292   0.01281  0.008721   0.02583        12       640         0         0         0         0         0         0         0
       4/9      4.8G  0.004222   0.01184  0.008722   0.02478        12       640         0         0         0         0         0         0         0
       5/9      4.8G  0.004104   0.01094  0.008718   0.02377        12       640         0         0         0         0         0         0         0
       6/9      4.8G  0.003846  0.008853  0.008725   0.02142        12       640         0         0         0         0         0         0         0
       7/9      4.8G  0.003099  0.007342  0.008715   0.01916        12       640         0         0         0         0         0         0         0
       8/9      4.8G  0.002565   0.00627  0.008703   0.01754        12       640         0         0         0         0         0         0         0
       9/9      4.8G   0.00213  0.005227  0.008692   0.01605        12       640    0.1959    0.9064     0.213    0.1707  0.003029  0.005567   0.00891
       0/9      4.8G  0.008879   0.01935   0.01298    0.0412        12       640         0         0         0         0         0         0         0
       1/9      4.8G   0.00622   0.01641    0.0129   0.03553        12       640         0         0         0         0         0         0         0
       2/9      4.8G  0.005955    0.0158   0.01288   0.03464        12       640         0         0         0         0         0         0         0
       3/9      4.8G  0.005838    0.0144   0.01287   0.03311        12       640         0         0         0         0         0         0         0
       4/9      4.8G  0.005695   0.01288   0.01286   0.03144        12       640         0         0         0         0         0         0         0
       5/9      4.8G   0.00487  0.009802   0.01287   0.02755        12       640         0         0         0         0         0         0         0
       6/9      4.8G  0.003651  0.007235   0.01284   0.02372        12       640         0         0         0         0         0         0         0
       7/9      4.8G   0.00267  0.004865   0.01282   0.02036        12       640         0         0         0         0         0         0         0
       8/9      4.8G  0.001875   0.00372   0.01277   0.01836        12       640         0         0         0         0         0         0         0
       9/9      4.8G   0.00145   0.00299   0.01274   0.01718        12       640    0.2011    0.9841    0.2252    0.2001  0.003758  0.006084    0.0133
       0/9      4.8G  0.009881   0.01853   0.01582   0.04422        12       640         0         0         0         0         0         0         0
       1/9      4.8G   0.00689   0.01445   0.01555   0.03689        12       640         0         0         0         0         0         0         0
       2/9      4.8G  0.006415   0.01386   0.01549   0.03576        12       640         0         0         0         0         0         0         0
       3/9      4.8G  0.006248   0.01347   0.01547   0.03519        12       640         0         0         0         0         0         0         0
       4/9      4.8G  0.006116   0.01249   0.01546   0.03407        12       640         0         0         0         0         0         0         0
       5/9      4.8G  0.005951   0.01148   0.01545   0.03288        12       640         0         0         0         0         0         0         0
       6/9      4.8G  0.005447  0.009317   0.01544   0.03021        12       640         0         0         0         0         0         0         0
       7/9      4.8G  0.004128  0.007187   0.01544   0.02675        12       640         0         0         0         0         0         0         0
       8/9      4.8G  0.003007  0.005474   0.01539   0.02387        12       640         0         0         0         0         0         0         0
       9/9      4.8G  0.002284  0.004054   0.01531   0.02165        12       640     0.195    0.8272     0.214    0.1856  0.004938  0.006421   0.01644
       0/9      4.8G   0.01116    0.0212   0.01385   0.04622        12       640         0         0         0         0         0         0         0
       1/9      4.8G  0.007802   0.01909   0.01376   0.04065        12       640         0         0         0         0         0         0         0
       2/9      4.8G  0.007521   0.01818   0.01375   0.03945        12       640         0         0         0         0         0         0         0
       3/9      4.8G  0.007369   0.01683   0.01374   0.03794        12       640         0         0         0         0         0         0         0
       4/9      4.8G    0.0072   0.01585   0.01373   0.03677        12       640         0         0         0         0         0         0         0
       5/9      4.8G  0.007048   0.01426   0.01373   0.03503        12       640         0         0         0         0         0         0         0
       6/9      4.8G  0.006694   0.01208   0.01373    0.0325        12       640         0         0         0         0         0         0         0
       7/9      4.8G  0.005975    0.0105   0.01373    0.0302        12       640         0         0         0         0         0         0         0
       8/9      4.8G  0.005241  0.009564   0.01372   0.02852        12       640         0         0         0         0         0         0         0
       9/9      4.8G  0.004626  0.008872   0.01369   0.02719        12       640    0.1968    0.8294    0.2135    0.1627  0.006495  0.007478   0.01442
       0/9      4.8G   0.01053   0.01917   0.01432   0.04402        12       640         0         0         0         0         0         0         0
       1/9      4.8G    0.0074   0.01467   0.01421   0.03628        12       640         0         0         0         0         0         0         0
       2/9      4.8G  0.006941     0.014   0.01417   0.03511        12       640         0         0         0         0         0         0         0
       3/9      4.8G  0.006695   0.01362   0.01416   0.03447        12       640         0         0         0         0         0         0         0
       4/9      4.8G  0.006557   0.01303   0.01414   0.03373        12       640         0         0         0         0         0         0         0
       5/9      4.8G  0.006475   0.01224   0.01415   0.03286        12       640         0         0         0         0         0         0         0
       6/9      4.8G  0.006316   0.01159   0.01413   0.03203        12       640         0         0         0         0         0         0         0
       7/9      4.8G  0.006115  0.009785   0.01414   0.03004        12       640         0         0         0         0         0         0         0
       8/9      4.8G  0.005503  0.008514   0.01412   0.02813        12       640         0         0         0         0         0         0         0
       9/9      4.8G  0.004379  0.007751   0.01412   0.02624        12       640    0.1943    0.7522    0.2066    0.1505  0.005859  0.005963   0.01488
       0/9      4.8G   0.02533   0.02175     0.024   0.07108        12       640         0         0         0         0         0         0         0
       1/9      4.8G   0.01839   0.01816   0.02373   0.06029        12       640         0         0         0         0         0         0         0
       2/9      4.8G   0.01772   0.01781   0.02371   0.05925        12       640         0         0         0         0         0         0         0
       3/9      4.8G   0.01731   0.01704   0.02369   0.05804        12       640         0         0         0         0         0         0         0
       4/9      4.8G   0.01701   0.01561   0.02362   0.05625        12       640         0         0         0         0         0         0         0
       5/9      4.8G   0.01672   0.01287   0.02366   0.05325        12       640         0         0         0         0         0         0         0
       6/9      4.8G   0.01588  0.009895   0.02366   0.04943        12       640         0         0         0         0         0         0         0
       7/9      4.8G   0.01463  0.007697   0.02341   0.04574        12       640         0         0         0         0         0         0         0
       8/9      4.8G   0.01387  0.005629   0.02302   0.04251        12       640         0         0         0         0         0         0         0
       9/9      4.8G    0.0133  0.004766   0.02275   0.04082        12       640    0.2003    0.9867    0.2417    0.2111   0.01936  0.006005   0.02811
       0/9      4.8G   0.01114   0.02807   0.01065   0.04986        12       640         0         0         0         0         0         0         0
       1/9      4.8G   0.00656   0.02243   0.01061    0.0396        12       640         0         0         0         0         0         0         0
       2/9      4.8G  0.006092   0.02109   0.01058   0.03776        12       640         0         0         0         0         0         0         0
       3/9      4.8G  0.005793   0.02039   0.01056   0.03674        12       640         0         0         0         0         0         0         0
       4/9      4.8G  0.005642   0.01925   0.01056   0.03546        12       640         0         0         0         0         0         0         0
       5/9      4.8G  0.005466   0.01722   0.01056   0.03325        12       640         0         0         0         0         0         0         0
       6/9      4.8G  0.005109   0.01336   0.01056   0.02903        12       640         0         0         0         0         0         0         0
       7/9      4.8G   0.00384   0.01021   0.01055   0.02459        12       640         0         0         0         0         0         0         0
       8/9      4.8G  0.002956  0.007595   0.01052   0.02108        12       640         0         0         0         0         0         0         0
       9/9      4.8G  0.002197  0.005391   0.01052   0.01811        12       640    0.1994    0.9931    0.2265    0.2053  0.003768  0.007051   0.01093
       0/9      4.8G   0.00923   0.01977   0.01372   0.04273        12       640         0         0         0         0         0         0         0
       1/9      4.8G   0.00673   0.01686   0.01364   0.03723        12       640         0         0         0         0         0         0         0
       2/9      4.8G  0.006376   0.01648   0.01362   0.03648        12       640         0         0         0         0         0         0         0
       3/9      4.8G  0.006186   0.01533    0.0136   0.03512        12       640         0         0         0         0         0         0         0
       4/9      4.8G  0.006036   0.01425    0.0136   0.03389        12       640         0         0         0         0         0         0         0
       5/9      4.8G   0.00582   0.01206   0.01359   0.03147        12       640         0         0         0         0         0         0         0
       6/9      4.8G  0.004979  0.009263    0.0136   0.02784        12       640         0         0         0         0         0         0         0
       7/9      4.8G  0.003705   0.00762   0.01357    0.0249        12       640         0         0         0         0         0         0         0
       8/9      4.8G  0.003058  0.005899   0.01353   0.02249        12       640         0         0         0         0         0         0         0
       9/9      4.8G  0.002452  0.004572   0.01351   0.02053        12       640    0.1971    0.9511    0.2134    0.1885  0.004497  0.006514   0.01438
       0/9      4.8G   0.01027   0.01996   0.01496   0.04519        12       640         0         0         0         0         0         0         0
       1/9      4.8G  0.007524    0.0169   0.01482   0.03924        12       640         0         0         0         0         0         0         0
       2/9      4.8G  0.006757   0.01633   0.01476   0.03784        12       640         0         0         0         0         0         0         0
       3/9      4.8G  0.006485   0.01491   0.01473   0.03613        12       640         0         0         0         0         0         0         0
       4/9      4.8G  0.006314   0.01331   0.01473   0.03435        12       640         0         0         0         0         0         0         0
       5/9      4.8G  0.005672  0.009617   0.01473   0.03002        12       640         0         0         0         0         0         0         0
       6/9      4.8G  0.004378  0.007411    0.0147   0.02649        12       640         0         0         0         0         0         0         0
       7/9      4.8G  0.003389  0.005124   0.01464   0.02315        12       640         0         0         0         0         0         0         0
       8/9      4.8G  0.002602  0.003844   0.01454   0.02099        12       640         0         0         0         0         0         0         0
       9/9      4.8G  0.002313   0.00312    0.0144   0.01983        12       640    0.2048    0.9446    0.2473    0.2271  0.005507  0.006157   0.01619
       0/9      4.8G   0.01023   0.01988     0.015   0.04511        12       640         0         0         0         0         0         0         0
       1/9      4.8G  0.007473   0.01694   0.01481   0.03922        12       640         0         0         0         0         0         0         0
       2/9      4.8G  0.006711   0.01653   0.01476     0.038        12       640         0         0         0         0         0         0         0
       3/9      4.8G  0.006437   0.01528   0.01474   0.03646        12       640         0         0         0         0         0         0         0
       4/9      4.8G  0.006258   0.01401   0.01474   0.03501        12       640         0         0         0         0         0         0         0
       5/9      4.8G  0.005895   0.01096   0.01473   0.03159        12       640         0         0         0         0         0         0         0
       6/9      4.8G  0.004601  0.007863   0.01472   0.02718        12       640         0         0         0         0         0         0         0
       7/9      4.8G  0.003395  0.005511   0.01465   0.02356        12       640         0         0         0         0         0         0         0
       8/9      4.8G  0.002626  0.003998   0.01454   0.02116        12       640         0         0         0         0         0         0         0
       9/9      4.8G  0.002242  0.003319   0.01437   0.01993        12       640     0.201    0.9848    0.2415    0.2135  0.005327   0.00652   0.01559
       0/9      4.8G   0.01025   0.02035   0.01491   0.04551        12       640         0         0         0         0         0         0         0
       1/9      4.8G  0.007524   0.01713   0.01471   0.03936        12       640         0         0         0         0         0         0         0
       2/9      4.8G  0.006701   0.01668   0.01465   0.03803        12       640         0         0         0         0         0         0         0
       3/9      4.8G  0.006407   0.01554   0.01463   0.03657        12       640         0         0         0         0         0         0         0
       4/9      4.8G  0.006215   0.01441   0.01461   0.03524        12       640         0         0         0         0         0         0         0
       5/9      4.8G   0.00595   0.01207   0.01463   0.03264        12       640         0         0         0         0         0         0         0
       6/9      4.8G  0.004852  0.008997   0.01462   0.02847        12       640         0         0         0         0         0         0         0
       7/9      4.8G  0.003721  0.006616   0.01454   0.02488        12       640         0         0         0         0         0         0         0
       8/9      4.8G   0.00302  0.004463   0.01446   0.02195        12       640         0         0         0         0         0         0         0
       9/9      4.8G   0.00251  0.003546   0.01434   0.02039        12       640    0.2086    0.8671     0.241    0.2228  0.005358  0.005979   0.01614
       0/9      4.8G   0.01109   0.01989   0.01779   0.04877        12       640         0         0         0         0         0         0         0
       1/9      4.8G  0.008119    0.0167   0.01762   0.04244        12       640         0         0         0         0         0         0         0
       2/9      4.8G  0.007169   0.01621   0.01757   0.04096        12       640         0         0         0         0         0         0         0
       3/9      4.8G  0.006878     0.015   0.01757   0.03945        12       640         0         0         0         0         0         0         0
       4/9      4.8G  0.006707   0.01334   0.01753   0.03758        12       640         0         0         0         0         0         0         0
       5/9      4.8G  0.006292  0.009516   0.01755   0.03336        12       640         0         0         0         0         0         0         0
       6/9      4.8G  0.004744  0.007343   0.01757   0.02966        12       640         0         0         0         0         0         0         0
       7/9      4.8G   0.00371  0.004987   0.01743   0.02612        12       640         0         0         0         0         0         0         0
       8/9      4.8G  0.003032  0.003599   0.01719   0.02382        12       640         0         0         0         0         0         0         0
       9/9      4.8G  0.002669  0.002955   0.01695   0.02257        12       640    0.2055    0.9183    0.2475    0.2246  0.005894  0.005708   0.01908
       0/9      4.8G   0.01039   0.01888   0.01436   0.04363        12       640         0         0         0         0         0         0         0
       1/9      4.8G  0.007017   0.01643   0.01423   0.03768        12       640         0         0         0         0         0         0         0
       2/9      4.8G  0.006622   0.01532   0.01422   0.03616        12       640         0         0         0         0         0         0         0
       3/9      4.8G  0.006413   0.01394    0.0142   0.03455        12       640         0         0         0         0         0         0         0
       4/9      4.8G    0.0062   0.01083   0.01419   0.03123        12       640         0         0         0         0         0         0         0
       5/9      4.8G  0.005392   0.00821   0.01418   0.02778        12       640         0         0         0         0         0         0         0
       6/9      4.8G  0.004056  0.006073   0.01413   0.02426        12       640         0         0         0         0         0         0         0
       7/9      4.8G  0.003104  0.004008   0.01405   0.02116        12       640         0         0         0         0         0         0         0
       8/9      4.8G  0.002653  0.003104   0.01387   0.01963        12       640         0         0         0         0         0         0         0
       9/9      4.8G  0.002404  0.002478   0.01368   0.01856        12       640    0.2058     0.923    0.2391    0.2106  0.005659   0.00877   0.01606
       0/9      4.8G  0.009745    0.0202   0.01443   0.04438        12       640         0         0         0         0         0         0         0
       1/9      4.8G   0.00711   0.01703   0.01431   0.03846        12       640         0         0         0         0         0         0         0
       2/9      4.8G  0.006687   0.01642   0.01427   0.03738        12       640         0         0         0         0         0         0         0
       3/9      4.8G  0.006482   0.01509   0.01428   0.03584        12       640         0         0         0         0         0         0         0
       4/9      4.8G  0.006248   0.01424   0.01424   0.03473        12       640         0         0         0         0         0         0         0
       5/9      4.8G  0.005904   0.01186   0.01425   0.03201        12       640         0         0         0         0         0         0         0
       6/9      4.8G   0.00472  0.008784   0.01422   0.02772        12       640         0         0         0         0         0         0         0
       7/9      4.8G  0.003541  0.006533   0.01418   0.02425        12       640         0         0         0         0         0         0         0
       8/9      4.8G  0.002638  0.004485   0.01413   0.02126        12       640         0         0         0         0         0         0         0
       9/9      4.8G  0.001984  0.003623   0.01408   0.01969        12       640    0.2001    0.9963    0.2372    0.2173  0.004054  0.005953   0.01519
       0/9      4.8G   0.01681   0.01713   0.02057   0.05451        12       640         0         0         0         0         0         0         0
       1/9      4.8G   0.01141   0.01388   0.02035   0.04563        12       640         0         0         0         0         0         0         0
       2/9      4.8G   0.01075   0.01353   0.02026   0.04453        12       640         0         0         0         0         0         0         0
       3/9      4.8G   0.01037    0.0127   0.02018   0.04325        12       640         0         0         0         0         0         0         0
       4/9      4.8G    0.0102   0.01167   0.02017   0.04204        12       640         0         0         0         0         0         0         0
       5/9      4.8G   0.01016   0.01029   0.02024   0.04069        12       640         0         0         0         0         0         0         0
       6/9      4.8G  0.009001  0.007558    0.0201   0.03666        12       640         0         0         0         0         0         0         0
       7/9      4.8G  0.007939  0.006148   0.01986   0.03395        12       640         0         0         0         0         0         0         0
       8/9      4.8G  0.007143  0.004974   0.01973   0.03185        12       640         0         0         0         0         0         0         0
       9/9      4.8G  0.006655  0.004228   0.01946   0.03035        12       640    0.1947    0.6874    0.2159     0.178   0.01081  0.006068   0.02317
       0/9      4.8G   0.01186   0.01934    0.0148     0.046        12       640         0         0         0         0         0         0         0
       1/9      4.8G  0.008643   0.01634    0.0147   0.03968        12       640         0         0         0         0         0         0         0
       2/9      4.8G   0.00787   0.01584   0.01465   0.03836        12       640         0         0         0         0         0         0         0
       3/9      4.8G  0.007582   0.01443   0.01464   0.03666        12       640         0         0         0         0         0         0         0
       4/9      4.8G  0.007354   0.01266   0.01461   0.03462        12       640         0         0         0         0         0         0         0
       5/9      4.8G  0.006382  0.009109   0.01464   0.03013        12       640         0         0         0         0         0         0         0
       6/9      4.8G  0.004666  0.006522   0.01459   0.02578        12       640         0         0         0         0         0         0         0
       7/9      4.8G  0.003582  0.004381    0.0145   0.02246        12       640         0         0         0         0         0         0         0
       8/9      4.8G  0.002868  0.003319    0.0144   0.02058        12       640         0         0         0         0         0         0         0
       9/9      4.8G  0.002547  0.002762   0.01428   0.01959        12       640    0.2003    0.9957    0.2347     0.214  0.006237  0.005191   0.01567
       0/9      4.8G   0.01024   0.02244   0.01922   0.05191        12       640         0         0         0         0         0         0         0
       1/9      4.8G  0.007417   0.01916   0.01903    0.0456        12       640         0         0         0         0         0         0         0
       2/9      4.8G  0.006756   0.01858   0.01898   0.04432        12       640         0         0         0         0         0         0         0
       3/9      4.8G  0.006485   0.01714   0.01893   0.04256        12       640         0         0         0         0         0         0         0
       4/9      4.8G  0.006321   0.01504   0.01893   0.04029        12       640         0         0         0         0         0         0         0
       5/9      4.8G  0.005922   0.01114    0.0189   0.03597        12       640         0         0         0         0         0         0         0
       6/9      4.8G  0.004724  0.008565   0.01891    0.0322        12       640         0         0         0         0         0         0         0
       7/9      4.8G  0.003552  0.006343   0.01872   0.02862        12       640         0         0         0         0         0         0         0
       8/9      4.8G  0.002953  0.004626   0.01844   0.02602        12       640         0         0         0         0         0         0         0
       9/9      4.8G  0.002509  0.003914   0.01811   0.02453        12       640    0.2292    0.7409    0.2635    0.2366  0.005716  0.006184   0.02105
       0/9      4.8G   0.01024   0.02253   0.01923     0.052        12       640         0         0         0         0         0         0         0
       1/9      4.8G  0.007458   0.01922   0.01904   0.04571        12       640         0         0         0         0         0         0         0
       2/9      4.8G  0.006743   0.01864   0.01897   0.04435        12       640         0         0         0         0         0         0         0
       3/9      4.8G  0.006507   0.01686   0.01896   0.04233        12       640         0         0         0         0         0         0         0
       4/9      4.8G  0.006274   0.01525   0.01894   0.04047        12       640         0         0         0         0         0         0         0
       5/9      4.8G   0.00554   0.01119   0.01897    0.0357        12       640         0         0         0         0         0         0         0
       6/9      4.8G  0.004307  0.008451   0.01886   0.03162        12       640         0         0         0         0         0         0         0
       7/9      4.8G   0.00366    0.0057    0.0188   0.02816        12       640         0         0         0         0         0         0         0
       8/9      4.8G  0.002927  0.004398   0.01865   0.02598        12       640         0         0         0         0         0         0         0
       9/9      4.8G   0.00255  0.003315   0.01855   0.02441        12       640     0.209    0.9254    0.2431    0.2237  0.005412  0.007551   0.02133
       0/9      4.8G   0.00909   0.02483   0.02234   0.05626        12       640         0         0         0         0         0         0         0
       1/9      4.8G  0.006454   0.02206   0.02208   0.05059        12       640         0         0         0         0         0         0         0
       2/9      4.8G  0.006134   0.02031   0.02204   0.04848        12       640         0         0         0         0         0         0         0
       3/9      4.8G  0.005885   0.01799     0.022   0.04588        12       640         0         0         0         0         0         0         0
       4/9      4.8G  0.005558   0.01373     0.022   0.04129        12       640         0         0         0         0         0         0         0
       5/9      4.8G  0.004792   0.01042   0.02195   0.03716        12       640         0         0         0         0         0         0         0
       6/9      4.8G  0.003881  0.008305   0.02185   0.03404        12       640         0         0         0         0         0         0         0
       7/9      4.8G   0.00326  0.006228   0.02177   0.03126        12       640         0         0         0         0         0         0         0
       8/9      4.8G  0.002813  0.005135   0.02159   0.02954        12       640         0         0         0         0         0         0         0
       9/9      4.8G  0.002523  0.004486   0.02141   0.02842        12       640    0.2132    0.8501     0.242    0.2115    0.0042  0.008431    0.0232
       0/9      4.8G  0.009585    0.0153   0.01936   0.04424        12       640         0         0         0         0         0         0         0
       1/9      4.8G   0.00645   0.01309   0.01926   0.03879        12       640         0         0         0         0         0         0         0
       2/9      4.8G  0.006217    0.0128   0.01923   0.03826        12       640         0         0         0         0         0         0         0
       3/9      4.8G  0.006121   0.01178   0.01923   0.03712        12       640         0         0         0         0         0         0         0
       4/9      4.8G  0.005924   0.01071   0.01921   0.03584        12       640         0         0         0         0         0         0         0
       5/9      4.8G  0.005081  0.008517   0.01921   0.03281        12       640         0         0         0         0         0         0         0
       6/9      4.8G  0.003793  0.006402    0.0192    0.0294        12       640         0         0         0         0         0         0         0
       7/9      4.8G  0.002799   0.00457   0.01919   0.02656        12       640         0         0         0         0         0         0         0
       8/9      4.8G  0.001967  0.003437   0.01914   0.02455        12       640         0         0         0         0         0         0         0
       9/9      4.8G  0.001573  0.002729    0.0191    0.0234        12       640    0.1998    0.9817    0.2344    0.2164  0.004031  0.004334   0.01988
       0/9      4.8G   0.03127   0.02253   0.04858    0.1024        12       640         0         0         0         0         0         0         0
       1/9      4.8G   0.02409   0.02071   0.04824   0.09305        12       640         0         0         0         0         0         0         0
       2/9      4.8G   0.02369   0.02032    0.0482   0.09221        12       640         0         0         0         0         0         0         0
       3/9      4.8G   0.02352   0.01882   0.04812   0.09046        12       640         0         0         0         0         0         0         0
       4/9      4.8G   0.02337   0.01738   0.04806   0.08881        12       640         0         0         0         0         0         0         0
       5/9      4.8G   0.02322   0.01381   0.04797     0.085        12       640         0         0         0         0         0         0         0
       6/9      4.8G    0.0228   0.01127   0.04791   0.08198        12       640         0         0         0         0         0         0         0
       7/9      4.8G   0.02192  0.009761   0.04769   0.07937        12       640         0         0         0         0         0         0         0
       8/9      4.8G   0.02123  0.008024   0.04738   0.07664        12       640         0         0         0         0         0         0         0
       9/9      4.8G   0.02077  0.006924    0.0471    0.0748        12       640    0.2018    0.5293     0.189    0.1458   0.02308   0.01161   0.04861
       0/9      4.8G   0.01212   0.02428   0.01556   0.05197        12       640         0         0         0         0         0         0         0
       1/9      4.8G  0.008526   0.01814   0.01553   0.04219        12       640         0         0         0         0         0         0         0
       2/9      4.8G   0.00807    0.0173   0.01551   0.04087        12       640         0         0         0         0         0         0         0
       3/9      4.8G  0.007799    0.0169   0.01548   0.04018        12       640         0         0         0         0         0         0         0
       4/9      4.8G  0.007612   0.01654   0.01546   0.03961        12       640         0         0         0         0         0         0         0
       5/9      4.8G  0.007557     0.016   0.01547   0.03903        12       640         0         0         0         0         0         0         0
       6/9      4.8G  0.007427   0.01523   0.01547   0.03813        12       640         0         0         0         0         0         0         0
       7/9      4.8G  0.007329   0.01462   0.01545    0.0374        12       640         0         0         0         0         0         0         0
       8/9      4.8G  0.007176    0.0133   0.01545   0.03593        12       640         0         0         0         0         0         0         0
       9/9      4.8G  0.006894   0.01201   0.01544   0.03434        12       640     0.182    0.5329    0.1758    0.1019  0.008679  0.009246   0.01624
       0/9      4.8G   0.01146   0.02305   0.03356   0.06807        12       640         0         0         0         0         0         0         0
       1/9      4.8G  0.007642   0.01984   0.03337   0.06085        12       640         0         0         0         0         0         0         0
       2/9      4.8G  0.007419     0.016   0.03322   0.05664        12       640         0         0         0         0         0         0         0
       3/9      4.8G   0.00701   0.01132   0.03318   0.05151        12       640         0         0         0         0         0         0         0
       4/9      4.8G  0.006458   0.01001   0.03303   0.04951        12       640         0         0         0         0         0         0         0
       5/9      4.8G  0.005819  0.008112   0.03249   0.04642        12       640         0         0         0         0         0         0         0
       6/9      4.8G  0.005355  0.006064   0.03227   0.04369        12       640         0         0         0         0         0         0         0
       7/9      4.8G  0.004889  0.004489   0.03236   0.04174        12       640         0         0         0         0         0         0         0
       8/9      4.8G  0.004528  0.003566   0.03163   0.03972        12       640         0         0         0         0         0         0         0
       9/9      4.8G  0.004363  0.003369   0.03101   0.03874        12       640    0.2171    0.9122    0.2705    0.2355  0.007809   0.01118   0.03619
       0/9      4.8G   0.01004   0.02209    0.0191   0.05123        12       640         0         0         0         0         0         0         0
       1/9      4.8G  0.007295   0.01874   0.01891   0.04494        12       640         0         0         0         0         0         0         0
       2/9      4.8G  0.006644   0.01788   0.01888    0.0434        12       640         0         0         0         0         0         0         0
       3/9      4.8G  0.006406   0.01609   0.01886   0.04135        12       640         0         0         0         0         0         0         0
       4/9      4.8G  0.006052   0.01316   0.01884   0.03805        12       640         0         0         0         0         0         0         0
       5/9      4.8G  0.004999  0.009802   0.01885   0.03365        12       640         0         0         0         0         0         0         0
       6/9      4.8G  0.003906  0.007303   0.01877   0.02998        12       640         0         0         0         0         0         0         0
       7/9      4.8G  0.003003  0.004862   0.01863    0.0265        12       640         0         0         0         0         0         0         0
       8/9      4.8G  0.002486  0.003795   0.01846   0.02474        12       640         0         0         0         0         0         0         0
       9/9      4.8G  0.002183  0.003065   0.01825    0.0235        12       640    0.2084    0.9084    0.2486    0.2277  0.004875  0.006297   0.02013
       0/9      4.8G   0.01025   0.02133   0.01876   0.05033        12       640         0         0         0         0         0         0         0
       1/9      4.8G  0.007425   0.01814   0.01854    0.0441        12       640         0         0         0         0         0         0         0
       2/9      4.8G  0.006776   0.01776   0.01852   0.04305        12       640         0         0         0         0         0         0         0
       3/9      4.8G  0.006471   0.01647   0.01847   0.04141        12       640         0         0         0         0         0         0         0
       4/9      4.8G  0.006274   0.01486   0.01846   0.03959        12       640         0         0         0         0         0         0         0
       5/9      4.8G    0.0059   0.01179   0.01848   0.03616        12       640         0         0         0         0         0         0         0
       6/9      4.8G  0.004857   0.00861   0.01844   0.03191        12       640         0         0         0         0         0         0         0
       7/9      4.8G   0.00373  0.006274   0.01837   0.02838        12       640         0         0         0         0         0         0         0
       8/9      4.8G  0.002971  0.004462   0.01825   0.02569        12       640         0         0         0         0         0         0         0
       9/9      4.8G  0.002537  0.003637   0.01802    0.0242        12       640     0.209    0.8952    0.2491     0.227  0.005568  0.006087   0.02021
       0/9      4.8G   0.01139   0.02138   0.02119   0.05396        12       640         0         0         0         0         0         0         0
       1/9      4.8G  0.008233   0.01815   0.02096   0.04734        12       640         0         0         0         0         0         0         0
       2/9      4.8G  0.007393   0.01754   0.02089   0.04582        12       640         0         0         0         0         0         0         0
       3/9      4.8G  0.007134   0.01622   0.02085    0.0442        12       640         0         0         0         0         0         0         0
       4/9      4.8G  0.006967   0.01464   0.02084   0.04245        12       640         0         0         0         0         0         0         0
       5/9      4.8G  0.006553   0.01103   0.02086   0.03844        12       640         0         0         0         0         0         0         0
       6/9      4.8G  0.005278  0.009017   0.02083   0.03513        12       640         0         0         0         0         0         0         0
       7/9      4.8G  0.004318  0.006582   0.02081   0.03171        12       640         0         0         0         0         0         0         0
       8/9      4.8G  0.003562  0.004718   0.02066   0.02894        12       640         0         0         0         0         0         0         0
       9/9      4.8G  0.003077  0.003877   0.02039   0.02734        12       640    0.2024     0.966     0.252    0.2332  0.005797  0.006414   0.02212
       0/9      4.8G  0.008063   0.02252   0.01479   0.04538        12       640         0         0         0         0         0         0         0
       1/9      4.8G  0.005847   0.01937   0.01467   0.03989        12       640         0         0         0         0         0         0         0
       2/9      4.8G  0.005484   0.01851   0.01465   0.03865        12       640         0         0         0         0         0         0         0
       3/9      4.8G   0.00524   0.01681   0.01463   0.03668        12       640         0         0         0         0         0         0         0
       4/9      4.8G  0.004991   0.01444   0.01463   0.03406        12       640         0         0         0         0         0         0         0
       5/9      4.8G  0.004309   0.01034   0.01461   0.02926        12       640         0         0         0         0         0         0         0
       6/9      4.8G  0.003154  0.007625   0.01455   0.02533        12       640         0         0         0         0         0         0         0
       7/9      4.8G  0.002248  0.005013   0.01452   0.02178        12       640         0         0         0         0         0         0         0
       8/9      4.8G   0.00176   0.00382   0.01449   0.02007        12       640         0         0         0         0         0         0         0
       9/9      4.8G  0.001546  0.003071   0.01437   0.01899        12       640    0.2054    0.9597    0.2355    0.2179   0.00362  0.009075   0.01526
       0/9      4.8G   0.01066   0.02245    0.0193   0.05242        12       640         0         0         0         0         0         0         0
       1/9      4.8G  0.007849   0.01786   0.01917   0.04487        12       640         0         0         0         0         0         0         0
       2/9      4.8G  0.007288   0.01717   0.01911   0.04357        12       640         0         0         0         0         0         0         0
       3/9      4.8G  0.006755   0.01644   0.01908   0.04228        12       640         0         0         0         0         0         0         0
       4/9      4.8G  0.006397   0.01519   0.01907   0.04066        12       640         0         0         0         0         0         0         0
       5/9      4.8G  0.006113   0.01403   0.01902   0.03915        12       640         0         0         0         0         0         0         0
       6/9      4.8G  0.005559   0.01057   0.01912   0.03525        12       640         0         0         0         0         0         0         0
       7/9      4.8G  0.004339  0.008338   0.01907   0.03175        12       640         0         0         0         0         0         0         0
       8/9      4.8G  0.003587  0.006358   0.01891   0.02886        12       640         0         0         0         0         0         0         0
       9/9      4.8G  0.003016  0.004619    0.0188   0.02643        12       640    0.2008    0.9789    0.2419    0.2174  0.004944  0.005547   0.02022
       0/9      4.8G    0.0406   0.02729   0.03544    0.1033        12       640         0         0         0         0         0         0         0
       1/9      4.8G   0.02879   0.02538   0.03524   0.08941        12       640         0         0         0         0         0         0         0
       2/9      4.8G     0.026   0.02622   0.03514   0.08736        12       640         0         0         0         0         0         0         0
       3/9      4.8G   0.02506   0.02571   0.03515   0.08592        12       640         0         0         0         0         0         0         0
       4/9      4.8G   0.02452   0.02407   0.03511    0.0837        12       640         0         0         0         0         0         0         0
       5/9      4.8G   0.02415   0.02103   0.03516   0.08034        12       640         0         0         0         0         0         0         0
       6/9      4.8G   0.02371   0.01481   0.03517   0.07369        12       640         0         0         0         0         0         0         0
       7/9      4.8G    0.0231   0.01184   0.03491   0.06985        12       640         0         0         0         0         0         0         0
       8/9      4.8G   0.02265  0.009171   0.03455   0.06637        12       640         0         0         0         0         0         0         0
       9/9      4.8G   0.02218  0.007774    0.0343   0.06425        12       640    0.1948    0.6471    0.2142    0.1844    0.0237   0.01106   0.03507
       0/9      4.8G  0.009575   0.01948    0.0167   0.04575        12       640         0         0         0         0         0         0         0
       1/9      4.8G  0.006531   0.01678   0.01662   0.03993        12       640         0         0         0         0         0         0         0
       2/9      4.8G  0.006255   0.01528    0.0166   0.03813        12       640         0         0         0         0         0         0         0
       3/9      4.8G  0.005987   0.01383   0.01659    0.0364        12       640         0         0         0         0         0         0         0
       4/9      4.8G  0.005482   0.01056   0.01658   0.03262        12       640         0         0         0         0         0         0         0
       5/9      4.8G   0.00416  0.007651   0.01655   0.02836        12       640         0         0         0         0         0         0         0
       6/9      4.8G  0.002994  0.005149   0.01647   0.02462        12       640         0         0         0         0         0         0         0
       7/9      4.8G  0.002148  0.003747   0.01646   0.02236        12       640         0         0         0         0         0         0         0
       8/9      4.8G  0.001755  0.002992   0.01637   0.02112        12       640         0         0         0         0         0         0         0
       9/9      4.8G   0.00157  0.002545   0.01625   0.02036        12       640    0.2074    0.9184    0.2425    0.2186   0.00386  0.008357   0.01702
       0/9      4.8G   0.01028   0.02228   0.01931   0.05188        12       640         0         0         0         0         0         0         0
       1/9      4.8G  0.007464   0.01909    0.0191   0.04565        12       640         0         0         0         0         0         0         0
       2/9      4.8G  0.006689   0.01818   0.01902   0.04389        12       640         0         0         0         0         0         0         0
       3/9      4.8G  0.006445   0.01658     0.019   0.04202        12       640         0         0         0         0         0         0         0
       4/9      4.8G  0.006252   0.01489     0.019   0.04014        12       640         0         0         0         0         0         0         0
       5/9      4.8G  0.005645   0.01046   0.01899   0.03509        12       640         0         0         0         0         0         0         0
       6/9      4.8G  0.004256  0.007569     0.019   0.03083        12       640         0         0         0         0         0         0         0
       7/9      4.8G  0.003138  0.004977   0.01886   0.02698        12       640         0         0         0         0         0         0         0
       8/9      4.8G  0.002595  0.003614   0.01874   0.02495        12       640         0         0         0         0         0         0         0
       9/9      4.8G  0.002283  0.002929   0.01853   0.02374        12       640    0.2063    0.9499    0.2441    0.2243  0.005518  0.008503   0.02095
       0/9      4.8G   0.00729   0.01783   0.01604   0.04116        12       640         0         0         0         0         0         0         0
       1/9      4.8G  0.004903   0.01377   0.01594   0.03461        12       640         0         0         0         0         0         0         0
       2/9      4.8G  0.004566   0.01333   0.01592   0.03382        12       640         0         0         0         0         0         0         0
       3/9      4.8G  0.004475   0.01263   0.01593   0.03304        12       640         0         0         0         0         0         0         0
       4/9      4.8G  0.004356   0.01163   0.01591    0.0319        12       640         0         0         0         0         0         0         0
       5/9      4.8G  0.004251  0.009594   0.01591   0.02976        12       640         0         0         0         0         0         0         0
       6/9      4.8G  0.003765  0.007146   0.01593   0.02684        12       640         0         0         0         0         0         0         0
       7/9      4.8G  0.002557  0.005212   0.01586   0.02363        12       640         0         0         0         0         0         0         0
       8/9      4.8G  0.001886  0.003502   0.01582   0.02121        12       640         0         0         0         0         0         0         0
       9/9      4.8G  0.001474  0.002848    0.0157   0.02003        12       640    0.2086     0.886    0.2564    0.2343  0.002841  0.004281    0.0163
       0/9      4.8G   0.01097   0.02233   0.01948   0.05277        12       640         0         0         0         0         0         0         0
       1/9      4.8G   0.00769   0.01931    0.0193   0.04631        12       640         0         0         0         0         0         0         0
       2/9      4.8G  0.006945   0.01813   0.01924   0.04431        12       640         0         0         0         0         0         0         0
       3/9      4.8G  0.006771   0.01623   0.01924   0.04224        12       640         0         0         0         0         0         0         0
       4/9      4.8G  0.006438   0.01232   0.01924     0.038        12       640         0         0         0         0         0         0         0
       5/9      4.8G  0.005231  0.009335   0.01917   0.03373        12       640         0         0         0         0         0         0         0
       6/9      4.8G  0.004188  0.006496   0.01912   0.02981        12       640         0         0         0         0         0         0         0
       7/9      4.8G  0.003279   0.00447   0.01911   0.02686        12       640         0         0         0         0         0         0         0
       8/9      4.8G  0.002783  0.003417   0.01879   0.02499        12       640         0         0         0         0         0         0         0
       9/9      4.8G   0.00259  0.002863   0.01852   0.02397        12       640    0.2083    0.8969    0.2351    0.2131  0.005563  0.009842   0.02086
       0/9      4.8G  0.009756    0.0214    0.0187   0.04986        12       640         0         0         0         0         0         0         0
       1/9      4.8G  0.007122   0.01827   0.01855   0.04394        12       640         0         0         0         0         0         0         0
       2/9      4.8G  0.006594    0.0178    0.0185   0.04289        12       640         0         0         0         0         0         0         0
       3/9      4.8G  0.006276   0.01654   0.01847   0.04128        12       640         0         0         0         0         0         0         0
       4/9      4.8G  0.006081   0.01509   0.01845   0.03962        12       640         0         0         0         0         0         0         0
       5/9      4.8G  0.005822   0.01179   0.01847   0.03608        12       640         0         0         0         0         0         0         0
       6/9      4.8G  0.004814  0.008965   0.01845   0.03223        12       640         0         0         0         0         0         0         0
       7/9      4.8G  0.003473  0.006784   0.01834   0.02859        12       640         0         0         0         0         0         0         0
       8/9      4.8G  0.002665  0.004543   0.01818   0.02539        12       640         0         0         0         0         0         0         0
       9/9      4.8G  0.002168  0.003672   0.01793   0.02377        12       640    0.2158    0.8011    0.2544    0.2314  0.004739  0.005839   0.01912
       0/9      4.8G  0.009112   0.02094   0.01812   0.04817        12       640         0         0         0         0         0         0         0
       1/9      4.8G  0.006426   0.01772   0.01802   0.04216        12       640         0         0         0         0         0         0         0
       2/9      4.8G   0.00604   0.01729   0.01797    0.0413        12       640         0         0         0         0         0         0         0
       3/9      4.8G  0.005941   0.01599   0.01797   0.03991        12       640         0         0         0         0         0         0         0
       4/9      4.8G  0.005812   0.01456   0.01797   0.03833        12       640         0         0         0         0         0         0         0
       5/9      4.8G   0.00528    0.0117   0.01798   0.03495        12       640         0         0         0         0         0         0         0
       6/9      4.8G  0.003925  0.008401   0.01796   0.03029        12       640         0         0         0         0         0         0         0
       7/9      4.8G  0.002862  0.005764   0.01792   0.02655        12       640         0         0         0         0         0         0         0
       8/9      4.8G   0.00201  0.004086   0.01787   0.02397        12       640         0         0         0         0         0         0         0
       9/9      4.8G   0.00157  0.003168   0.01782   0.02255        12       640    0.2004    0.9649    0.2338    0.2098  0.004117  0.005772   0.01866
       0/9      4.8G  0.009027   0.02243   0.01936   0.05082        12       640         0         0         0         0         0         0         0
       1/9      4.8G   0.00628   0.01896   0.01925    0.0445        12       640         0         0         0         0         0         0         0
       2/9      4.8G  0.006022   0.01781   0.01923   0.04306        12       640         0         0         0         0         0         0         0
       3/9      4.8G  0.005896   0.01634   0.01921   0.04145        12       640         0         0         0         0         0         0         0
       4/9      4.8G  0.005712   0.01442    0.0192   0.03934        12       640         0         0         0         0         0         0         0
       5/9      4.8G  0.005265   0.01085   0.01921   0.03532        12       640         0         0         0         0         0         0         0
       6/9      4.8G  0.004144  0.008613   0.01917   0.03193        12       640         0         0         0         0         0         0         0
       7/9      4.8G  0.003172  0.006534   0.01913   0.02883        12       640         0         0         0         0         0         0         0
       8/9      4.8G  0.002519  0.005103   0.01906   0.02668        12       640         0         0         0         0         0         0         0
       9/9      4.8G   0.00208  0.004343   0.01897    0.0254        12       640    0.2216    0.7013    0.2494    0.2249   0.00369  0.006741   0.01974
       0/9      4.8G   0.01079   0.02123   0.01477   0.04678        12       640         0         0         0         0         0         0         0
       1/9      4.8G  0.007699   0.01693   0.01473   0.03936        12       640         0         0         0         0         0         0         0
       2/9      4.8G   0.00721   0.01629   0.01471   0.03821        12       640         0         0         0         0         0         0         0
       3/9      4.8G  0.007016   0.01581    0.0147   0.03753        12       640         0         0         0         0         0         0         0
       4/9      4.8G  0.006927   0.01484    0.0147   0.03646        12       640         0         0         0         0         0         0         0
       5/9      4.8G  0.006807   0.01375   0.01469   0.03525        12       640         0         0         0         0         0         0         0
       6/9      4.8G  0.006598   0.01215   0.01469   0.03344        12       640         0         0         0         0         0         0         0
       7/9      4.8G  0.005801  0.009847   0.01469   0.03034        12       640         0         0         0         0         0         0         0
       8/9      4.8G  0.004472  0.008309   0.01466   0.02744        12       640         0         0         0         0         0         0         0
       9/9      4.8G  0.003778  0.006707   0.01463   0.02512        12       640    0.1989    0.9366      0.22    0.1923  0.004271  0.005784   0.01505
       0/9      4.8G    0.0103   0.02442   0.01781   0.05253        12       640         0         0         0         0         0         0         0
       1/9      4.8G  0.007337   0.02129    0.0176   0.04623        12       640         0         0         0         0         0         0         0
       2/9      4.8G  0.006681   0.01999   0.01756   0.04423        12       640         0         0         0         0         0         0         0
       3/9      4.8G  0.006424   0.01811   0.01753   0.04206        12       640         0         0         0         0         0         0         0
       4/9      4.8G  0.006245   0.01447   0.01755   0.03826        12       640         0         0         0         0         0         0         0
       5/9      4.8G  0.005324   0.01085   0.01751   0.03369        12       640         0         0         0         0         0         0         0
       6/9      4.8G  0.004184  0.007704   0.01744   0.02932        12       640         0         0         0         0         0         0         0
       7/9      4.8G  0.003134  0.005143   0.01731   0.02559        12       640         0         0         0         0         0         0         0
       8/9      4.8G   0.00261  0.003868   0.01722    0.0237        12       640         0         0         0         0         0         0         0
       9/9      4.8G  0.002362  0.003318   0.01704   0.02272        12       640    0.2057    0.9518     0.253    0.2206  0.006045   0.01244   0.01908
       0/9      4.8G  0.006127   0.02549   0.01895   0.05057        12       640         0         0         0         0         0         0         0
       1/9      4.8G  0.004295   0.02259   0.01884   0.04572        12       640         0         0         0         0         0         0         0
       2/9      4.8G  0.004038   0.02129   0.01879   0.04412        12       640         0         0         0         0         0         0         0
       3/9      4.8G  0.003945   0.01919   0.01878   0.04192        12       640         0         0         0         0         0         0         0
       4/9      4.8G  0.003794   0.01577   0.01878   0.03834        12       640         0         0         0         0         0         0         0
       5/9      4.8G  0.003364   0.01192   0.01877   0.03405        12       640         0         0         0         0         0         0         0
       6/9      4.8G  0.002631  0.009469   0.01871   0.03081        12       640         0         0         0         0         0         0         0
       7/9      4.8G  0.002056   0.00696   0.01861   0.02763        12       640         0         0         0         0         0         0         0
       8/9      4.8G  0.001571  0.005047   0.01852   0.02514        12       640         0         0         0         0         0         0         0
       9/9      4.8G  0.001285  0.004153   0.01831   0.02375        12       640    0.2204    0.8298    0.2629    0.2354  0.002699  0.007969   0.01966
       0/9      4.8G  0.008288   0.02326   0.02269   0.05424        12       640         0         0         0         0         0         0         0
       1/9      4.8G  0.005892   0.01935    0.0226   0.04784        12       640         0         0         0         0         0         0         0
       2/9      4.8G  0.005535    0.0186   0.02257    0.0467        12       640         0         0         0         0         0         0         0
       3/9      4.8G  0.005416     0.017   0.02256   0.04498        12       640         0         0         0         0         0         0         0
       4/9      4.8G  0.005281   0.01518   0.02256   0.04302        12       640         0         0         0         0         0         0         0
       5/9      4.8G  0.004848   0.01109   0.02256    0.0385        12       640         0         0         0         0         0         0         0
       6/9      4.8G  0.003444  0.008399   0.02246   0.03431        12       640         0         0         0         0         0         0         0
       7/9      4.8G  0.002415  0.005441   0.02244   0.03029        12       640         0         0         0         0         0         0         0
       8/9      4.8G  0.001619  0.003972   0.02229   0.02789        12       640         0         0         0         0         0         0         0
       9/9      4.8G  0.001323  0.003023   0.02216   0.02651        12       640      0.22    0.8677    0.2641    0.2484  0.003234  0.008952   0.02311
       0/9      4.8G  0.008536   0.02344    0.0233   0.05527        12       640         0         0         0         0         0         0         0
       1/9      4.8G  0.006105   0.01961   0.02318   0.04889        12       640         0         0         0         0         0         0         0
       2/9      4.8G  0.005788   0.01901   0.02313   0.04793        12       640         0         0         0         0         0         0         0
       3/9      4.8G  0.005656   0.01746   0.02313   0.04625        12       640         0         0         0         0         0         0         0
       4/9      4.8G  0.005539    0.0155   0.02311   0.04415        12       640         0         0         0         0         0         0         0
       5/9      4.8G  0.005017   0.01107   0.02313   0.03922        12       640         0         0         0         0         0         0         0
       6/9      4.8G  0.003498  0.007636   0.02307    0.0342        12       640         0         0         0         0         0         0         0
       7/9      4.8G  0.002246  0.004917   0.02301   0.03018        12       640         0         0         0         0         0         0         0
       8/9      4.8G    0.0016  0.003709   0.02291   0.02822        12       640         0         0         0         0         0         0         0
       9/9      4.8G  0.001289  0.002889   0.02276   0.02694        12       640    0.2112    0.9555    0.2582    0.2444  0.003345  0.007852   0.02373
       0/9      4.8G   0.02069   0.02689   0.02842     0.076        12       640         0         0         0         0         0         0         0
       1/9      4.8G    0.0152   0.02039   0.02841   0.06401        12       640         0         0         0         0         0         0         0
       2/9      4.8G   0.01304   0.01922   0.02825   0.06051        12       640         0         0         0         0         0         0         0
       3/9      4.8G   0.01184   0.01858   0.02816   0.05858        12       640         0         0         0         0         0         0         0
       4/9      4.8G   0.01127   0.01746   0.02838   0.05712        12       640         0         0         0         0         0         0         0
       5/9      4.8G     0.011   0.01624   0.02839   0.05563        12       640         0         0         0         0         0         0         0
       6/9      4.8G   0.01039   0.01331   0.02833   0.05203        12       640         0         0         0         0         0         0         0
       7/9      4.8G  0.009142   0.01012   0.02836   0.04762        12       640         0         0         0         0         0         0         0
       8/9      4.8G  0.008143  0.008479   0.02798    0.0446        12       640         0         0         0         0         0         0         0
       9/9      4.8G  0.007506   0.00646   0.02766   0.04162        12       640    0.2015    0.8958    0.2313    0.1926   0.01113  0.007233   0.03225
       0/9      4.8G   0.03228     0.028   0.05037    0.1106        12       640         0         0         0         0         0         0         0
       1/9      4.8G   0.02534    0.0258   0.05011    0.1013        12       640         0         0         0         0         0         0         0
       2/9      4.8G   0.02502   0.02275    0.0499   0.09768        12       640         0         0         0         0         0         0         0
       3/9      4.8G   0.02485   0.01725    0.0499     0.092        12       640         0         0         0         0         0         0         0
       4/9      4.8G   0.02466   0.01387   0.04977    0.0883        12       640         0         0         0         0         0         0         0
       5/9      4.8G   0.02405   0.01203   0.04957   0.08565        12       640         0         0         0         0         0         0         0
       6/9      4.8G   0.02318   0.01029   0.04941   0.08288        12       640         0         0         0         0         0         0         0
       7/9      4.8G   0.02258  0.008343   0.04916   0.08008        12       640         0         0         0         0         0         0         0
       8/9      4.8G   0.02223  0.007571   0.04876   0.07856        12       640         0         0         0         0         0         0         0
       9/9      4.8G   0.02199  0.007171   0.04869   0.07784        12       640    0.2141    0.6261     0.232    0.2002    0.0236   0.01027   0.04907
       0/9      4.8G  0.007079   0.02114   0.02144   0.04966        12       640         0         0         0         0         0         0         0
       1/9      4.8G  0.004994   0.01692   0.02132   0.04323        12       640         0         0         0         0         0         0         0
       2/9      4.8G  0.004701   0.01651   0.02129   0.04249        12       640         0         0         0         0         0         0         0
       3/9      4.8G   0.00456   0.01584   0.02126   0.04167        12       640         0         0         0         0         0         0         0
       4/9      4.8G  0.004481   0.01479   0.02124   0.04051        12       640         0         0         0         0         0         0         0
       5/9      4.8G  0.004387   0.01383   0.02124   0.03946        12       640         0         0         0         0         0         0         0
       6/9      4.8G  0.004163   0.01104   0.02126   0.03646        12       640         0         0         0         0         0         0         0
       7/9      4.8G  0.003346  0.008855   0.02123   0.03343        12       640         0         0         0         0         0         0         0
       8/9      4.8G  0.002725  0.007262   0.02114   0.03113        12       640         0         0         0         0         0         0         0
       9/9      4.8G  0.002198  0.005517   0.02103   0.02875        12       640    0.1988    0.9445    0.2212    0.1869  0.003404  0.006334   0.02222
       0/9      4.8G  0.008503   0.02325   0.02299   0.05475        12       640         0         0         0         0         0         0         0
       1/9      4.8G  0.006177   0.01943    0.0229   0.04851        12       640         0         0         0         0         0         0         0
       2/9      4.8G  0.005758   0.01892   0.02285   0.04753        12       640         0         0         0         0         0         0         0
       3/9      4.8G  0.005622    0.0176   0.02283   0.04605        12       640         0         0         0         0         0         0         0
       4/9      4.8G  0.005471     0.016    0.0228   0.04427        12       640         0         0         0         0         0         0         0
       5/9      4.8G  0.005091   0.01214   0.02282   0.04005        12       640         0         0         0         0         0         0         0
       6/9      4.8G  0.003803  0.009059   0.02276   0.03562        12       640         0         0         0         0         0         0         0
       7/9      4.8G  0.002743  0.006212   0.02272   0.03168        12       640         0         0         0         0         0         0         0
       8/9      4.8G  0.001922  0.004502   0.02263   0.02905        12       640         0         0         0         0         0         0         0
       9/9      4.8G   0.00147  0.003616   0.02243   0.02752        12       640    0.2147    0.8529    0.2506    0.2272  0.003626  0.007245   0.02361
       0/9      4.8G  0.006048    0.0197   0.01906    0.0448        12       640         0         0         0         0         0         0         0
       1/9      4.8G  0.004174   0.01636   0.01896    0.0395        12       640         0         0         0         0         0         0         0
       2/9      4.8G  0.003922   0.01548   0.01894   0.03834        12       640         0         0         0         0         0         0         0
       3/9      4.8G  0.003812   0.01407   0.01894   0.03682        12       640         0         0         0         0         0         0         0
       4/9      4.8G  0.003681    0.0115   0.01894   0.03412        12       640         0         0         0         0         0         0         0
       5/9      4.8G  0.003057  0.008576   0.01892   0.03055        12       640         0         0         0         0         0         0         0
       6/9      4.8G  0.002202  0.006712   0.01887   0.02778        12       640         0         0         0         0         0         0         0
       7/9      4.8G  0.001579  0.004427   0.01878   0.02479        12       640         0         0         0         0         0         0         0
       8/9      4.8G  0.001172  0.003449   0.01856   0.02319        12       640         0         0         0         0         0         0         0
       9/9      4.8G 0.0009732   0.00287   0.01835   0.02219        12       640    0.2199    0.8409    0.2562    0.2332  0.002475  0.008051   0.01965
       0/9    0.388G  0.006787   0.02576     0.028   0.06054        12       640         0         0         0         0         0         0         0
       1/9     4.81G   0.00495    0.0219   0.02774   0.05459        12       640         0         0         0         0         0         0         0
       2/9     4.81G  0.004528   0.02149   0.02765   0.05367        12       640         0         0         0         0         0         0         0
       3/9     4.81G  0.004355   0.02054   0.02758   0.05248        12       640         0         0         0         0         0         0         0
       4/9     4.81G  0.004264   0.01863   0.02759   0.05049        12       640         0         0         0         0         0         0         0
       5/9     4.81G  0.004164    0.0161   0.02755   0.04782        12       640         0         0         0         0         0         0         0
       6/9     4.81G  0.003811   0.01208   0.02759   0.04347        12       640         0         0         0         0         0         0         0
       7/9     4.81G  0.003138    0.0104   0.02746     0.041        12       640         0         0         0         0         0         0         0
       8/9     4.81G   0.00262   0.00883    0.0273   0.03875        12       640         0         0         0         0         0         0         0
       9/9     4.81G   0.00224   0.00692   0.02718   0.03634        12       640    0.2068    0.8338    0.2407    0.2077  0.003374  0.006494   0.02862
       0/9      4.8G  0.008865   0.02258   0.02379   0.05524        12       640         0         0         0         0         0         0         0
       1/9      4.8G  0.006332   0.01849   0.02369   0.04851        12       640         0         0         0         0         0         0         0
       2/9      4.8G  0.005914   0.01795   0.02365   0.04752        12       640         0         0         0         0         0         0         0
       3/9      4.8G  0.005725   0.01705   0.02365   0.04643        12       640         0         0         0         0         0         0         0
       4/9      4.8G  0.005645   0.01577   0.02363   0.04504        12       640         0         0         0         0         0         0         0
       5/9      4.8G  0.005514   0.01338   0.02364   0.04253        12       640         0         0         0         0         0         0         0
       6/9      4.8G  0.004969   0.01034    0.0236   0.03891        12       640         0         0         0         0         0         0         0
       7/9      4.8G  0.003696  0.008838   0.02357    0.0361        12       640         0         0         0         0         0         0         0
       8/9      4.8G  0.002913  0.006663   0.02348   0.03306        12       640         0         0         0         0         0         0         0
       9/9      4.8G  0.002254  0.004893   0.02337   0.03052        12       640    0.2062    0.9131    0.2519    0.2275  0.003771  0.005655   0.02432
       0/9      4.8G  0.008948   0.02668   0.01951   0.05514        12       640         0         0         0         0         0         0         0
       1/9      4.8G  0.006121   0.02186   0.01947   0.04745        12       640         0         0         0         0         0         0         0
       2/9      4.8G  0.005723   0.02102   0.01944   0.04619        12       640         0         0         0         0         0         0         0
       3/9      4.8G  0.005578   0.01992   0.01945   0.04494        12       640         0         0         0         0         0         0         0
       4/9      4.8G  0.005432   0.01816   0.01944   0.04303        12       640         0         0         0         0         0         0         0
       5/9      4.8G  0.005241   0.01554   0.01944   0.04022        12       640         0         0         0         0         0         0         0
       6/9      4.8G  0.004271   0.01122   0.01946   0.03495        12       640         0         0         0         0         0         0         0
       7/9      4.8G   0.00286  0.007729   0.01942   0.03001        12       640         0         0         0         0         0         0         0
       8/9      4.8G  0.001943  0.004675   0.01936   0.02598        12       640         0         0         0         0         0         0         0
       9/9      4.8G  0.001392  0.003306   0.01934   0.02404        12       640     0.204    0.9778     0.244    0.2301  0.003001  0.009366    0.0202
       0/9      4.8G    0.0106   0.02258   0.01648   0.04967        12       640         0         0         0         0         0         0         0
       1/9      4.8G  0.007905   0.01967    0.0164   0.04397        12       640         0         0         0         0         0         0         0
       2/9      4.8G  0.007359   0.01872   0.01634   0.04242        12       640         0         0         0         0         0         0         0
       3/9      4.8G  0.007006   0.01675   0.01631   0.04006        12       640         0         0         0         0         0         0         0
       4/9      4.8G  0.006639   0.01319    0.0163   0.03613        12       640         0         0         0         0         0         0         0
       5/9      4.8G  0.005087  0.009018   0.01623   0.03034        12       640         0         0         0         0         0         0         0
       6/9      4.8G  0.003491    0.0056   0.01622   0.02531        12       640         0         0         0         0         0         0         0
       7/9      4.8G  0.002486  0.004107   0.01613   0.02272        12       640         0         0         0         0         0         0         0
       8/9      4.8G  0.002072  0.003347   0.01611   0.02153        12       640         0         0         0         0         0         0         0
       9/9      4.8G  0.001868  0.002831   0.01596   0.02066        12       640    0.2038    0.9613     0.242    0.2216  0.004749  0.008094   0.01728
       0/9      4.8G  0.009665   0.02827   0.02183   0.05976        12       640         0         0         0         0         0         0         0
       1/9      4.8G    0.0064   0.02283   0.02173   0.05096        12       640         0         0         0         0         0         0         0
       2/9      4.8G  0.005963   0.02196    0.0217   0.04962        12       640         0         0         0         0         0         0         0
       3/9      4.8G  0.005715   0.02116   0.02169   0.04856        12       640         0         0         0         0         0         0         0
       4/9      4.8G  0.005607   0.01933   0.02169   0.04662        12       640         0         0         0         0         0         0         0
       5/9      4.8G  0.005429   0.01629   0.02169    0.0434        12       640         0         0         0         0         0         0         0
       6/9      4.8G  0.004692   0.01113   0.02166   0.03749        12       640         0         0         0         0         0         0         0
       7/9      4.8G  0.003092   0.00791   0.02155   0.03255        12       640         0         0         0         0         0         0         0
       8/9      4.8G  0.002101  0.005313   0.02147   0.02889        12       640         0         0         0         0         0         0         0
       9/9      4.8G  0.001471  0.003959   0.02133   0.02676        12       640    0.2156    0.9283    0.2539    0.2324  0.003408  0.008054   0.02284
       0/9      4.8G  0.008597   0.02082   0.02294   0.05236        12       640         0         0         0         0         0         0         0
       1/9      4.8G   0.00613   0.01736   0.02282   0.04631        12       640         0         0         0         0         0         0         0
       2/9      4.8G  0.005837   0.01696   0.02279   0.04558        12       640         0         0         0         0         0         0         0
       3/9      4.8G  0.005687    0.0162   0.02277   0.04465        12       640         0         0         0         0         0         0         0
       4/9      4.8G  0.005611   0.01461   0.02276   0.04298        12       640         0         0         0         0         0         0         0
       5/9      4.8G  0.005435   0.01247   0.02274   0.04065        12       640         0         0         0         0         0         0         0
       6/9      4.8G  0.004498  0.009243   0.02272   0.03646        12       640         0         0         0         0         0         0         0
       7/9      4.8G  0.003289  0.006778   0.02265   0.03272        12       640         0         0         0         0         0         0         0
       8/9      4.8G  0.002419  0.004663   0.02249   0.02957        12       640         0         0         0         0         0         0         0
       9/9      4.8G  0.001816  0.003758   0.02226   0.02784        12       640    0.2203    0.8495    0.2669    0.2453  0.003404  0.006026   0.02321
       0/9      4.8G  0.008769   0.02552   0.02204   0.05633        12       640         0         0         0         0         0         0         0
       1/9      4.8G  0.006247    0.0223   0.02192   0.05047        12       640         0         0         0         0         0         0         0
       2/9      4.8G  0.005996   0.02026   0.02193   0.04819        12       640         0         0         0         0         0         0         0
       3/9      4.8G  0.005783    0.0176    0.0219   0.04529        12       640         0         0         0         0         0         0         0
       4/9      4.8G  0.005301   0.01298   0.02193   0.04021        12       640         0         0         0         0         0         0         0
       5/9      4.8G  0.004089  0.009415   0.02186   0.03537        12       640         0         0         0         0         0         0         0
       6/9      4.8G  0.002939  0.005861   0.02181   0.03061        12       640         0         0         0         0         0         0         0
       7/9      4.8G   0.00204  0.004013   0.02168   0.02773        12       640         0         0         0         0         0         0         0
       8/9      4.8G  0.001593  0.003131    0.0215   0.02623        12       640         0         0         0         0         0         0         0
       9/9      4.8G  0.001427  0.002833   0.02129   0.02555        12       640    0.2134    0.8754     0.248    0.2327   0.00373   0.01063   0.02282
       0/9      4.8G  0.008445    0.0225   0.02381   0.05476        12       640         0         0         0         0         0         0         0
       1/9      4.8G  0.005926   0.01937   0.02367   0.04897        12       640         0         0         0         0         0         0         0
       2/9      4.8G  0.005623    0.0186   0.02364   0.04786        12       640         0         0         0         0         0         0         0
       3/9      4.8G  0.005527    0.0168   0.02364   0.04597        12       640         0         0         0         0         0         0         0
       4/9      4.8G  0.005334    0.0138   0.02364   0.04277        12       640         0         0         0         0         0         0         0
       5/9      4.8G  0.004434    0.0102   0.02362   0.03826        12       640         0         0         0         0         0         0         0
       6/9      4.8G  0.003177  0.007546   0.02357   0.03429        12       640         0         0         0         0         0         0         0
       7/9      4.8G  0.002263   0.00492   0.02346   0.03064        12       640         0         0         0         0         0         0         0
       8/9      4.8G  0.001695  0.003712   0.02319    0.0286        12       640         0         0         0         0         0         0         0
       9/9      4.8G    0.0015  0.002987   0.02297   0.02746        12       640    0.2267    0.7607     0.262    0.2374  0.003606  0.009241   0.02428
       0/9      4.8G  0.008399    0.0274   0.02248   0.05828        12       640         0         0         0         0         0         0         0
       1/9      4.8G  0.005933   0.02338    0.0224   0.05171        12       640         0         0         0         0         0         0         0
       2/9      4.8G  0.005635   0.02244   0.02238   0.05046        12       640         0         0         0         0         0         0         0
       3/9      4.8G   0.00545   0.02034   0.02234   0.04812        12       640         0         0         0         0         0         0         0
       4/9      4.8G   0.00528   0.01758   0.02233   0.04519        12       640         0         0         0         0         0         0         0
       5/9      4.8G  0.004804   0.01257   0.02233   0.03971        12       640         0         0         0         0         0         0         0
       6/9      4.8G   0.00338  0.009044   0.02227   0.03469        12       640         0         0         0         0         0         0         0
       7/9      4.8G   0.00211  0.005593   0.02217   0.02987        12       640         0         0         0         0         0         0         0
       8/9      4.8G  0.001558  0.004228   0.02199   0.02777        12       640         0         0         0         0         0         0         0
       9/9      4.8G  0.001313  0.003386   0.02179   0.02649        12       640    0.2198    0.8741    0.2631    0.2354  0.003628  0.008359   0.02287
       0/9      4.8G    0.0097   0.02115   0.02197   0.05282        12       640         0         0         0         0         0         0         0
       1/9      4.8G  0.006945   0.01829    0.0218   0.04704        12       640         0         0         0         0         0         0         0
       2/9      4.8G  0.006705   0.01785   0.02179   0.04635        12       640         0         0         0         0         0         0         0
       3/9      4.8G  0.006641   0.01644   0.02181   0.04489        12       640         0         0         0         0         0         0         0
       4/9      4.8G  0.006486   0.01462   0.02178   0.04288        12       640         0         0         0         0         0         0         0
       5/9      4.8G   0.00586   0.01062   0.02178   0.03826        12       640         0         0         0         0         0         0         0
       6/9      4.8G  0.004065  0.008178   0.02168   0.03392        12       640         0         0         0         0         0         0         0
       7/9      4.8G  0.002842  0.005406   0.02162   0.02987        12       640         0         0         0         0         0         0         0
       8/9      4.8G  0.002072  0.003573   0.02156   0.02721        12       640         0         0         0         0         0         0         0
       9/9      4.8G  0.001642  0.003045    0.0214   0.02609        12       640    0.2199    0.8652    0.2646    0.2422  0.004268  0.005978    0.0223
       0/9      4.8G  0.008127   0.02248    0.0222   0.05281        12       640         0         0         0         0         0         0         0
       1/9      4.8G  0.005838   0.01886   0.02212   0.04682        12       640         0         0         0         0         0         0         0
       2/9      4.8G  0.005528   0.01825   0.02208   0.04586        12       640         0         0         0         0         0         0         0
       3/9      4.8G  0.005405   0.01683   0.02208   0.04431        12       640         0         0         0         0         0         0         0
       4/9      4.8G  0.005268   0.01512   0.02207   0.04245        12       640         0         0         0         0         0         0         0
       5/9      4.8G  0.004781   0.01096   0.02208   0.03782        12       640         0         0         0         0         0         0         0
       6/9      4.8G  0.003346   0.00812   0.02202   0.03349        12       640         0         0         0         0         0         0         0
       7/9      4.8G  0.002163  0.005017   0.02198   0.02916        12       640         0         0         0         0         0         0         0
       8/9      4.8G  0.001535   0.00391   0.02189   0.02734        12       640         0         0         0         0         0         0         0
       9/9      4.8G  0.001303  0.003162   0.02175   0.02622        12       640    0.2154    0.8775    0.2564    0.2297  0.003519   0.00821   0.02264
       0/9      4.8G  0.009385   0.02492   0.02166   0.05597        12       640         0         0         0         0         0         0         0
       1/9      4.8G  0.006712   0.02187   0.02157   0.05015        12       640         0         0         0         0         0         0         0
       2/9      4.8G    0.0065   0.02051   0.02155   0.04856        12       640         0         0         0         0         0         0         0
       3/9      4.8G  0.006332   0.01822   0.02152   0.04607        12       640         0         0         0         0         0         0         0
       4/9      4.8G  0.006092   0.01385   0.02151   0.04146        12       640         0         0         0         0         0         0         0
       5/9      4.8G   0.00526    0.0109   0.02148   0.03764        12       640         0         0         0         0         0         0         0
       6/9      4.8G  0.004023   0.00811   0.02141   0.03354        12       640         0         0         0         0         0         0         0
       7/9      4.8G  0.003066  0.005521   0.02134   0.02993        12       640         0         0         0         0         0         0         0
       8/9      4.8G  0.002468  0.004553   0.02117   0.02819        12       640         0         0         0         0         0         0         0
       9/9      4.8G  0.002116  0.003742   0.02103   0.02689        12       640    0.2139    0.9146    0.2533    0.2225  0.004141   0.01171   0.02215
       0/9      4.8G  0.007348   0.02353   0.02148   0.05236        12       640         0         0         0         0         0         0         0
       1/9      4.8G  0.005111   0.01991   0.02136   0.04638        12       640         0         0         0         0         0         0         0
       2/9      4.8G  0.004893   0.01913   0.02132   0.04534        12       640         0         0         0         0         0         0         0
       3/9      4.8G  0.004778    0.0176   0.02132    0.0437        12       640         0         0         0         0         0         0         0
       4/9      4.8G  0.004653     0.016   0.02132   0.04197        12       640         0         0         0         0         0         0         0
       5/9      4.8G  0.004387   0.01194   0.02134   0.03766        12       640         0         0         0         0         0         0         0
       6/9      4.8G  0.003353  0.009398    0.0213   0.03405        12       640         0         0         0         0         0         0         0
       7/9      4.8G  0.002479   0.00651   0.02127   0.03026        12       640         0         0         0         0         0         0         0
       8/9      4.8G  0.001845  0.004683    0.0212   0.02773        12       640         0         0         0         0         0         0         0
       9/9      4.8G  0.001482  0.003923   0.02107   0.02648        12       640    0.2143    0.8546    0.2477    0.2268  0.003043  0.007837   0.02196
       0/9      4.8G   0.00837   0.02168   0.02316   0.05321        12       640         0         0         0         0         0         0         0
       1/9      4.8G  0.005959   0.01788     0.023   0.04684        12       640         0         0         0         0         0         0         0
       2/9      4.8G  0.005575   0.01744   0.02297   0.04598        12       640         0         0         0         0         0         0         0
       3/9      4.8G  0.005461    0.0165   0.02295   0.04492        12       640         0         0         0         0         0         0         0
       4/9      4.8G  0.005347   0.01505   0.02293   0.04332        12       640         0         0         0         0         0         0         0
       5/9      4.8G  0.005164   0.01264   0.02294   0.04075        12       640         0         0         0         0         0         0         0
       6/9      4.8G  0.004325  0.009498   0.02293   0.03675        12       640         0         0         0         0         0         0         0
       7/9      4.8G  0.003115  0.006939   0.02285   0.03291        12       640         0         0         0         0         0         0         0
       8/9      4.8G  0.002376  0.004773   0.02277   0.02991        12       640         0         0         0         0         0         0         0
       9/9      4.8G  0.001799  0.003413   0.02269   0.02791        12       640    0.2057    0.9284      0.24    0.2222  0.003319  0.007154   0.02374
       0/9      4.8G   0.02882   0.01588   0.03297   0.07767        12       640         0         0         0         0         0         0         0
       1/9      4.8G   0.02251    0.0146   0.03276   0.06987        12       640         0         0         0         0         0         0         0
       2/9      4.8G   0.02229   0.01425   0.03261   0.06915        12       640         0         0         0         0         0         0         0
       3/9      4.8G   0.02217   0.01325   0.03256   0.06798        12       640         0         0         0         0         0         0         0
       4/9      4.8G   0.02204   0.01223   0.03259   0.06687        12       640         0         0         0         0         0         0         0
       5/9      4.8G    0.0218   0.00928    0.0324   0.06348        12       640         0         0         0         0         0         0         0
       6/9      4.8G   0.02099  0.007622   0.03231   0.06092        12       640         0         0         0         0         0         0         0
       7/9      4.8G   0.02014  0.006778   0.03227   0.05918        12       640         0         0         0         0         0         0         0
       8/9      4.8G   0.01951  0.005602   0.03189   0.05701        12       640         0         0         0         0         0         0         0
       9/9      4.8G   0.01916  0.004538   0.03177   0.05546        12       640    0.1979    0.8241    0.2305    0.2003   0.02159  0.005224   0.03324
       0/9      4.8G  0.008479   0.02343   0.02305   0.05496        12       640         0         0         0         0         0         0         0
       1/9      4.8G  0.006099   0.01944   0.02292   0.04846        12       640         0         0         0         0         0         0         0
       2/9      4.8G  0.005713   0.01886   0.02287   0.04744        12       640         0         0         0         0         0         0         0
       3/9      4.8G  0.005602   0.01743   0.02287    0.0459        12       640         0         0         0         0         0         0         0
       4/9      4.8G  0.005468   0.01527   0.02285   0.04359        12       640         0         0         0         0         0         0         0
       5/9      4.8G  0.005033    0.0114   0.02286    0.0393        12       640         0         0         0         0         0         0         0
       6/9      4.8G  0.003649  0.008977    0.0228   0.03543        12       640         0         0         0         0         0         0         0
       7/9      4.8G  0.002724  0.005843   0.02273    0.0313        12       640         0         0         0         0         0         0         0
       8/9      4.8G  0.001988  0.004162   0.02259   0.02875        12       640         0         0         0         0         0         0         0
       9/9      4.8G  0.001534   0.00328   0.02235   0.02717        12       640    0.2238    0.8403    0.2712    0.2464  0.003183  0.008499   0.02345
       0/9      4.8G  0.008376   0.02266   0.02352   0.05455        12       640         0         0         0         0         0         0         0
       1/9      4.8G  0.005851   0.01887   0.02341   0.04813        12       640         0         0         0         0         0         0         0
       2/9      4.8G  0.005579   0.01805   0.02337     0.047        12       640         0         0         0         0         0         0         0
       3/9      4.8G  0.005477   0.01647   0.02337   0.04532        12       640         0         0         0         0         0         0         0
       4/9      4.8G  0.005329   0.01481   0.02337    0.0435        12       640         0         0         0         0         0         0         0
       5/9      4.8G  0.004735   0.01102   0.02338   0.03913        12       640         0         0         0         0         0         0         0
       6/9      4.8G  0.003382  0.008183   0.02333    0.0349        12       640         0         0         0         0         0         0         0
       7/9      4.8G  0.002377   0.00517   0.02326    0.0308        12       640         0         0         0         0         0         0         0
       8/9      4.8G  0.001581   0.00385   0.02311   0.02854        12       640         0         0         0         0         0         0         0
       9/9      4.8G   0.00135  0.002937   0.02294   0.02723        12       640    0.2064     0.955    0.2511    0.2309  0.003361  0.008124   0.02441
       0/9      4.8G  0.007778   0.02332   0.02254   0.05364        12       640         0         0         0         0         0         0         0
       1/9      4.8G  0.005433   0.01946   0.02242   0.04732        12       640         0         0         0         0         0         0         0
       2/9      4.8G    0.0051   0.01885   0.02239   0.04634        12       640         0         0         0         0         0         0         0
       3/9      4.8G  0.005025   0.01753   0.02238   0.04493        12       640         0         0         0         0         0         0         0
       4/9      4.8G  0.004864   0.01607   0.02237   0.04331        12       640         0         0         0         0         0         0         0
       5/9      4.8G   0.00452   0.01217   0.02239   0.03908        12       640         0         0         0         0         0         0         0
       6/9      4.8G  0.003366  0.009001   0.02232   0.03468        12       640         0         0         0         0         0         0         0
       7/9      4.8G  0.002433  0.005978   0.02222   0.03063        12       640         0         0         0         0         0         0         0
       8/9      4.8G   0.00179  0.004448   0.02212   0.02836        12       640         0         0         0         0         0         0         0
       9/9      4.8G  0.001389  0.003608     0.022     0.027        12       640    0.2262    0.7837    0.2705    0.2475  0.003032  0.007569   0.02286
       0/9      4.8G  0.007979   0.02455   0.02378   0.05631        12       640         0         0         0         0         0         0         0
       1/9      4.8G  0.005538   0.02065   0.02362   0.04981        12       640         0         0         0         0         0         0         0
       2/9      4.8G   0.00519   0.01992   0.02359    0.0487        12       640         0         0         0         0         0         0         0
       3/9      4.8G  0.005085   0.01835   0.02358   0.04702        12       640         0         0         0         0         0         0         0
       4/9      4.8G  0.004952    0.0167   0.02356   0.04521        12       640         0         0         0         0         0         0         0
       5/9      4.8G  0.004615   0.01278    0.0236   0.04099        12       640         0         0         0         0         0         0         0
       6/9      4.8G  0.003432  0.009228   0.02355   0.03621        12       640         0         0         0         0         0         0         0
       7/9      4.8G  0.002539  0.006417   0.02345    0.0324        12       640         0         0         0         0         0         0         0
       8/9      4.8G  0.001861  0.004525   0.02322    0.0296        12       640         0         0         0         0         0         0         0
       9/9      4.8G  0.001472  0.003488   0.02302   0.02798        12       640    0.2259    0.8387    0.2702     0.246  0.003135  0.009653   0.02429
       0/9      4.8G  0.008509   0.01914   0.02282   0.05047        12       640         0         0         0         0         0         0         0
       1/9      4.8G  0.005687    0.0169   0.02265   0.04523        12       640         0         0         0         0         0         0         0
       2/9      4.8G  0.005542   0.01518   0.02263   0.04336        12       640         0         0         0         0         0         0         0
       3/9      4.8G  0.005391   0.01266   0.02263   0.04068        12       640         0         0         0         0         0         0         0
       4/9      4.8G  0.004542  0.008976    0.0226   0.03612        12       640         0         0         0         0         0         0         0
       5/9      4.8G  0.003396  0.006578   0.02253   0.03251        12       640         0         0         0         0         0         0         0
       6/9      4.8G  0.002619  0.004555   0.02246   0.02964        12       640         0         0         0         0         0         0         0
       7/9      4.8G  0.001996   0.00354   0.02233   0.02786        12       640         0         0         0         0         0         0         0
       8/9      4.8G  0.001696  0.002806   0.02212   0.02663        12       640         0         0         0         0         0         0         0
       9/9      4.8G  0.001437   0.00238   0.02197   0.02578        12       640    0.2195    0.8414    0.2688    0.2488  0.003333  0.008439   0.02335
       0/9      4.8G  0.008348   0.01866   0.02235   0.04936        12       640         0         0         0         0         0         0         0
       1/9      4.8G  0.005639   0.01618   0.02224   0.04405        12       640         0         0         0         0         0         0         0
       2/9      4.8G  0.005506   0.01464   0.02225   0.04239        12       640         0         0         0         0         0         0         0
       3/9      4.8G  0.005301   0.01265   0.02224   0.04019        12       640         0         0         0         0         0         0         0
       4/9      4.8G  0.004657  0.009307   0.02223    0.0362        12       640         0         0         0         0         0         0         0
       5/9      4.8G  0.003458  0.007079   0.02216    0.0327        12       640         0         0         0         0         0         0         0
       6/9      4.8G  0.002604  0.004544   0.02211   0.02926        12       640         0         0         0         0         0         0         0
       7/9      4.8G  0.001878  0.003321   0.02196   0.02716        12       640         0         0         0         0         0         0         0
       8/9      4.8G  0.001522  0.002525   0.02178   0.02583        12       640         0         0         0         0         0         0         0
       9/9      4.8G  0.001317  0.002206   0.02159   0.02511        12       640    0.2258     0.786    0.2689    0.2472  0.003527  0.008887    0.0227
       0/9      4.8G  0.008166    0.0192   0.02403    0.0514        12       640         0         0         0         0         0         0         0
       1/9      4.8G   0.00557   0.01663    0.0239   0.04609        12       640         0         0         0         0         0         0         0
       2/9      4.8G   0.00537   0.01497   0.02388   0.04422        12       640         0         0         0         0         0         0         0
       0/9    0.388G  0.008572   0.02479   0.02704   0.06041        12       640         0         0         0         0         0         0         0
       1/9     4.81G  0.006231    0.0216   0.02682   0.05464        12       640         0         0         0         0         0         0         0
       2/9     4.81G  0.006085   0.02012   0.02681   0.05301        12       640         0         0         0         0         0         0         0
       3/9     4.81G  0.005931   0.01877    0.0268    0.0515        12       640         0         0         0         0         0         0         0
       4/9     4.81G   0.00584   0.01626   0.02679   0.04889        12       640         0         0         0         0         0         0         0
       5/9     4.81G  0.005543   0.01313   0.02676   0.04543        12       640         0         0         0         0         0         0         0
       6/9     4.81G  0.005036   0.01132   0.02671   0.04307        12       640         0         0         0         0         0         0         0
       7/9     4.81G  0.004153  0.009895   0.02665    0.0407        12       640         0         0         0         0         0         0         0
       8/9     4.81G  0.003648  0.008321   0.02657   0.03854        12       640         0         0         0         0         0         0         0
       9/9     4.81G  0.003181  0.006992   0.02647   0.03664        12       640    0.1995    0.9307    0.2275    0.1877  0.004526  0.007616   0.02749
       0/9      4.8G  0.008061   0.02394   0.02392   0.05591        12       640         0         0         0         0         0         0         0
       1/9      4.8G  0.005165    0.0199   0.02374   0.04881        12       640         0         0         0         0         0         0         0
       2/9      4.8G   0.00485   0.01906   0.02368   0.04759        12       640         0         0         0         0         0         0         0
       3/9      4.8G  0.004669   0.01781   0.02365   0.04613        12       640         0         0         0         0         0         0         0
       4/9      4.8G  0.004576   0.01623   0.02361   0.04442        12       640         0         0         0         0         0         0         0
       5/9      4.8G   0.00447   0.01366   0.02359   0.04172        12       640         0         0         0         0         0         0         0
       6/9      4.8G  0.004009   0.01035   0.02351   0.03787        12       640         0         0         0         0         0         0         0
       7/9      4.8G  0.003109  0.009055   0.02336   0.03553        12       640         0         0         0         0         0         0         0
       8/9      4.8G  0.002587  0.007836   0.02335   0.03378        12       640         0         0         0         0         0         0         0
       9/9      4.8G  0.002246  0.005716   0.02312   0.03109        12       640    0.2065    0.8513    0.2429     0.215  0.003011  0.005572   0.02489
       0/9      4.8G  0.008297   0.01867   0.02222   0.04918        12       640         0         0         0         0         0         0         0
       1/9      4.8G  0.005502    0.0166   0.02212   0.04422        12       640         0         0         0         0         0         0         0
       2/9      4.8G   0.00537   0.01544   0.02211   0.04292        12       640         0         0         0         0         0         0         0
       3/9      4.8G  0.005293   0.01345   0.02211   0.04086        12       640         0         0         0         0         0         0         0
       4/9      4.8G  0.004954   0.01008   0.02212   0.03715        12       640         0         0         0         0         0         0         0
       5/9      4.8G  0.003883  0.008221   0.02203   0.03414        12       640         0         0         0         0         0         0         0
       6/9      4.8G  0.003049  0.006143   0.02198   0.03117        12       640         0         0         0         0         0         0         0
       7/9      4.8G  0.002279  0.004386   0.02188   0.02854        12       640         0         0         0         0         0         0         0
       8/9      4.8G  0.001854  0.003455    0.0217   0.02701        12       640         0         0         0         0         0         0         0
       9/9      4.8G  0.001615  0.002761   0.02159   0.02597        12       640    0.2186    0.8664    0.2547    0.2393  0.003306  0.005201   0.02267
       0/9      4.8G  0.008514   0.01471   0.02038   0.04361        12       640         0         0         0         0         0         0         0
       1/9      4.8G  0.005772    0.0125   0.02024   0.03851        12       640         0         0         0         0         0         0         0
       2/9      4.8G    0.0056   0.01173   0.02023   0.03757        12       640         0         0         0         0         0         0         0
       3/9      4.8G  0.005503   0.01078   0.02023   0.03651        12       640         0         0         0         0         0         0         0
       4/9      4.8G  0.005252  0.009267   0.02023   0.03475        12       640         0         0         0         0         0         0         0
       5/9      4.8G  0.004132  0.006733   0.02021   0.03108        12       640         0         0         0         0         0         0         0
       6/9      4.8G  0.002965  0.004817   0.02018   0.02797        12       640         0         0         0         0         0         0         0
       7/9      4.8G  0.001959  0.003298   0.02009   0.02535        12       640         0         0         0         0         0         0         0
       8/9      4.8G  0.001535   0.00259   0.01995   0.02407        12       640         0         0         0         0         0         0         0
       9/9      4.8G  0.001304  0.002259   0.01973   0.02329        12       640    0.2278    0.7204    0.2628    0.2392  0.003482  0.004571    0.0209
       0/9      4.8G  0.007573   0.01563   0.02364   0.04685        12       640         0         0         0         0         0         0         0
       1/9      4.8G  0.005101   0.01371   0.02348   0.04229        12       640         0         0         0         0         0         0         0
       2/9      4.8G  0.004954   0.01279   0.02343   0.04118        12       640         0         0         0         0         0         0         0
       3/9      4.8G  0.004838   0.01139   0.02341   0.03963        12       640         0         0         0         0         0         0         0
       4/9      4.8G  0.004576  0.008487   0.02341   0.03647        12       640         0         0         0         0         0         0         0
       5/9      4.8G  0.003526  0.006346   0.02336   0.03323        12       640         0         0         0         0         0         0         0
       6/9      4.8G  0.002486  0.004502    0.0233   0.03028        12       640         0         0         0         0         0         0         0
       7/9      4.8G  0.001826  0.003213   0.02315   0.02819        12       640         0         0         0         0         0         0         0
       8/9      4.8G  0.001489  0.002695   0.02283   0.02702        12       640         0         0         0         0         0         0         0
       9/9      4.8G  0.001293  0.002181   0.02253     0.026        12       640    0.2218    0.8317    0.2626    0.2391  0.003242  0.005842   0.02428
       0/9      4.8G  0.007764   0.01943   0.02041   0.04761        12       640         0         0         0         0         0         0         0
       1/9      4.8G  0.005223   0.01724   0.02023    0.0427        12       640         0         0         0         0         0         0         0
       2/9      4.8G  0.005088   0.01554    0.0202   0.04083        12       640         0         0         0         0         0         0         0
       3/9      4.8G  0.004953   0.01278    0.0202   0.03793        12       640         0         0         0         0         0         0         0
       4/9      4.8G  0.004447  0.009192   0.02017   0.03381        12       640         0         0         0         0         0         0         0
       5/9      4.8G  0.003475  0.007292   0.02007   0.03084        12       640         0         0         0         0         0         0         0
       6/9      4.8G  0.002606  0.005251      0.02   0.02786        12       640         0         0         0         0         0         0         0
       7/9      4.8G   0.00207  0.003943   0.01989    0.0259        12       640         0         0         0         0         0         0         0
       8/9      4.8G  0.001778  0.003164   0.01979   0.02473        12       640         0         0         0         0         0         0         0
       9/9      4.8G  0.001543  0.002647   0.01959   0.02378        12       640    0.2233    0.7673    0.2608    0.2332  0.003253  0.008303   0.02071
       0/9      4.8G   0.00617   0.02023   0.02375   0.05015        12       640         0         0         0         0         0         0         0
       1/9      4.8G  0.004174   0.01805   0.02361   0.04584        12       640         0         0         0         0         0         0         0
       2/9      4.8G  0.004029   0.01611   0.02357   0.04371        12       640         0         0         0         0         0         0         0
       3/9      4.8G  0.003856   0.01301   0.02356   0.04043        12       640         0         0         0         0         0         0         0
       4/9      4.8G   0.00336  0.009242   0.02349   0.03609        12       640         0         0         0         0         0         0         0
       5/9      4.8G   0.00262  0.006964   0.02338   0.03296        12       640         0         0         0         0         0         0         0
       6/9      4.8G  0.002092  0.005014   0.02323   0.03034        12       640         0         0         0         0         0         0         0
       7/9      4.8G   0.00156   0.00393   0.02299   0.02848        12       640         0         0         0         0         0         0         0
       8/9      4.8G  0.001367  0.003108   0.02278   0.02725        12       640         0         0         0         0         0         0         0
       9/9      4.8G  0.001188  0.002665   0.02247   0.02632        12       640    0.2193    0.8013    0.2578    0.2298  0.002769  0.007416   0.02501
       0/9      4.8G    0.0083   0.01842   0.02294   0.04967        12       640         0         0         0         0         0         0         0
       1/9      4.8G  0.005507    0.0158   0.02281   0.04412        12       640         0         0         0         0         0         0         0
       2/9      4.8G  0.005367   0.01407    0.0228   0.04224        12       640         0         0         0         0         0         0         0
       3/9      4.8G  0.005109   0.01132   0.02283   0.03925        12       640         0         0         0         0         0         0         0
       4/9      4.8G  0.004207  0.008313   0.02277   0.03529        12       640         0         0         0         0         0         0         0
       5/9      4.8G  0.003073  0.005886   0.02273   0.03169        12       640         0         0         0         0         0         0         0
       6/9      4.8G  0.002106  0.003761   0.02263    0.0285        12       640         0         0         0         0         0         0         0
       7/9      4.8G   0.00157  0.002702   0.02246   0.02674        12       640         0         0         0         0         0         0         0
       8/9      4.8G  0.001343  0.002286   0.02222   0.02585        12       640         0         0         0         0         0         0         0
       9/9      4.8G  0.001157  0.002091   0.02205    0.0253        12       640     0.222     0.878    0.2617    0.2403  0.003404  0.009228   0.02344
       0/9      4.8G  0.007425   0.02082   0.02641   0.05466        12       640         0         0         0         0         0         0         0
       1/9      4.8G  0.004972   0.01823   0.02623   0.04942        12       640         0         0         0         0         0         0         0
       2/9      4.8G  0.004826   0.01607   0.02617   0.04707        12       640         0         0         0         0         0         0         0
       3/9      4.8G  0.004647   0.01219   0.02615   0.04298        12       640         0         0         0         0         0         0         0
       4/9      4.8G  0.003923  0.009012   0.02608   0.03902        12       640         0         0         0         0         0         0         0
       5/9      4.8G  0.003008  0.006723   0.02598   0.03571        12       640         0         0         0         0         0         0         0
       6/9      4.8G   0.00228  0.004755   0.02576   0.03279        12       640         0         0         0         0         0         0         0
       7/9      4.8G  0.001836  0.003836   0.02552   0.03119        12       640         0         0         0         0         0         0         0
       8/9      4.8G  0.001604  0.003278   0.02524   0.03012        12       640         0         0         0         0         0         0         0
       9/9      4.8G   0.00146  0.002767   0.02489   0.02912        12       640    0.2265    0.8137    0.2586    0.2322  0.003019  0.007384   0.02672
       0/9      4.8G  0.008912   0.01923   0.02284   0.05098        12       640         0         0         0         0         0         0         0
       1/9      4.8G  0.006014   0.01683    0.0227   0.04554        12       640         0         0         0         0         0         0         0
       2/9      4.8G  0.005842   0.01517   0.02266   0.04368        12       640         0         0         0         0         0         0         0
       3/9      4.8G  0.005607   0.01269   0.02267   0.04096        12       640         0         0         0         0         0         0         0
       4/9      4.8G  0.004924  0.008973   0.02264   0.03654        12       640         0         0         0         0         0         0         0
       5/9      4.8G   0.00365  0.006522   0.02255   0.03272        12       640         0         0         0         0         0         0         0
       6/9      4.8G  0.002676  0.004285   0.02242   0.02938        12       640         0         0         0         0         0         0         0
       7/9      4.8G  0.002084  0.003345   0.02228   0.02771        12       640         0         0         0         0         0         0         0
       8/9      4.8G  0.001693  0.002693   0.02206   0.02645        12       640         0         0         0         0         0         0         0
       9/9      4.8G  0.001484  0.002374    0.0219   0.02576        12       640    0.2162    0.8884    0.2592    0.2394  0.003613  0.007933   0.02341
       0/9      4.8G   0.00843   0.01983   0.02338   0.05164        12       640         0         0         0         0         0         0         0
       1/9      4.8G  0.005906   0.01597   0.02322    0.0451        12       640         0         0         0         0         0         0         0
       2/9      4.8G  0.005546   0.01553   0.02321   0.04429        12       640         0         0         0         0         0         0         0
       3/9      4.8G  0.005415   0.01517    0.0232   0.04379        12       640         0         0         0         0         0         0         0
       4/9      4.8G  0.005352   0.01401    0.0232   0.04256        12       640         0         0         0         0         0         0         0
       5/9      4.8G  0.005234   0.01276   0.02319   0.04118        12       640         0         0         0         0         0         0         0
       6/9      4.8G  0.004968  0.009648   0.02319   0.03781        12       640         0         0         0         0         0         0         0
       7/9      4.8G  0.003624  0.007463   0.02313   0.03422        12       640         0         0         0         0         0         0         0
       8/9      4.8G  0.002558  0.005443   0.02301   0.03101        12       640         0         0         0         0         0         0         0
       9/9      4.8G  0.001831  0.003958   0.02283   0.02862        12       640    0.2279    0.7241     0.263    0.2395  0.003485  0.005082   0.02368
       0/9      4.8G  0.008465   0.02214   0.02074   0.05135        12       640         0         0         0         0         0         0         0
       1/9      4.8G  0.005904   0.01889   0.02062   0.04542        12       640         0         0         0         0         0         0         0
       2/9      4.8G  0.005652   0.01798   0.02062   0.04424        12       640         0         0         0         0         0         0         0
       3/9      4.8G   0.00552   0.01617   0.02061   0.04229        12       640         0         0         0         0         0         0         0
       4/9      4.8G  0.005365    0.0131   0.02059   0.03905        12       640         0         0         0         0         0         0         0
       5/9      4.8G  0.004538  0.009628   0.02056   0.03473        12       640         0         0         0         0         0         0         0
       6/9      4.8G  0.003327  0.007299   0.02051   0.03114        12       640         0         0         0         0         0         0         0
       7/9      4.8G  0.002504  0.004925   0.02049   0.02791        12       640         0         0         0         0         0         0         0
       8/9      4.8G  0.001844  0.003814   0.02033   0.02599        12       640         0         0         0         0         0         0         0
       9/9      4.8G  0.001619  0.003187   0.02017   0.02498        12       640    0.2247    0.7515      0.26    0.2409  0.003224  0.006428   0.02109
       0/9      4.8G  0.008175   0.01929   0.02266   0.05013        12       640         0         0         0         0         0         0         0
       1/9      4.8G  0.005497   0.01679   0.02255   0.04485        12       640         0         0         0         0         0         0         0
       2/9      4.8G  0.005405   0.01514   0.02255    0.0431        12       640         0         0         0         0         0         0         0
       3/9      4.8G  0.005226   0.01346   0.02256   0.04125        12       640         0         0         0         0         0         0         0
       4/9      4.8G  0.004668  0.009891   0.02257   0.03713        12       640         0         0         0         0         0         0         0
       5/9      4.8G  0.003575  0.007115    0.0225   0.03319        12       640         0         0         0         0         0         0         0
       6/9      4.8G    0.0026  0.004719   0.02242   0.02974        12       640         0         0         0         0         0         0         0
       7/9      4.8G  0.002001  0.003498   0.02226   0.02776        12       640         0         0         0         0         0         0         0
       8/9      4.8G  0.001677   0.00282   0.02207   0.02657        12       640         0         0         0         0         0         0         0
       9/9      4.8G   0.00148  0.002462   0.02187   0.02581        12       640    0.2097    0.9351    0.2443    0.2204  0.003709  0.007302    0.0236
       0/9      4.8G  0.008615   0.01647   0.02294   0.04802        12       640         0         0         0         0         0         0         0
       1/9      4.8G  0.005884   0.01421   0.02277   0.04286        12       640         0         0         0         0         0         0         0
       2/9      4.8G  0.005729   0.01363   0.02275   0.04211        12       640         0         0         0         0         0         0         0
       3/9      4.8G  0.005665   0.01246   0.02275   0.04088        12       640         0         0         0         0         0         0         0
       4/9      4.8G  0.005504   0.01148   0.02272    0.0397        12       640         0         0         0         0         0         0         0
       5/9      4.8G   0.00518  0.009545   0.02273   0.03746        12       640         0         0         0         0         0         0         0
       6/9      4.8G  0.004319  0.008104    0.0227   0.03512        12       640         0         0         0         0         0         0         0
       7/9      4.8G  0.003629  0.006919   0.02264   0.03319        12       640         0         0         0         0         0         0         0
       8/9      4.8G  0.003152  0.005668   0.02261   0.03143        12       640         0         0         0         0         0         0         0
       9/9      4.8G  0.002798  0.004605   0.02256   0.02996        12       640       0.2    0.8743    0.2225     0.196   0.00378  0.005676    0.0233
       0/9      4.8G  0.007654   0.01588   0.02322   0.04675        12       640         0         0         0         0         0         0         0
       1/9      4.8G  0.005544   0.01242    0.0231   0.04106        12       640         0         0         0         0         0         0         0
       2/9      4.8G  0.005233   0.01207   0.02309    0.0404        12       640         0         0         0         0         0         0         0
       3/9      4.8G   0.00511   0.01166   0.02307   0.03984        12       640         0         0         0         0         0         0         0
       4/9      4.8G  0.005044   0.01071   0.02307   0.03882        12       640         0         0         0         0         0         0         0
       5/9      4.8G  0.004887  0.009296   0.02306   0.03724        12       640         0         0         0         0         0         0         0
       6/9      4.8G  0.003893  0.007081   0.02305   0.03402        12       640         0         0         0         0         0         0         0
       7/9      4.8G  0.002745  0.005751   0.02295   0.03145        12       640         0         0         0         0         0         0         0
       8/9      4.8G  0.002143  0.004234   0.02281   0.02919        12       640         0         0         0         0         0         0         0
       9/9      4.8G  0.001595  0.003486   0.02263   0.02771        12       640    0.2108    0.9435     0.248    0.2218  0.003136  0.004405   0.02371
       0/9      4.8G  0.008416   0.01914   0.02281   0.05036        12       640         0         0         0         0         0         0         0
       1/9      4.8G  0.005715   0.01663   0.02267   0.04502        12       640         0         0         0         0         0         0         0
       2/9      4.8G  0.005557   0.01509   0.02264   0.04329        12       640         0         0         0         0         0         0         0
       3/9      4.8G  0.005405   0.01331   0.02263   0.04134        12       640         0         0         0         0         0         0         0
       4/9      4.8G  0.004851    0.0094    0.0226   0.03685        12       640         0         0         0         0         0         0         0
       5/9      4.8G  0.003608  0.007148   0.02251   0.03326        12       640         0         0         0         0         0         0         0
       6/9      4.8G  0.002714  0.004863   0.02241   0.02998        12       640         0         0         0         0         0         0         0
       7/9      4.8G  0.002115  0.003781   0.02228   0.02817        12       640         0         0         0         0         0         0         0
       8/9      4.8G  0.001698  0.003131   0.02197    0.0268        12       640         0         0         0         0         0         0         0
       9/9      4.8G  0.001487  0.002587   0.02177   0.02585        12       640    0.2228    0.8585    0.2647    0.2439   0.00342   0.00758   0.02354
       0/9      4.8G  0.008147   0.01935   0.02184   0.04934        12       640         0         0         0         0         0         0         0
       1/9      4.8G  0.005456   0.01713   0.02173   0.04432        12       640         0         0         0         0         0         0         0
       2/9      4.8G  0.005303   0.01552   0.02174   0.04257        12       640         0         0         0         0         0         0         0
       3/9      4.8G  0.005161   0.01362   0.02173   0.04051        12       640         0         0         0         0         0         0         0
       4/9      4.8G  0.004713  0.009771   0.02174   0.03622        12       640         0         0         0         0         0         0         0
       5/9      4.8G  0.003534  0.007101   0.02169   0.03232        12       640         0         0         0         0         0         0         0
       6/9      4.8G  0.002546  0.004773   0.02158    0.0289        12       640         0         0         0         0         0         0         0
       7/9      4.8G   0.00194  0.003641   0.02135   0.02693        12       640         0         0         0         0         0         0         0
       8/9      4.8G  0.001594  0.003084   0.02113   0.02581        12       640         0         0         0         0         0         0         0
       9/9      4.8G  0.001391  0.002647   0.02095   0.02498        12       640    0.2216    0.8136    0.2574    0.2351  0.003512  0.006944   0.02252
       0/9      4.8G  0.008353    0.0192   0.02265   0.05021        12       640         0         0         0         0         0         0         0
       1/9      4.8G  0.005595   0.01706   0.02255    0.0452        12       640         0         0         0         0         0         0         0
       2/9      4.8G  0.005498   0.01556   0.02256   0.04362        12       640         0         0         0         0         0         0         0
       3/9      4.8G  0.005352   0.01388   0.02255   0.04177        12       640         0         0         0         0         0         0         0
       4/9      4.8G  0.005065   0.01014   0.02256   0.03776        12       640         0         0         0         0         0         0         0
       5/9      4.8G  0.003817  0.007687   0.02251   0.03401        12       640         0         0         0         0         0         0         0
       6/9      4.8G  0.002909  0.005246   0.02245   0.03061        12       640         0         0         0         0         0         0         0
       7/9      4.8G  0.002108  0.003796   0.02232   0.02822        12       640         0         0         0         0         0         0         0
       8/9      4.8G  0.001743  0.003212   0.02209   0.02704        12       640         0         0         0         0         0         0         0
       9/9      4.8G  0.001499  0.002861   0.02188   0.02624        12       640    0.2016    0.9738    0.2381    0.2155  0.003817  0.005717   0.02397
       0/9      4.8G   0.00767   0.02077   0.02605   0.05449        12       640         0         0         0         0         0         0         0
       1/9      4.8G  0.005056   0.01849   0.02592   0.04947        12       640         0         0         0         0         0         0         0
       2/9      4.8G  0.004943   0.01638   0.02591   0.04722        12       640         0         0         0         0         0         0         0
       3/9      4.8G  0.004731   0.01299   0.02591   0.04363        12       640         0         0         0         0         0         0         0
       4/9      4.8G  0.003836   0.00893   0.02587   0.03864        12       640         0         0         0         0         0         0         0
       5/9      4.8G  0.002738   0.00602    0.0258   0.03456        12       640         0         0         0         0         0         0         0
       6/9      4.8G  0.001829  0.004044   0.02571   0.03158        12       640         0         0         0         0         0         0         0
       7/9      4.8G  0.001392  0.003095    0.0255   0.02999        12       640         0         0         0         0         0         0         0
       8/9      4.8G  0.001228  0.002511   0.02534   0.02908        12       640         0         0         0         0         0         0         0
       9/9      4.8G  0.001089  0.002291   0.02503   0.02841        12       640    0.2234    0.8099    0.2614    0.2384    0.0031  0.008742     0.027
       0/9      4.8G  0.007994   0.02285    0.0221   0.05295        12       640         0         0         0         0         0         0         0
       1/9      4.8G  0.005413   0.02005   0.02201   0.04747        12       640         0         0         0         0         0         0         0
       2/9      4.8G  0.005252   0.01736   0.02199    0.0446        12       640         0         0         0         0         0         0         0
       3/9      4.8G  0.005057   0.01271   0.02197   0.03974        12       640         0         0         0         0         0         0         0
       4/9      4.8G  0.004323  0.009638   0.02192   0.03589        12       640         0         0         0         0         0         0         0
       5/9      4.8G  0.003292  0.006592   0.02186   0.03174        12       640         0         0         0         0         0         0         0
       6/9      4.8G  0.002507  0.004127   0.02174   0.02838        12       640         0         0         0         0         0         0         0
       7/9      4.8G  0.002013  0.003151   0.02157   0.02674        12       640         0         0         0         0         0         0         0
       8/9      4.8G  0.001679  0.002789   0.02135   0.02582        12       640         0         0         0         0         0         0         0
       9/9      4.8G  0.001484  0.002558   0.02119   0.02523        12       640    0.2171    0.8765    0.2639    0.2387  0.003124  0.009369   0.02287
       0/9      4.8G  0.008067   0.02018   0.02201   0.05026        12       640         0         0         0         0         0         0         0
       1/9      4.8G  0.005438   0.01743   0.02194   0.04481        12       640         0         0         0         0         0         0         0
       2/9      4.8G  0.005262   0.01526   0.02194   0.04246        12       640         0         0         0         0         0         0         0
       3/9      4.8G  0.004914   0.01105   0.02195   0.03792        12       640         0         0         0         0         0         0         0
       4/9      4.8G  0.003902   0.00818   0.02189   0.03397        12       640         0         0         0         0         0         0         0
       5/9      4.8G  0.002784  0.005813   0.02184   0.03044        12       640         0         0         0         0         0         0         0
       6/9      4.8G  0.002035  0.003675   0.02179    0.0275        12       640         0         0         0         0         0         0         0
       7/9      4.8G  0.001527  0.002722   0.02165   0.02589        12       640         0         0         0         0         0         0         0
       8/9      4.8G  0.001316  0.002456   0.02145   0.02523        12       640         0         0         0         0         0         0         0
       9/9      4.8G  0.001129  0.002299   0.02131   0.02474        12       640    0.2244    0.8162    0.2541    0.2408  0.003096  0.006844    0.0228
       0/9      4.8G  0.008291    0.0193   0.02267   0.05025        12       640         0         0         0         0         0         0         0
       1/9      4.8G   0.00554   0.01709   0.02255   0.04517        12       640         0         0         0         0         0         0         0
       2/9      4.8G  0.005386    0.0156   0.02255   0.04353        12       640         0         0         0         0         0         0         0
       3/9      4.8G  0.005269    0.0137   0.02253   0.04149        12       640         0         0         0         0         0         0         0
       4/9      4.8G  0.004822  0.009847   0.02252   0.03719        12       640         0         0         0         0         0         0         0
       5/9      4.8G   0.00359  0.007464   0.02248   0.03353        12       640         0         0         0         0         0         0         0
       6/9      4.8G  0.002706   0.00499   0.02241   0.03011        12       640         0         0         0         0         0         0         0
       7/9      4.8G  0.001995  0.003626   0.02228    0.0279        12       640         0         0         0         0         0         0         0
       8/9      4.8G  0.001652   0.00301   0.02206   0.02673        12       640         0         0         0         0         0         0         0
       9/9      4.8G  0.001409  0.002619   0.02186   0.02589        12       640    0.2152    0.8462     0.243    0.2172  0.003632  0.008203   0.02346
       0/9      4.8G  0.008911   0.01435   0.01956   0.04281        12       640         0         0         0         0         0         0         0
       1/9      4.8G   0.00604   0.01227   0.01947   0.03778        12       640         0         0         0         0         0         0         0
       2/9      4.8G  0.005855   0.01122   0.01945   0.03652        12       640         0         0         0         0         0         0         0
       3/9      4.8G  0.005655   0.01008   0.01942   0.03516        12       640         0         0         0         0         0         0         0
       4/9      4.8G  0.004982  0.007386   0.01941   0.03178        12       640         0         0         0         0         0         0         0
       5/9      4.8G  0.003655   0.00545   0.01936   0.02847        12       640         0         0         0         0         0         0         0
       6/9      4.8G  0.002674  0.003785   0.01933   0.02578        12       640         0         0         0         0         0         0         0
       7/9      4.8G  0.001814  0.002733   0.01925    0.0238        12       640         0         0         0         0         0         0         0
       8/9      4.8G  0.001508  0.002023   0.01918   0.02272        12       640         0         0         0         0         0         0         0
       9/9      4.8G  0.001264  0.001755   0.01904   0.02205        12       640     0.211    0.9298    0.2593    0.2479  0.003397  0.006019   0.02006
       0/9      4.8G  0.008465    0.0204   0.02413     0.053        12       640         0         0         0         0         0         0         0
       1/9      4.8G  0.005808   0.01831   0.02402   0.04814        12       640         0         0         0         0         0         0         0
       2/9      4.8G  0.005625   0.01655   0.02397   0.04615        12       640         0         0         0         0         0         0         0
       3/9      4.8G  0.005382   0.01367   0.02393   0.04298        12       640         0         0         0         0         0         0         0
       4/9      4.8G  0.004784  0.009716   0.02394   0.03844        12       640         0         0         0         0         0         0         0
       5/9      4.8G  0.003538  0.007239   0.02385   0.03463        12       640         0         0         0         0         0         0         0
       6/9      4.8G  0.002637  0.004919   0.02369   0.03124        12       640         0         0         0         0         0         0         0
       7/9      4.8G  0.002153  0.004065   0.02345   0.02966        12       640         0         0         0         0         0         0         0
       8/9      4.8G  0.001763  0.003459   0.02326   0.02848        12       640         0         0         0         0         0         0         0
       9/9      4.8G  0.001575  0.002863   0.02303   0.02747        12       640    0.2173    0.8429    0.2512    0.2301  0.003692  0.006426   0.02465
       0/9      4.8G   0.00754   0.01722   0.02281   0.04757        12       640         0         0         0         0         0         0         0
       1/9      4.8G  0.005238   0.01403   0.02269   0.04196        12       640         0         0         0         0         0         0         0
       2/9      4.8G  0.004954   0.01374   0.02265   0.04134        12       640         0         0         0         0         0         0         0
       3/9      4.8G  0.004821   0.01331   0.02262   0.04076        12       640         0         0         0         0         0         0         0
       4/9      4.8G  0.004759   0.01199   0.02262   0.03937        12       640         0         0         0         0         0         0         0
       5/9      4.8G  0.004605   0.01035   0.02262   0.03758        12       640         0         0         0         0         0         0         0
       6/9      4.8G  0.003911  0.007703   0.02261   0.03422        12       640         0         0         0         0         0         0         0
       7/9      4.8G  0.002817   0.00613   0.02255    0.0315        12       640         0         0         0         0         0         0         0
       8/9      4.8G  0.002033  0.004211   0.02247   0.02872        12       640         0         0         0         0         0         0         0
       9/9      4.8G  0.001445  0.003293   0.02236   0.02709        12       640    0.2208    0.8114    0.2548    0.2358  0.002846  0.004276    0.0233
       0/9      4.8G  0.008871   0.01985   0.02642   0.05514        12       640         0         0         0         0         0         0         0
       1/9      4.8G  0.005917   0.01748   0.02625   0.04965        12       640         0         0         0         0         0         0         0
       2/9      4.8G  0.005737   0.01595   0.02625   0.04793        12       640         0         0         0         0         0         0         0
       3/9      4.8G  0.005587   0.01356   0.02624   0.04539        12       640         0         0         0         0         0         0         0
       4/9      4.8G  0.005061   0.00986   0.02622   0.04114        12       640         0         0         0         0         0         0         0
       5/9      4.8G  0.003812  0.007678   0.02612   0.03761        12       640         0         0         0         0         0         0         0
       6/9      4.8G  0.003012  0.005148   0.02601   0.03417        12       640         0         0         0         0         0         0         0
       7/9      4.8G  0.002267  0.003643   0.02575   0.03166        12       640         0         0         0         0         0         0         0
       8/9      4.8G  0.001835  0.002905   0.02546    0.0302        12       640         0         0         0         0         0         0         0
       9/9      4.8G  0.001626  0.002584   0.02516   0.02937        12       640    0.2229     0.867    0.2641    0.2434  0.003707  0.007135   0.02698
       0/9      4.8G  0.007783   0.01911   0.02257   0.04946        12       640         0         0         0         0         0         0         0
       1/9      4.8G  0.005344   0.01584   0.02234   0.04352        12       640         0         0         0         0         0         0         0
       2/9      4.8G  0.004959   0.01541   0.02227   0.04263        12       640         0         0         0         0         0         0         0
       3/9      4.8G  0.004819   0.01455   0.02225   0.04162        12       640         0         0         0         0         0         0         0
       4/9      4.8G   0.00476   0.01317   0.02224   0.04018        12       640         0         0         0         0         0         0         0
       5/9      4.8G  0.004584   0.01057   0.02226   0.03742        12       640         0         0         0         0         0         0         0
       6/9      4.8G  0.003603  0.008014   0.02222   0.03383        12       640         0         0         0         0         0         0         0
       7/9      4.8G  0.002609   0.00606   0.02214   0.03081        12       640         0         0         0         0         0         0         0
       8/9      4.8G  0.001914    0.0041   0.02198     0.028        12       640         0         0         0         0         0         0         0
       9/9      4.8G  0.001443  0.003065   0.02181   0.02632        12       640    0.2175    0.9214    0.2599    0.2394  0.002767  0.004828   0.02287
       0/9      4.8G  0.008333   0.01632   0.01834   0.04299        12       640         0         0         0         0         0         0         0
       1/9      4.8G  0.005652    0.0142   0.01826   0.03811        12       640         0         0         0         0         0         0         0
       2/9      4.8G  0.005458   0.01367   0.01824   0.03736        12       640         0         0         0         0         0         0         0
       3/9      4.8G  0.005398   0.01269   0.01823   0.03632        12       640         0         0         0         0         0         0         0
       4/9      4.8G  0.005289    0.0119   0.01821   0.03541        12       640         0         0         0         0         0         0         0
       5/9      4.8G  0.005224   0.01031   0.01822   0.03375        12       640         0         0         0         0         0         0         0
       6/9      4.8G  0.004738  0.008327   0.01822   0.03129        12       640         0         0         0         0         0         0         0
       7/9      4.8G  0.003958  0.007277   0.01818   0.02942        12       640         0         0         0         0         0         0         0
       8/9      4.8G  0.003338  0.006438   0.01814   0.02792        12       640         0         0         0         0         0         0         0
       9/9      4.8G  0.002892  0.005572    0.0181   0.02656        12       640    0.1972     0.923    0.2197    0.1769  0.003948   0.00533   0.01869
       0/9      4.8G  0.008365   0.01935   0.02276   0.05047        12       640         0         0         0         0         0         0         0
       1/9      4.8G  0.005674   0.01702   0.02263   0.04533        12       640         0         0         0         0         0         0         0
       2/9      4.8G  0.005565   0.01526   0.02262   0.04345        12       640         0         0         0         0         0         0         0
       3/9      4.8G  0.005407     0.013   0.02261   0.04102        12       640         0         0         0         0         0         0         0
       4/9      4.8G  0.004737  0.009472    0.0226   0.03681        12       640         0         0         0         0         0         0         0
       5/9      4.8G  0.003557  0.007095   0.02253   0.03318        12       640         0         0         0         0         0         0         0
       6/9      4.8G  0.002603  0.004502   0.02246   0.02957        12       640         0         0         0         0         0         0         0
       7/9      4.8G  0.001977  0.003523   0.02228   0.02778        12       640         0         0         0         0         0         0         0
       8/9      4.8G   0.00172  0.002804   0.02207    0.0266        12       640         0         0         0         0         0         0         0
       9/9      4.8G  0.001471  0.002482   0.02188   0.02583        12       640    0.2208    0.8602    0.2631    0.2341  0.003698  0.008938   0.02322
       0/9      4.8G  0.008225   0.01886   0.02248   0.04957        12       640         0         0         0         0         0         0         0
       1/9      4.8G  0.005667   0.01638   0.02234   0.04439        12       640         0         0         0         0         0         0         0
       2/9      4.8G  0.005513    0.0155   0.02233   0.04334        12       640         0         0         0         0         0         0         0
       3/9      4.8G  0.005392   0.01434    0.0223   0.04204        12       640         0         0         0         0         0         0         0
       4/9      4.8G  0.005283   0.01256   0.02229   0.04014        12       640         0         0         0         0         0         0         0
       5/9      4.8G  0.004929  0.009363   0.02227   0.03656        12       640         0         0         0         0         0         0         0
       6/9      4.8G  0.003757    0.0076   0.02219   0.03355        12       640         0         0         0         0         0         0         0
       7/9      4.8G  0.002798  0.005437   0.02212   0.03035        12       640         0         0         0         0         0         0         0
       8/9      4.8G  0.002207  0.004051    0.0219   0.02816        12       640         0         0         0         0         0         0         0
       9/9      4.8G  0.001821  0.003443   0.02166   0.02692        12       640    0.2217    0.7859     0.268    0.2421  0.003245  0.005377   0.02293
       0/9      4.8G  0.007297   0.01879   0.02318   0.04926        12       640         0         0         0         0         0         0         0
       1/9      4.8G   0.00492   0.01655   0.02306   0.04453        12       640         0         0         0         0         0         0         0
       2/9      4.8G  0.004785   0.01471   0.02305   0.04255        12       640         0         0         0         0         0         0         0
       3/9      4.8G  0.004557   0.01189   0.02306   0.03951        12       640         0         0         0         0         0         0         0
       4/9      4.8G   0.00376  0.008268   0.02304   0.03507        12       640         0         0         0         0         0         0         0
       5/9      4.8G  0.002755  0.005838   0.02299   0.03158        12       640         0         0         0         0         0         0         0
       6/9      4.8G  0.002125  0.003549   0.02293    0.0286        12       640         0         0         0         0         0         0         0
       7/9      4.8G  0.001499  0.002719   0.02275   0.02697        12       640         0         0         0         0         0         0         0
       8/9      4.8G  0.001257  0.002384   0.02247   0.02611        12       640         0         0         0         0         0         0         0
       9/9      4.8G  0.001097  0.002205   0.02223   0.02553        12       640    0.2157     0.878    0.2504     0.226  0.003162  0.008742   0.02384
       0/9      4.8G  0.008156    0.0185   0.02165   0.04831        12       640         0         0         0         0         0         0         0
       1/9      4.8G  0.005705   0.01604   0.02157   0.04331        12       640         0         0         0         0         0         0         0
       2/9      4.8G  0.005491    0.0149   0.02156   0.04196        12       640         0         0         0         0         0         0         0
       3/9      4.8G  0.005335   0.01332   0.02155   0.04021        12       640         0         0         0         0         0         0         0
       4/9      4.8G  0.004969   0.01031   0.02157   0.03684        12       640         0         0         0         0         0         0         0
       5/9      4.8G  0.003734  0.007227   0.02153   0.03249        12       640         0         0         0         0         0         0         0
       6/9      4.8G  0.002521  0.004593   0.02151   0.02862        12       640         0         0         0         0         0         0         0
       7/9      4.8G  0.001716  0.003018   0.02143   0.02616        12       640         0         0         0         0         0         0         0
       8/9      4.8G  0.001341  0.002433   0.02131   0.02508        12       640         0         0         0         0         0         0         0
       9/9      4.8G    0.0012  0.002129   0.02108   0.02441        12       640    0.2204    0.8458     0.257    0.2421  0.003358  0.008466   0.02209
       0/9      4.8G   0.00863   0.02134   0.02249   0.05246        12       640         0         0         0         0         0         0         0
       1/9      4.8G  0.005788   0.01885   0.02237   0.04701        12       640         0         0         0         0         0         0         0
       2/9      4.8G  0.005643     0.016   0.02237   0.04402        12       640         0         0         0         0         0         0         0
       3/9      4.8G  0.005176   0.01133   0.02238   0.03889        12       640         0         0         0         0         0         0         0
       4/9      4.8G  0.003977   0.00837   0.02231   0.03466        12       640         0         0         0         0         0         0         0
       5/9      4.8G  0.002879  0.005424   0.02227   0.03057        12       640         0         0         0         0         0         0         0
       6/9      4.8G  0.002051  0.003811   0.02211   0.02797        12       640         0         0         0         0         0         0         0
       7/9      4.8G  0.001577  0.002951   0.02189   0.02642        12       640         0         0         0         0         0         0         0
       8/9      4.8G  0.001382  0.002436   0.02169   0.02551        12       640         0         0         0         0         0         0         0
       9/9      4.8G  0.001267  0.002219   0.02148   0.02496        12       640    0.2154    0.8938    0.2627    0.2464   0.00348   0.00896   0.02332
       0/9      4.8G  0.008196   0.01836     0.022   0.04856        12       640         0         0         0         0         0         0         0
       1/9      4.8G  0.005561   0.01612   0.02188   0.04356        12       640         0         0         0         0         0         0         0
       2/9      4.8G  0.005411   0.01448   0.02185   0.04175        12       640         0         0         0         0         0         0         0
       3/9      4.8G  0.005279    0.0129   0.02183   0.04001        12       640         0         0         0         0         0         0         0
       4/9      4.8G  0.004809  0.009746   0.02183   0.03639        12       640         0         0         0         0         0         0         0
       5/9      4.8G  0.003728  0.007381   0.02178   0.03289        12       640         0         0         0         0         0         0         0
       6/9      4.8G  0.002865  0.004828   0.02174   0.02943        12       640         0         0         0         0         0         0         0
       7/9      4.8G  0.002145  0.003417   0.02169   0.02725        12       640         0         0         0         0         0         0         0
       8/9      4.8G  0.001676  0.002683   0.02156   0.02591        12       640         0         0         0         0         0         0         0
       9/9      4.8G  0.001529  0.002427   0.02137   0.02533        12       640    0.2225    0.8367    0.2592    0.2397  0.003287  0.007955   0.02237
       0/9      4.8G   0.01041   0.01583   0.02894   0.05519        12       640         0         0         0         0         0         0         0
       1/9      4.8G  0.007651   0.01284   0.02875   0.04923        12       640         0         0         0         0         0         0         0
       2/9      4.8G   0.00731   0.01251   0.02869   0.04851        12       640         0         0         0         0         0         0         0
       3/9      4.8G  0.007126    0.0117   0.02866   0.04749        12       640         0         0         0         0         0         0         0
       4/9      4.8G  0.006903   0.01076   0.02863   0.04629        12       640         0         0         0         0         0         0         0
       5/9      4.8G  0.006238  0.008358   0.02862   0.04322        12       640         0         0         0         0         0         0         0
       6/9      4.8G  0.004575  0.006417   0.02849   0.03948        12       640         0         0         0         0         0         0         0
       7/9      4.8G  0.003471  0.004877   0.02844   0.03679        12       640         0         0         0         0         0         0         0
       8/9      4.8G  0.002941  0.003768   0.02805   0.03475        12       640         0         0         0         0         0         0         0
       9/9      4.8G  0.002401   0.00315   0.02767   0.03322        12       640    0.2198    0.7238    0.2461    0.2198  0.005384  0.004848   0.03035
       0/9      4.8G  0.007448   0.01086   0.02386   0.04217        12       640         0         0         0         0         0         0         0
       1/9      4.8G  0.005735  0.007916   0.02374   0.03739        12       640         0         0         0         0         0         0         0
       2/9      4.8G  0.005536  0.007697   0.02372   0.03695        12       640         0         0         0         0         0         0         0
       3/9      4.8G  0.005404  0.007177    0.0237   0.03628        12       640         0         0         0         0         0         0         0
       4/9      4.8G  0.005249  0.006737   0.02369   0.03567        12       640         0         0         0         0         0         0         0
       5/9      4.8G    0.0051  0.005485   0.02367   0.03425        12       640         0         0         0         0         0         0         0
       6/9      4.8G  0.004214  0.004642   0.02359   0.03244        12       640         0         0         0         0         0         0         0
       7/9      4.8G  0.003324  0.003938   0.02347   0.03073        12       640         0         0         0         0         0         0         0
       8/9      4.8G  0.002736  0.003288    0.0233   0.02933        12       640         0         0         0         0         0         0         0
       9/9      4.8G  0.002439  0.002725   0.02314   0.02831        12       640    0.2009    0.7582     0.228     0.175  0.004318  0.003273     0.024
       0/9      4.8G  0.008067   0.01854   0.02156   0.04817        12       640         0         0         0         0         0         0         0
       1/9      4.8G  0.005671   0.01606   0.02146   0.04319        12       640         0         0         0         0         0         0         0
       2/9      4.8G  0.005407   0.01544   0.02143   0.04228        12       640         0         0         0         0         0         0         0
       3/9      4.8G  0.005304   0.01394   0.02141   0.04065        12       640         0         0         0         0         0         0         0
       4/9      4.8G  0.005149   0.01239   0.02139   0.03893        12       640         0         0         0         0         0         0         0
       5/9      4.8G  0.004372  0.009068   0.02141   0.03485        12       640         0         0         0         0         0         0         0
       6/9      4.8G  0.003452  0.006512   0.02135   0.03132        12       640         0         0         0         0         0         0         0
       7/9      4.8G  0.002623  0.004536   0.02123   0.02839        12       640         0         0         0         0         0         0         0
       8/9      4.8G  0.002098  0.003592   0.02103   0.02672        12       640         0         0         0         0         0         0         0
       9/9      4.8G  0.001719  0.003123   0.02086    0.0257        12       640    0.2123    0.8476    0.2435    0.2198   0.00337   0.00565   0.02216
       0/9      4.8G   0.00896   0.01916   0.01837    0.0465        12       640         0         0         0         0         0         0         0
       1/9      4.8G  0.006042   0.01689   0.01828   0.04121        12       640         0         0         0         0         0         0         0
       2/9      4.8G   0.00591   0.01519   0.01825   0.03935        12       640         0         0         0         0         0         0         0
       3/9      4.8G  0.005744   0.01241   0.01825    0.0364        12       640         0         0         0         0         0         0         0
       4/9      4.8G  0.004986  0.008359   0.01825    0.0316        12       640         0         0         0         0         0         0         0
       5/9      4.8G  0.003312  0.005584    0.0182    0.0271        12       640         0         0         0         0         0         0         0
       6/9      4.8G  0.002379  0.003964   0.01811   0.02445        12       640         0         0         0         0         0         0         0
       7/9      4.8G  0.001922  0.003096   0.01801   0.02303        12       640         0         0         0         0         0         0         0
       8/9      4.8G  0.001556  0.002472   0.01788   0.02191        12       640         0         0         0         0         0         0         0
       9/9      4.8G  0.001387  0.002205   0.01772   0.02131        12       640    0.2172    0.8707    0.2633    0.2456  0.003552  0.007956   0.01884
       0/9      4.8G   0.01518   0.01668   0.02443   0.05629        12       640         0         0         0         0         0         0         0
       1/9      4.8G   0.01021   0.01437   0.02435   0.04893        12       640         0         0         0         0         0         0         0
       2/9      4.8G   0.01002   0.01369   0.02429     0.048        12       640         0         0         0         0         0         0         0
       3/9      4.8G  0.009871   0.01242   0.02417   0.04645        12       640         0         0         0         0         0         0         0
       4/9      4.8G  0.009679  0.009913   0.02405   0.04364        12       640         0         0         0         0         0         0         0
       5/9      4.8G  0.008969  0.007713   0.02399   0.04067        12       640         0         0         0         0         0         0         0
       6/9      4.8G  0.007924  0.006427   0.02387   0.03822        12       640         0         0         0         0         0         0         0
       7/9      4.8G  0.007025  0.005053   0.02368   0.03576        12       640         0         0         0         0         0         0         0
       8/9      4.8G  0.006491  0.004119   0.02331   0.03392        12       640         0         0         0         0         0         0         0
       9/9      4.8G  0.006237  0.003732    0.0232   0.03317        12       640    0.2058    0.9262    0.2531    0.2278   0.01024   0.00542   0.02752
       0/9      4.8G  0.009905   0.02117    0.0193   0.05037        12       640         0         0         0         0         0         0         0
       1/9      4.8G  0.006945   0.01688   0.01917   0.04299        12       640         0         0         0         0         0         0         0
       2/9      4.8G  0.006498    0.0163   0.01913   0.04192        12       640         0         0         0         0         0         0         0
       3/9      4.8G  0.006366   0.01556   0.01913   0.04106        12       640         0         0         0         0         0         0         0
       4/9      4.8G   0.00626   0.01414   0.01912   0.03952        12       640         0         0         0         0         0         0         0
       5/9      4.8G   0.00606   0.01219   0.01912   0.03737        12       640         0         0         0         0         0         0         0
       6/9      4.8G  0.004709  0.008932   0.01912   0.03276        12       640         0         0         0         0         0         0         0
       7/9      4.8G  0.003454  0.006478   0.01907     0.029        12       640         0         0         0         0         0         0         0
       8/9      4.8G  0.002565  0.004559   0.01902   0.02614        12       640         0         0         0         0         0         0         0
       9/9      4.8G  0.001927  0.003514   0.01895   0.02439        12       640    0.2112    0.8467      0.25    0.2405  0.003724  0.005582   0.01977
       0/9      4.8G  0.008549   0.01893   0.02296   0.05045        12       640         0         0         0         0         0         0         0
       1/9      4.8G  0.005747   0.01673   0.02283   0.04531        12       640         0         0         0         0         0         0         0
       2/9      4.8G  0.005604   0.01499   0.02281    0.0434        12       640         0         0         0         0         0         0         0
       3/9      4.8G  0.005447   0.01297   0.02279   0.04121        12       640         0         0         0         0         0         0         0
       4/9      4.8G  0.004858  0.009493   0.02278   0.03713        12       640         0         0         0         0         0         0         0
       5/9      4.8G   0.00355  0.007109   0.02272   0.03338        12       640         0         0         0         0         0         0         0
       6/9      4.8G  0.002671  0.004799   0.02267   0.03014        12       640         0         0         0         0         0         0         0
       7/9      4.8G  0.002026  0.003331   0.02264     0.028        12       640         0         0         0         0         0         0         0
       8/9      4.8G  0.001662  0.002741   0.02258   0.02698        12       640         0         0         0         0         0         0         0
       9/9      4.8G  0.001409  0.002395   0.02244   0.02624        12       640      0.22    0.8482    0.2596    0.2382  0.003312  0.008517   0.02357
       0/9      4.8G  0.006721   0.02119    0.0233   0.05121        12       640         0         0         0         0         0         0         0
       1/9      4.8G  0.004612   0.01817    0.0232   0.04597        12       640         0         0         0         0         0         0         0
       2/9      4.8G  0.004358   0.01715   0.02314   0.04464        12       640         0         0         0         0         0         0         0
       3/9      4.8G  0.004237   0.01569   0.02311   0.04303        12       640         0         0         0         0         0         0         0
       4/9      4.8G  0.004115   0.01329   0.02312   0.04053        12       640         0         0         0         0         0         0         0
       5/9      4.8G  0.003729   0.01013   0.02309   0.03696        12       640         0         0         0         0         0         0         0
       6/9      4.8G  0.002978  0.008432   0.02305   0.03446        12       640         0         0         0         0         0         0         0
       7/9      4.8G  0.002388  0.006388   0.02296   0.03174        12       640         0         0         0         0         0         0         0
       8/9      4.8G  0.001968  0.004705   0.02281   0.02948        12       640         0         0         0         0         0         0         0
       9/9      4.8G  0.001626  0.003975   0.02264   0.02824        12       640     0.224    0.7782    0.2626    0.2347  0.002686  0.007077   0.02364
       0/9      4.8G  0.008251   0.01785   0.02359   0.04969        12       640         0         0         0         0         0         0         0
       1/9      4.8G  0.005551   0.01565   0.02346   0.04466        12       640         0         0         0         0         0         0         0
       2/9      4.8G  0.005405   0.01464   0.02341   0.04345        12       640         0         0         0         0         0         0         0
       3/9      4.8G  0.005289   0.01345   0.02339   0.04213        12       640         0         0         0         0         0         0         0
       4/9      4.8G  0.005132   0.01087   0.02339   0.03939        12       640         0         0         0         0         0         0         0
       5/9      4.8G  0.004533  0.008107   0.02332   0.03596        12       640         0         0         0         0         0         0         0
       6/9      4.8G  0.003405  0.006367   0.02327   0.03305        12       640         0         0         0         0         0         0         0
       7/9      4.8G  0.002624  0.004811   0.02315   0.03058        12       640         0         0         0         0         0         0         0
       8/9      4.8G  0.002122   0.00372   0.02293   0.02877        12       640         0         0         0         0         0         0         0
       9/9      4.8G  0.001819  0.003206   0.02272   0.02775        12       640    0.2123    0.8956    0.2553     0.235  0.003356  0.005457   0.02407
       0/9      4.8G  0.007093   0.01981    0.0277    0.0546        12       640         0         0         0         0         0         0         0
       1/9      4.8G  0.004845   0.01661   0.02749   0.04895        12       640         0         0         0         0         0         0         0
       2/9      4.8G  0.004557   0.01626   0.02746   0.04827        12       640         0         0         0         0         0         0         0
       3/9      4.8G  0.004452   0.01536   0.02745   0.04726        12       640         0         0         0         0         0         0         0
       4/9      4.8G  0.004366   0.01409   0.02743   0.04589        12       640         0         0         0         0         0         0         0
       5/9      4.8G  0.004301   0.01246   0.02743   0.04418        12       640         0         0         0         0         0         0         0
       6/9      4.8G  0.003895  0.009536   0.02741   0.04084        12       640         0         0         0         0         0         0         0
       7/9      4.8G  0.002953  0.007984    0.0273   0.03824        12       640         0         0         0         0         0         0         0
       8/9      4.8G  0.002305   0.00655   0.02715   0.03601        12       640         0         0         0         0         0         0         0
       9/9      4.8G  0.001802  0.004942   0.02699   0.03373        12       640    0.2088    0.9219    0.2546    0.2245  0.003076  0.005498   0.02821
       0/9      4.8G  0.008514   0.02137   0.02532    0.0552        12       640         0         0         0         0         0         0         0
       1/9      4.8G  0.006095   0.01866   0.02519   0.04995        12       640         0         0         0         0         0         0         0
       2/9      4.8G  0.005866   0.01774   0.02515   0.04876        12       640         0         0         0         0         0         0         0
       3/9      4.8G  0.005723   0.01595   0.02511   0.04679        12       640         0         0         0         0         0         0         0
       4/9      4.8G  0.005454   0.01287   0.02512   0.04345        12       640         0         0         0         0         0         0         0
       5/9      4.8G  0.004583  0.009628   0.02508   0.03929        12       640         0         0         0         0         0         0         0
       6/9      4.8G  0.003353  0.007213   0.02499   0.03555        12       640         0         0         0         0         0         0         0
       7/9      4.8G  0.002406   0.00477   0.02478   0.03196        12       640         0         0         0         0         0         0         0
       8/9      4.8G  0.001873  0.003803   0.02437   0.03005        12       640         0         0         0         0         0         0         0
       9/9      4.8G  0.001538  0.003181   0.02404   0.02876        12       640    0.2278    0.8309    0.2702    0.2422   0.00349  0.006707   0.02588
       0/9      4.8G  0.008333   0.01764   0.02137   0.04735        12       640         0         0         0         0         0         0         0
       1/9      4.8G  0.005681   0.01566   0.02124   0.04257        12       640         0         0         0         0         0         0         0
       2/9      4.8G  0.005561   0.01408   0.02122   0.04086        12       640         0         0         0         0         0         0         0
       3/9      4.8G  0.005366   0.01234    0.0212    0.0389        12       640         0         0         0         0         0         0         0
       4/9      4.8G   0.00478  0.008676   0.02121   0.03467        12       640         0         0         0         0         0         0         0
       5/9      4.8G  0.003483  0.006289   0.02114   0.03091        12       640         0         0         0         0         0         0         0
       6/9      4.8G  0.002476   0.00393   0.02111   0.02751        12       640         0         0         0         0         0         0         0
       7/9      4.8G  0.001883  0.002694   0.02104   0.02562        12       640         0         0         0         0         0         0         0
       8/9      4.8G  0.001493   0.00232    0.0209   0.02471        12       640         0         0         0         0         0         0         0
       9/9      4.8G  0.001261  0.002116   0.02076   0.02413        12       640    0.2223    0.8377    0.2693    0.2467  0.003338  0.006003   0.02178
       0/9      4.8G  0.008769   0.02532   0.02415   0.05823        12       640         0         0         0         0         0         0         0
       1/9      4.8G   0.00618   0.02112   0.02398   0.05127        12       640         0         0         0         0         0         0         0
       2/9      4.8G   0.00582   0.02035   0.02395   0.05012        12       640         0         0         0         0         0         0         0
       3/9      4.8G  0.005674   0.01883   0.02394   0.04845        12       640         0         0         0         0         0         0         0
       4/9      4.8G  0.005531   0.01709   0.02392   0.04654        12       640         0         0         0         0         0         0         0
       5/9      4.8G  0.005235   0.01306   0.02394   0.04223        12       640         0         0         0         0         0         0         0
       6/9      4.8G  0.004124  0.009904   0.02389   0.03791        12       640         0         0         0         0         0         0         0
       7/9      4.8G  0.003014  0.007251   0.02377   0.03403        12       640         0         0         0         0         0         0         0
       8/9      4.8G  0.002235  0.005168    0.0236     0.031        12       640         0         0         0         0         0         0         0
       9/9      4.8G  0.001784  0.004293   0.02336   0.02944        12       640    0.2219    0.7225    0.2625    0.2335  0.003524  0.007171   0.02446
       0/9      4.8G  0.008972   0.01843   0.02412   0.05151        12       640         0         0         0         0         0         0         0
       1/9      4.8G  0.006019    0.0162   0.02401   0.04623        12       640         0         0         0         0         0         0         0
       2/9      4.8G  0.005835    0.0149   0.02399   0.04472        12       640         0         0         0         0         0         0         0
       3/9      4.8G  0.005708   0.01339   0.02398   0.04307        12       640         0         0         0         0         0         0         0
       4/9      4.8G  0.005215  0.009882     0.024   0.03909        12       640         0         0         0         0         0         0         0
       5/9      4.8G  0.003915  0.006971   0.02394   0.03483        12       640         0         0         0         0         0         0         0
       6/9      4.8G  0.002736  0.004421   0.02389   0.03104        12       640         0         0         0         0         0         0         0
       7/9      4.8G  0.001956  0.003183   0.02375   0.02889        12       640         0         0         0         0         0         0         0
       8/9      4.8G  0.001578  0.002576   0.02347   0.02763        12       640         0         0         0         0         0         0         0
       9/9      4.8G  0.001413  0.002336   0.02316   0.02691        12       640    0.2186    0.8674    0.2594    0.2442  0.003662  0.005536   0.02498
       0/9      4.8G  0.009073   0.01725   0.02299   0.04931        12       640         0         0         0         0         0         0         0
       1/9      4.8G  0.006101   0.01521   0.02285   0.04416        12       640         0         0         0         0         0         0         0
       2/9      4.8G  0.005899   0.01422    0.0228   0.04292        12       640         0         0         0         0         0         0         0
       3/9      4.8G  0.005782   0.01275   0.02279   0.04132        12       640         0         0         0         0         0         0         0
       4/9      4.8G  0.005262   0.01004   0.02279   0.03809        12       640         0         0         0         0         0         0         0
       5/9      4.8G  0.004037  0.007381   0.02273   0.03415        12       640         0         0         0         0         0         0         0
       6/9      4.8G  0.003104  0.005132   0.02268   0.03091        12       640         0         0         0         0         0         0         0
       7/9      4.8G  0.002301  0.003773   0.02261   0.02868        12       640         0         0         0         0         0         0         0
       8/9      4.8G  0.001784  0.003044   0.02244   0.02727        12       640         0         0         0         0         0         0         0
       9/9      4.8G  0.001631  0.002423   0.02226   0.02631        12       640    0.2082    0.9455    0.2588    0.2361  0.003789  0.007361   0.02355
       0/9      4.8G  0.009248    0.0216   0.02359   0.05444        12       640         0         0         0         0         0         0         0
       1/9      4.8G  0.006529    0.0181    0.0234   0.04803        12       640         0         0         0         0         0         0         0
       2/9      4.8G  0.006207   0.01753   0.02338   0.04712        12       640         0         0         0         0         0         0         0
       3/9      4.8G  0.006075   0.01614   0.02335   0.04557        12       640         0         0         0         0         0         0         0
       4/9      4.8G  0.005953   0.01461   0.02334    0.0439        12       640         0         0         0         0         0         0         0
       5/9      4.8G  0.005641   0.01085   0.02335   0.03984        12       640         0         0         0         0         0         0         0
       6/9      4.8G  0.004271  0.008538   0.02328   0.03609        12       640         0         0         0         0         0         0         0
       7/9      4.8G  0.003085  0.006048   0.02322   0.03235        12       640         0         0         0         0         0         0         0
       8/9      4.8G  0.002272  0.004228    0.0231    0.0296        12       640         0         0         0         0         0         0         0
       9/9      4.8G   0.00179  0.003433   0.02291   0.02813        12       640    0.2266    0.8346    0.2715    0.2489  0.003791  0.006121    0.0239
       0/9      4.8G  0.009612   0.02121    0.0228   0.05361        12       640         0         0         0         0         0         0         0
       1/9      4.8G  0.006867    0.0177   0.02264    0.0472        12       640         0         0         0         0         0         0         0
       2/9      4.8G  0.006531   0.01687   0.02262   0.04602        12       640         0         0         0         0         0         0         0
       3/9      4.8G  0.006436    0.0153    0.0226   0.04434        12       640         0         0         0         0         0         0         0
       4/9      4.8G  0.006193   0.01288    0.0226   0.04168        12       640         0         0         0         0         0         0         0
       5/9      4.8G   0.00499  0.009265   0.02258   0.03683        12       640         0         0         0         0         0         0         0
       6/9      4.8G  0.003402  0.006596    0.0225    0.0325        12       640         0         0         0         0         0         0         0
       7/9      4.8G  0.002291  0.004006   0.02246   0.02876        12       640         0         0         0         0         0         0         0
       8/9      4.8G  0.001854  0.002959   0.02237   0.02718        12       640         0         0         0         0         0         0         0
       9/9      4.8G  0.001482  0.002551   0.02215   0.02618        12       640    0.2235    0.8576    0.2621    0.2506  0.003504  0.005944   0.02313
       0/9      4.8G  0.009661   0.02127   0.02278   0.05372        12       640         0         0         0         0         0         0         0
       1/9      4.8G   0.00686   0.01765   0.02264   0.04715        12       640         0         0         0         0         0         0         0
       2/9      4.8G  0.006559   0.01693   0.02261    0.0461        12       640         0         0         0         0         0         0         0
       3/9      4.8G  0.006431    0.0153    0.0226   0.04433        12       640         0         0         0         0         0         0         0
       4/9      4.8G  0.006229   0.01296    0.0226   0.04178        12       640         0         0         0         0         0         0         0
       5/9      4.8G  0.005098   0.00933   0.02257     0.037        12       640         0         0         0         0         0         0         0
       6/9      4.8G   0.00355  0.006228   0.02252    0.0323        12       640         0         0         0         0         0         0         0
       7/9      4.8G  0.002416  0.003755   0.02244   0.02861        12       640         0         0         0         0         0         0         0
       8/9      4.8G  0.001739  0.002851   0.02238   0.02697        12       640         0         0         0         0         0         0         0
       9/9      4.8G  0.001399  0.002471   0.02217   0.02604        12       640     0.219    0.8634    0.2592    0.2446  0.003693  0.006523   0.02326
       0/9      4.8G  0.008978   0.01951   0.02474   0.05322        12       640         0         0         0         0         0         0         0
       1/9      4.8G  0.006394   0.01708   0.02451   0.04798        12       640         0         0         0         0         0         0         0
       2/9      4.8G  0.006137   0.01636   0.02446   0.04696        12       640         0         0         0         0         0         0         0
       3/9      4.8G  0.006068     0.015   0.02445   0.04552        12       640         0         0         0         0         0         0         0
       4/9      4.8G  0.005882    0.0129   0.02442    0.0432        12       640         0         0         0         0         0         0         0
       5/9      4.8G  0.005036  0.009488   0.02443   0.03895        12       640         0         0         0         0         0         0         0
       6/9      4.8G  0.003883  0.007497   0.02432    0.0357        12       640         0         0         0         0         0         0         0
       7/9      4.8G  0.002987  0.005453   0.02427   0.03271        12       640         0         0         0         0         0         0         0
       8/9      4.8G  0.002273  0.004309   0.02417   0.03076        12       640         0         0         0         0         0         0         0
       9/9      4.8G  0.001962   0.00364   0.02405   0.02966        12       640    0.2215    0.7885    0.2589    0.2315  0.003855  0.006113   0.02501
       0/9      4.8G    0.0106   0.01687   0.02252   0.04999        12       640         0         0         0         0         0         0         0
       1/9      4.8G  0.006966   0.01405   0.02233   0.04335        12       640         0         0         0         0         0         0         0
       2/9      4.8G  0.006744   0.01324   0.02231    0.0423        12       640         0         0         0         0         0         0         0
       3/9      4.8G  0.006604   0.01197    0.0223   0.04087        12       640         0         0         0         0         0         0         0
       4/9      4.8G  0.006022  0.009746   0.02228   0.03805        12       640         0         0         0         0         0         0         0
       5/9      4.8G  0.004354   0.00701   0.02227   0.03363        12       640         0         0         0         0         0         0         0
       6/9      4.8G  0.003238  0.004761   0.02221   0.03021        12       640         0         0         0         0         0         0         0
       7/9      4.8G  0.002273  0.003406   0.02216   0.02784        12       640         0         0         0         0         0         0         0
       8/9      4.8G  0.001677  0.002724   0.02206   0.02646        12       640         0         0         0         0         0         0         0
       9/9      4.8G  0.001425  0.002249   0.02188   0.02556        12       640    0.2055    0.9304    0.2478    0.2349   0.00412  0.006059   0.02324
       0/9      4.8G  0.009588     0.023    0.0215   0.05409        12       640         0         0         0         0         0         0         0
       1/9      4.8G  0.006619    0.0207   0.02133   0.04865        12       640         0         0         0         0         0         0         0
       2/9      4.8G  0.006401   0.01748    0.0213   0.04518        12       640         0         0         0         0         0         0         0
       3/9      4.8G  0.005971   0.01192   0.02129   0.03918        12       640         0         0         0         0         0         0         0
       4/9      4.8G  0.004594   0.00825   0.02122   0.03407        12       640         0         0         0         0         0         0         0
       5/9      4.8G  0.003236  0.005494   0.02117    0.0299        12       640         0         0         0         0         0         0         0
       6/9      4.8G  0.002308  0.003869   0.02105   0.02722        12       640         0         0         0         0         0         0         0
       7/9      4.8G  0.001909  0.002869   0.02086   0.02564        12       640         0         0         0         0         0         0         0
       8/9      4.8G   0.00161  0.002472   0.02063   0.02471        12       640         0         0         0         0         0         0         0
       9/9      4.8G  0.001453  0.002262   0.02044   0.02416        12       640    0.2188    0.8803    0.2641    0.2387  0.003966   0.00846   0.02184
       0/9      4.8G  0.009486   0.01812   0.01896   0.04657        12       640         0         0         0         0         0         0         0
       1/9      4.8G  0.006637   0.01469   0.01882   0.04015        12       640         0         0         0         0         0         0         0
       2/9      4.8G  0.006332   0.01416    0.0188   0.03929        12       640         0         0         0         0         0         0         0
       3/9      4.8G  0.006232    0.0131    0.0188   0.03814        12       640         0         0         0         0         0         0         0
       4/9      4.8G  0.006086   0.01159   0.01879   0.03647        12       640         0         0         0         0         0         0         0
       5/9      4.8G  0.005249  0.008635   0.01879   0.03267        12       640         0         0         0         0         0         0         0
       6/9      4.8G  0.003491  0.005725   0.01874   0.02796        12       640         0         0         0         0         0         0         0
       7/9      4.8G  0.002208  0.003566   0.01871   0.02448        12       640         0         0         0         0         0         0         0
       8/9      4.8G  0.001591  0.002524   0.01863   0.02275        12       640         0         0         0         0         0         0         0
       9/9      4.8G   0.00135  0.002048   0.01854   0.02193        12       640    0.2255    0.7749    0.2567    0.2408   0.00341  0.006564   0.01922
       0/9      4.8G  0.009643   0.02139   0.02203   0.05306        12       640         0         0         0         0         0         0         0
       1/9      4.8G  0.006922   0.01818    0.0219   0.04701        12       640         0         0         0         0         0         0         0
       2/9      4.8G  0.006584   0.01744   0.02184   0.04587        12       640         0         0         0         0         0         0         0
       3/9      4.8G  0.006435    0.0157   0.02181   0.04395        12       640         0         0         0         0         0         0         0
       4/9      4.8G  0.006235   0.01331   0.02181   0.04135        12       640         0         0         0         0         0         0         0
       5/9      4.8G  0.005461  0.009759   0.02178     0.037        12       640         0         0         0         0         0         0         0
       6/9      4.8G  0.003781  0.007551   0.02172   0.03305        12       640         0         0         0         0         0         0         0
       7/9      4.8G  0.002684  0.004841   0.02167    0.0292        12       640         0         0         0         0         0         0         0
       8/9      4.8G  0.002025  0.003736   0.02156   0.02732        12       640         0         0         0         0         0         0         0
       9/9      4.8G  0.001758  0.003232   0.02137   0.02636        12       640    0.2188    0.8649    0.2599    0.2375  0.004045  0.006102   0.02247
       0/9      4.8G  0.007659   0.02201   0.02215   0.05183        12       640         0         0         0         0         0         0         0
       1/9      4.8G  0.005294   0.01939   0.02203   0.04672        12       640         0         0         0         0         0         0         0
       2/9      4.8G  0.005055   0.01817   0.02199   0.04522        12       640         0         0         0         0         0         0         0
       3/9      4.8G  0.004979   0.01603   0.02199     0.043        12       640         0         0         0         0         0         0         0
       4/9      4.8G  0.004787   0.01242   0.02199    0.0392        12       640         0         0         0         0         0         0         0
       5/9      4.8G  0.004037  0.009706   0.02195    0.0357        12       640         0         0         0         0         0         0         0
       6/9      4.8G  0.003137  0.007479   0.02189    0.0325        12       640         0         0         0         0         0         0         0
       7/9      4.8G  0.002398  0.005328   0.02181   0.02953        12       640         0         0         0         0         0         0         0
       8/9      4.8G  0.001925  0.004011   0.02164   0.02758        12       640         0         0         0         0         0         0         0
       9/9      4.8G  0.001631  0.003301   0.02149   0.02642        12       640    0.2204    0.8042    0.2575     0.231  0.003367  0.008854   0.02252
       0/9      4.8G  0.009256   0.02207   0.02311   0.05444        12       640         0         0         0         0         0         0         0
       1/9      4.8G  0.006671    0.0183     0.023   0.04797        12       640         0         0         0         0         0         0         0
       2/9      4.8G  0.006284   0.01765   0.02293   0.04686        12       640         0         0         0         0         0         0         0
       3/9      4.8G  0.006171   0.01614   0.02292   0.04523        12       640         0         0         0         0         0         0         0
       4/9      4.8G  0.005963   0.01416    0.0229   0.04302        12       640         0         0         0         0         0         0         0
       5/9      4.8G  0.005255   0.01036    0.0229   0.03852        12       640         0         0         0         0         0         0         0
       6/9      4.8G  0.003608   0.00745   0.02286   0.03392        12       640         0         0         0         0         0         0         0
       7/9      4.8G  0.002463  0.004671   0.02277    0.0299        12       640         0         0         0         0         0         0         0
       8/9      4.8G   0.00197  0.003707   0.02264   0.02832        12       640         0         0         0         0         0         0         0
       9/9      4.8G  0.001654  0.003133   0.02232   0.02711        12       640    0.2107      0.91    0.2548    0.2314  0.003721  0.006418   0.02361
       0/9      4.8G  0.008667   0.02121   0.02222   0.05209        12       640         0         0         0         0         0         0         0
       1/9      4.8G  0.006082   0.01769   0.02208   0.04586        12       640         0         0         0         0         0         0         0
       2/9      4.8G  0.005791   0.01674   0.02207    0.0446        12       640         0         0         0         0         0         0         0
       3/9      4.8G  0.005636   0.01521   0.02205    0.0429        12       640         0         0         0         0         0         0         0
       4/9      4.8G  0.005484   0.01338   0.02203    0.0409        12       640         0         0         0         0         0         0         0
       5/9      4.8G  0.004785  0.009639   0.02205   0.03648        12       640         0         0         0         0         0         0         0
       6/9      4.8G   0.00331  0.006919   0.02197    0.0322        12       640         0         0         0         0         0         0         0
       7/9      4.8G  0.002318  0.004712   0.02191   0.02894        12       640         0         0         0         0         0         0         0
       8/9      4.8G  0.001699  0.003893   0.02185   0.02744        12       640         0         0         0         0         0         0         0
       9/9      4.8G  0.001306  0.003233   0.02174   0.02628        12       640    0.2196     0.811    0.2501    0.2325  0.003291  0.006228    0.0227
       0/9      4.8G  0.008229   0.02063   0.02077   0.04963        12       640         0         0         0         0         0         0         0
       1/9      4.8G  0.005821   0.01816   0.02064   0.04462        12       640         0         0         0         0         0         0         0
       2/9      4.8G  0.005614   0.01652   0.02061   0.04274        12       640         0         0         0         0         0         0         0
       3/9      4.8G  0.005441   0.01461   0.02059   0.04064        12       640         0         0         0         0         0         0         0
       4/9      4.8G   0.00512    0.0105    0.0206   0.03622        12       640         0         0         0         0         0         0         0
       5/9      4.8G   0.00395  0.007612   0.02054    0.0321        12       640         0         0         0         0         0         0         0
       6/9      4.8G  0.002662  0.004963   0.02049   0.02811        12       640         0         0         0         0         0         0         0
       7/9      4.8G  0.001924  0.003506   0.02038   0.02581        12       640         0         0         0         0         0         0         0
       8/9      4.8G  0.001527  0.002757   0.02014   0.02443        12       640         0         0         0         0         0         0         0
       9/9      4.8G  0.001354  0.002344   0.01988   0.02357        12       640    0.2175    0.8518    0.2589    0.2376  0.003215  0.008395   0.02123
       0/9      4.8G   0.01525    0.0298   0.02214   0.06719        12       640         0         0         0         0         0         0         0
       1/9      4.8G   0.01085    0.0235   0.02194   0.05629        12       640         0         0         0         0         0         0         0
       2/9      4.8G  0.009969   0.02245   0.02185   0.05427        12       640         0         0         0         0         0         0         0
       3/9      4.8G  0.009681   0.02124   0.02183   0.05275        12       640         0         0         0         0         0         0         0
       4/9      4.8G  0.009471   0.01937   0.02183   0.05066        12       640         0         0         0         0         0         0         0
       5/9      4.8G  0.009148   0.01616   0.02181   0.04712        12       640         0         0         0         0         0         0         0
       6/9      4.8G  0.006622   0.01119   0.02178   0.03959        12       640         0         0         0         0         0         0         0
       7/9      4.8G  0.004147  0.006345   0.02172   0.03221        12       640         0         0         0         0         0         0         0
       8/9      4.8G  0.002668  0.004409   0.02165   0.02873        12       640         0         0         0         0         0         0         0
       9/9      4.8G  0.002282  0.003457   0.02146    0.0272        12       640    0.2011    0.9892    0.2482    0.2311  0.005452  0.007115   0.02249
       0/9      4.8G  0.009511   0.02145   0.02109   0.05205        12       640         0         0         0         0         0         0         0
       1/9      4.8G  0.006782   0.01763   0.02095   0.04536        12       640         0         0         0         0         0         0         0
       2/9      4.8G  0.006416   0.01695   0.02093   0.04429        12       640         0         0         0         0         0         0         0
       3/9      4.8G  0.006277   0.01558   0.02092   0.04277        12       640         0         0         0         0         0         0         0
       4/9      4.8G  0.006116    0.0139    0.0209   0.04092        12       640         0         0         0         0         0         0         0
       5/9      4.8G  0.005397    0.0105   0.02092   0.03681        12       640         0         0         0         0         0         0         0
       6/9      4.8G  0.003802  0.007555   0.02084    0.0322        12       640         0         0         0         0         0         0         0
       7/9      4.8G  0.002601  0.004785   0.02079   0.02818        12       640         0         0         0         0         0         0         0
       8/9      4.8G  0.001847  0.003438   0.02068   0.02596        12       640         0         0         0         0         0         0         0
       9/9      4.8G  0.001554  0.002818   0.02054   0.02492        12       640    0.2093    0.9448    0.2527    0.2289  0.004038  0.005069   0.02193
       0/9      4.8G   0.01041   0.02364   0.02451   0.05856        12       640         0         0         0         0         0         0         0
       1/9      4.8G  0.007281   0.01926    0.0243   0.05084        12       640         0         0         0         0         0         0         0
       2/9      4.8G  0.006916    0.0185   0.02429    0.0497        12       640         0         0         0         0         0         0         0
       3/9      4.8G   0.00673   0.01765   0.02426   0.04864        12       640         0         0         0         0         0         0         0
       4/9      4.8G  0.006611   0.01618   0.02423   0.04702        12       640         0         0         0         0         0         0         0
       5/9      4.8G  0.006402   0.01376   0.02423   0.04439        12       640         0         0         0         0         0         0         0
       6/9      4.8G  0.005418  0.009834   0.02421   0.03946        12       640         0         0         0         0         0         0         0
       7/9      4.8G   0.00384   0.00724   0.02412    0.0352        12       640         0         0         0         0         0         0         0
       8/9      4.8G  0.002728  0.005159   0.02395   0.03184        12       640         0         0         0         0         0         0         0
       9/9      4.8G  0.002154  0.004044   0.02369   0.02988        12       640    0.2119     0.923    0.2513    0.2318    0.0039  0.005747    0.0248
       0/9      4.8G  0.009187   0.02174    0.0229   0.05383        12       640         0         0         0         0         0         0         0
       1/9      4.8G  0.006572   0.01771   0.02277   0.04704        12       640         0         0         0         0         0         0         0
       2/9      4.8G  0.006135   0.01709   0.02271   0.04594        12       640         0         0         0         0         0         0         0
       3/9      4.8G  0.006001   0.01583   0.02268   0.04452        12       640         0         0         0         0         0         0         0
       4/9      4.8G  0.005832   0.01439   0.02266   0.04288        12       640         0         0         0         0         0         0         0
       5/9      4.8G  0.005271   0.01119   0.02268   0.03914        12       640         0         0         0         0         0         0         0
       6/9      4.8G  0.003782  0.007975    0.0226   0.03436        12       640         0         0         0         0         0         0         0
       7/9      4.8G  0.002546  0.004987   0.02258   0.03011        12       640         0         0         0         0         0         0         0
       8/9      4.8G  0.001871  0.003474   0.02245   0.02779        12       640         0         0         0         0         0         0         0
       9/9      4.8G  0.001438  0.002776   0.02226   0.02647        12       640    0.2082     0.967    0.2514    0.2383   0.00338  0.006467   0.02333
       0/9      4.8G   0.01007   0.01883   0.02259   0.05149        12       640         0         0         0         0         0         0         0
       1/9      4.8G  0.007217   0.01488   0.02244   0.04454        12       640         0         0         0         0         0         0         0
       2/9      4.8G  0.006852   0.01448   0.02242   0.04376        12       640         0         0         0         0         0         0         0
       3/9      4.8G   0.00665   0.01409   0.02239   0.04313        12       640         0         0         0         0         0         0         0
       4/9      4.8G  0.006559   0.01279   0.02238   0.04172        12       640         0         0         0         0         0         0         0
       5/9      4.8G  0.006066   0.01104   0.02237   0.03948        12       640         0         0         0         0         0         0         0
       6/9      4.8G  0.004445   0.00769   0.02235   0.03449        12       640         0         0         0         0         0         0         0
       7/9      4.8G  0.003246  0.005435   0.02226   0.03094        12       640         0         0         0         0         0         0         0
       8/9      4.8G   0.00224  0.004019   0.02223   0.02849        12       640         0         0         0         0         0         0         0
       9/9      4.8G  0.001818  0.003236   0.02198   0.02703        12       640    0.2079    0.8536     0.241    0.2188  0.004327  0.004535   0.02312
       0/9      4.8G  0.009607   0.02079   0.02303   0.05343        12       640         0         0         0         0         0         0         0
       1/9      4.8G  0.006862   0.01737   0.02288   0.04711        12       640         0         0         0         0         0         0         0
       2/9      4.8G  0.006574   0.01645   0.02283   0.04586        12       640         0         0         0         0         0         0         0
       3/9      4.8G  0.006436   0.01491   0.02282   0.04417        12       640         0         0         0         0         0         0         0
       4/9      4.8G  0.006174   0.01271    0.0228   0.04169        12       640         0         0         0         0         0         0         0
       5/9      4.8G  0.004913  0.008999   0.02278    0.0367        12       640         0         0         0         0         0         0         0
       6/9      4.8G  0.003488  0.005877   0.02272   0.03208        12       640         0         0         0         0         0         0         0
       7/9      4.8G  0.002333  0.003862   0.02267   0.02887        12       640         0         0         0         0         0         0         0
       8/9      4.8G  0.001706  0.002979   0.02252   0.02721        12       640         0         0         0         0         0         0         0
       9/9      4.8G  0.001497  0.002593   0.02226   0.02635        12       640    0.2095    0.9313     0.261    0.2424   0.00374   0.00667   0.02381
       0/9      4.8G  0.009997   0.02151   0.02364   0.05515        12       640         0         0         0         0         0         0         0
       1/9      4.8G  0.007121   0.01805   0.02344   0.04861        12       640         0         0         0         0         0         0         0
       2/9      4.8G  0.006797   0.01716    0.0234   0.04736        12       640         0         0         0         0         0         0         0
       3/9      4.8G  0.006654   0.01548    0.0234   0.04553        12       640         0         0         0         0         0         0         0
       4/9      4.8G  0.006358   0.01285   0.02338   0.04258        12       640         0         0         0         0         0         0         0
       5/9      4.8G  0.005063  0.009386   0.02335    0.0378        12       640         0         0         0         0         0         0         0
       6/9      4.8G  0.003675  0.007051   0.02324   0.03396        12       640         0         0         0         0         0         0         0
       7/9      4.8G  0.002581  0.004486   0.02318   0.03025        12       640         0         0         0         0         0         0         0
       8/9      4.8G  0.001984  0.003124   0.02314   0.02825        12       640         0         0         0         0         0         0         0
       9/9      4.8G  0.001571  0.002623   0.02288   0.02707        12       640    0.2183    0.8577    0.2581    0.2441  0.003718  0.005443   0.02385
       0/9      4.8G   0.01044   0.02303     0.023   0.05648        12       640         0         0         0         0         0         0         0
       1/9      4.8G    0.0074   0.01905   0.02281   0.04926        12       640         0         0         0         0         0         0         0
       2/9      4.8G  0.007058   0.01835   0.02278   0.04819        12       640         0         0         0         0         0         0         0
       3/9      4.8G  0.006904   0.01687   0.02277   0.04654        12       640         0         0         0         0         0         0         0
       4/9      4.8G   0.00674    0.0151   0.02275    0.0446        12       640         0         0         0         0         0         0         0
       5/9      4.8G  0.006235   0.01118   0.02276   0.04017        12       640         0         0         0         0         0         0         0
       6/9      4.8G  0.004389  0.008236   0.02271   0.03534        12       640         0         0         0         0         0         0         0
       7/9      4.8G  0.003067  0.005202    0.0226   0.03087        12       640         0         0         0         0         0         0         0
       8/9      4.8G  0.002247  0.003809   0.02258   0.02864        12       640         0         0         0         0         0         0         0
       9/9      4.8G  0.001828  0.002912   0.02237   0.02711        12       640    0.2109    0.9259    0.2549    0.2382  0.003865  0.008207   0.02343
       0/9      4.8G  0.009219   0.02227   0.01466   0.04615        12       640         0         0         0         0         0         0         0
       1/9      4.8G  0.006276   0.02026   0.01463   0.04117        12       640         0         0         0         0         0         0         0
       2/9      4.8G  0.006083   0.01802   0.01463   0.03873        12       640         0         0         0         0         0         0         0
       3/9      4.8G  0.005937   0.01467   0.01463   0.03523        12       640         0         0         0         0         0         0         0
       4/9      4.8G  0.005489    0.0106   0.01464   0.03073        12       640         0         0         0         0         0         0         0
       5/9      4.8G  0.004279  0.008247    0.0146   0.02713        12       640         0         0         0         0         0         0         0
       6/9      4.8G  0.003388  0.005767   0.01459   0.02375        12       640         0         0         0         0         0         0         0
       7/9      4.8G  0.002567  0.004341   0.01457   0.02147        12       640         0         0         0         0         0         0         0
       8/9      4.8G   0.00218  0.003449   0.01455   0.02018        12       640         0         0         0         0         0         0         0
       9/9      4.8G   0.00186  0.002915   0.01453   0.01931        12       640    0.2055    0.9415    0.2442    0.2218  0.003903  0.008229   0.01511
       0/9      4.8G  0.009152    0.0165    0.0215   0.04714        12       640         0         0         0         0         0         0         0
       1/9      4.8G  0.006641   0.01345   0.02135   0.04144        12       640         0         0         0         0         0         0         0
       2/9      4.8G  0.006304     0.013   0.02132   0.04063        12       640         0         0         0         0         0         0         0
       3/9      4.8G  0.006142   0.01228   0.02129   0.03972        12       640         0         0         0         0         0         0         0
       4/9      4.8G   0.00604   0.01144   0.02129   0.03876        12       640         0         0         0         0         0         0         0
       5/9      4.8G   0.00577  0.009952   0.02127   0.03699        12       640         0         0         0         0         0         0         0
       6/9      4.8G  0.004934  0.007685   0.02126   0.03388        12       640         0         0         0         0         0         0         0
       7/9      4.8G  0.003582  0.006506    0.0212   0.03129        12       640         0         0         0         0         0         0         0
       8/9      4.8G  0.002952   0.00488   0.02107    0.0289        12       640         0         0         0         0         0         0         0
       9/9      4.8G  0.002434  0.003823   0.02086   0.02712        12       640    0.2107    0.8964    0.2439     0.221  0.003757  0.004401   0.02174
       0/9      4.8G  0.009562   0.01769   0.02397   0.05122        12       640         0         0         0         0         0         0         0
       1/9      4.8G  0.006555   0.01499   0.02371   0.04525        12       640         0         0         0         0         0         0         0
       2/9      4.8G  0.006143   0.01399   0.02365   0.04378        12       640         0         0         0         0         0         0         0
       3/9      4.8G  0.005934   0.01264   0.02363    0.0422        12       640         0         0         0         0         0         0         0
       4/9      4.8G  0.005497  0.009469   0.02364   0.03861        12       640         0         0         0         0         0         0         0
       5/9      4.8G  0.004074  0.007242   0.02359    0.0349        12       640         0         0         0         0         0         0         0
       6/9      4.8G  0.003109  0.005306    0.0234   0.03181        12       640         0         0         0         0         0         0         0
       7/9      4.8G   0.00233  0.003877   0.02327   0.02948        12       640         0         0         0         0         0         0         0
       8/9      4.8G  0.001951  0.003328   0.02297   0.02825        12       640         0         0         0         0         0         0         0
       9/9      4.8G  0.001733  0.002927   0.02272   0.02738        12       640    0.2194    0.8589    0.2544    0.2258  0.004442  0.005774   0.02478
       0/9      4.8G   0.01033   0.02149   0.02244   0.05426        12       640         0         0         0         0         0         0         0
       1/9      4.8G  0.007558   0.01694   0.02232   0.04682        12       640         0         0         0         0         0         0         0
       2/9      4.8G  0.007088   0.01638   0.02226   0.04573        12       640         0         0         0         0         0         0         0
       3/9      4.8G  0.006918   0.01592   0.02223   0.04508        12       640         0         0         0         0         0         0         0
       4/9      4.8G  0.006755   0.01446   0.02222   0.04344        12       640         0         0         0         0         0         0         0
       5/9      4.8G  0.006488   0.01225   0.02223   0.04096        12       640         0         0         0         0         0         0         0
       6/9      4.8G  0.005109  0.009198   0.02222   0.03652        12       640         0         0         0         0         0         0         0
       7/9      4.8G  0.003581    0.0071   0.02205   0.03274        12       640         0         0         0         0         0         0         0
       8/9      4.8G  0.002631  0.004653   0.02199   0.02927        12       640         0         0         0         0         0         0         0
       9/9      4.8G  0.001893   0.00358   0.02189   0.02737        12       640    0.2006     0.989    0.2384    0.2186  0.004801  0.005967   0.02351
       0/9      4.8G  0.009727    0.0206   0.02147    0.0518        12       640         0         0         0         0         0         0         0
       1/9      4.8G   0.00654   0.01847   0.02133   0.04634        12       640         0         0         0         0         0         0         0
       2/9      4.8G  0.006349   0.01666    0.0213   0.04431        12       640         0         0         0         0         0         0         0
       3/9      4.8G  0.006182   0.01397   0.02129   0.04145        12       640         0         0         0         0         0         0         0
       4/9      4.8G    0.0053  0.009558   0.02128   0.03613        12       640         0         0         0         0         0         0         0
       5/9      4.8G  0.003721  0.006369    0.0212   0.03129        12       640         0         0         0         0         0         0         0
       6/9      4.8G   0.00248  0.003782   0.02111   0.02737        12       640         0         0         0         0         0         0         0
       7/9      4.8G  0.001915   0.00281   0.02093   0.02566        12       640         0         0         0         0         0         0         0
       8/9      4.8G  0.001519  0.002415   0.02069   0.02462        12       640         0         0         0         0         0         0         0
       9/9      4.8G  0.001356  0.002174    0.0205   0.02403        12       640    0.2183     0.902    0.2601    0.2386   0.00389   0.01007   0.02204
       0/9      4.8G   0.00963   0.02108   0.02233   0.05304        12       640         0         0         0         0         0         0         0
       1/9      4.8G  0.006946   0.01758   0.02221   0.04673        12       640         0         0         0         0         0         0         0
       2/9      4.8G   0.00655   0.01685   0.02218   0.04558        12       640         0         0         0         0         0         0         0
       3/9      4.8G  0.006429   0.01525   0.02216   0.04384        12       640         0         0         0         0         0         0         0
       4/9      4.8G  0.006262   0.01344   0.02215   0.04185        12       640         0         0         0         0         0         0         0
       5/9      4.8G  0.005647  0.009964   0.02215   0.03776        12       640         0         0         0         0         0         0         0
       6/9      4.8G  0.003914  0.007476   0.02209   0.03349        12       640         0         0         0         0         0         0         0
       7/9      4.8G  0.002639  0.004598   0.02203   0.02927        12       640         0         0         0         0         0         0         0
       8/9      4.8G  0.001942  0.003665   0.02195   0.02756        12       640         0         0         0         0         0         0         0
       9/9      4.8G  0.001636  0.002757   0.02185   0.02624        12       640    0.2192    0.8817    0.2646    0.2409   0.00394  0.008008   0.02273
       0/9      4.8G   0.01041   0.02537   0.02545   0.06124        12       640         0         0         0         0         0         0         0
       1/9      4.8G  0.006958   0.01983   0.02508   0.05187        12       640         0         0         0         0         0         0         0
       2/9      4.8G  0.006454   0.01896   0.02501   0.05042        12       640         0         0         0         0         0         0         0
       3/9      4.8G  0.006218   0.01824   0.02498   0.04944        12       640         0         0         0         0         0         0         0
       4/9      4.8G  0.006072   0.01661   0.02499   0.04767        12       640         0         0         0         0         0         0         0
       5/9      4.8G  0.005884   0.01362     0.025   0.04451        12       640         0         0         0         0         0         0         0
       6/9      4.8G   0.00459  0.009957   0.02494   0.03949        12       640         0         0         0         0         0         0         0
       7/9      4.8G  0.003008  0.006602   0.02485   0.03446        12       640         0         0         0         0         0         0         0
       8/9      4.8G  0.001895  0.004534   0.02472   0.03115        12       640         0         0         0         0         0         0         0
       9/9      4.8G  0.001453  0.003479   0.02458   0.02952        12       640    0.2213    0.8738    0.2664    0.2455  0.003763  0.006925   0.02562
       0/9      4.8G   0.01031   0.01937   0.02233   0.05202        12       640         0         0         0         0         0         0         0
       1/9      4.8G  0.007419   0.01662   0.02222   0.04626        12       640         0         0         0         0         0         0         0
       2/9      4.8G  0.007161   0.01581    0.0222   0.04517        12       640         0         0         0         0         0         0         0
       3/9      4.8G  0.007044   0.01439   0.02218   0.04361        12       640         0         0         0         0         0         0         0
       4/9      4.8G   0.00679   0.01291   0.02217   0.04187        12       640         0         0         0         0         0         0         0
       5/9      4.8G  0.006264  0.009844   0.02216   0.03827        12       640         0         0         0         0         0         0         0
       6/9      4.8G  0.004714  0.007664   0.02212   0.03449        12       640         0         0         0         0         0         0         0
       7/9      4.8G  0.003691  0.005513   0.02208   0.03129        12       640         0         0         0         0         0         0         0
       8/9      4.8G  0.002909  0.004095   0.02201   0.02901        12       640         0         0         0         0         0         0         0
       9/9      4.8G  0.002462  0.003215   0.02189   0.02756        12       640    0.2109    0.8812    0.2558    0.2285   0.00452  0.006914   0.02277
       0/9      4.8G  0.009704   0.02128   0.02295   0.05394        12       640         0         0         0         0         0         0         0
       1/9      4.8G  0.006943   0.01773   0.02281   0.04749        12       640         0         0         0         0         0         0         0
       2/9      4.8G  0.006575   0.01719   0.02275   0.04651        12       640         0         0         0         0         0         0         0
       3/9      4.8G  0.006484   0.01599   0.02273   0.04521        12       640         0         0         0         0         0         0         0
       4/9      4.8G  0.006305   0.01455   0.02271   0.04356        12       640         0         0         0         0         0         0         0
       5/9      4.8G  0.005928   0.01083   0.02272   0.03948        12       640         0         0         0         0         0         0         0
       6/9      4.8G  0.004211  0.008076   0.02266   0.03495        12       640         0         0         0         0         0         0         0
       7/9      4.8G  0.002846  0.005052    0.0226    0.0305        12       640         0         0         0         0         0         0         0
       8/9      4.8G   0.00199  0.003744   0.02243   0.02816        12       640         0         0         0         0         0         0         0
       9/9      4.8G  0.001613  0.003002   0.02209    0.0267        12       640    0.2264    0.8596    0.2626    0.2439  0.003627  0.006302   0.02351
       0/9      4.8G   0.01003    0.0227   0.02867   0.06141        12       640         0         0         0         0         0         0         0
       1/9      4.8G  0.007185   0.01922   0.02851   0.05492        12       640         0         0         0         0         0         0         0
       2/9      4.8G  0.006838   0.01815   0.02846   0.05344        12       640         0         0         0         0         0         0         0
       3/9      4.8G  0.006702    0.0163   0.02845   0.05145        12       640         0         0         0         0         0         0         0
       4/9      4.8G  0.006373    0.0136   0.02841   0.04838        12       640         0         0         0         0         0         0         0
       5/9      4.8G  0.004995  0.009408   0.02837   0.04278        12       640         0         0         0         0         0         0         0
       6/9      4.8G  0.003506   0.00612   0.02825   0.03787        12       640         0         0         0         0         0         0         0
       7/9      4.8G  0.002233   0.00402   0.02809   0.03434        12       640         0         0         0         0         0         0         0
       8/9      4.8G  0.001766  0.002938   0.02776   0.03246        12       640         0         0         0         0         0         0         0
       9/9      4.8G  0.001555  0.002485   0.02751   0.03155        12       640    0.2216    0.8632    0.2606    0.2376  0.004067  0.008487   0.02927
       0/9      4.8G   0.01043    0.0186   0.02243   0.05146        12       640         0         0         0         0         0         0         0
       1/9      4.8G  0.007385   0.01593   0.02227   0.04559        12       640         0         0         0         0         0         0         0
       2/9      4.8G  0.007131   0.01513   0.02222   0.04447        12       640         0         0         0         0         0         0         0
       3/9      4.8G  0.006978   0.01389   0.02221   0.04308        12       640         0         0         0         0         0         0         0
       4/9      4.8G   0.00679    0.0113    0.0222   0.04029        12       640         0         0         0         0         0         0         0
       5/9      4.8G  0.006016   0.00851   0.02215   0.03668        12       640         0         0         0         0         0         0         0
       6/9      4.8G  0.004362  0.006796   0.02211   0.03327        12       640         0         0         0         0         0         0         0
       7/9      4.8G  0.003256  0.004781   0.02204   0.03008        12       640         0         0         0         0         0         0         0
       8/9      4.8G  0.002567  0.003919   0.02192    0.0284        12       640         0         0         0         0         0         0         0
       9/9      4.8G  0.002331  0.003233   0.02177   0.02733        12       640    0.2253    0.8191    0.2586    0.2362  0.004556  0.004711   0.02276
       0/9      4.8G   0.01511   0.01948   0.02901    0.0636        12       640         0         0         0         0         0         0         0
       1/9      4.8G   0.01041   0.01642   0.02861   0.05545        12       640         0         0         0         0         0         0         0
       2/9      4.8G   0.00975   0.01595   0.02858   0.05428        12       640         0         0         0         0         0         0         0
       3/9      4.8G  0.009551   0.01477   0.02856   0.05288        12       640         0         0         0         0         0         0         0
       4/9      4.8G  0.009337    0.0138   0.02853   0.05167        12       640         0         0         0         0         0         0         0
       5/9      4.8G  0.009025   0.01102   0.02854   0.04858        12       640         0         0         0         0         0         0         0
       6/9      4.8G  0.007396  0.008386   0.02848   0.04426        12       640         0         0         0         0         0         0         0
       7/9      4.8G  0.005984  0.006576    0.0284   0.04096        12       640         0         0         0         0         0         0         0
       8/9      4.8G  0.005026   0.00484   0.02821   0.03808        12       640         0         0         0         0         0         0         0
       9/9      4.8G  0.004343  0.004048   0.02774   0.03613        12       640    0.2085    0.9087    0.2449      0.22  0.008284  0.005679   0.03034
       0/9      4.8G  0.009586   0.02073   0.02195   0.05227        12       640         0         0         0         0         0         0         0
