       0/9    0.388G   0.07155   0.03486   0.04691    0.1533        16       640         0         0         0         0         0         0         0
       1/9     4.79G   0.02892   0.04027   0.04417    0.1134        17       640         0         0         0         0         0         0         0
       2/9     4.79G   0.02612   0.03235   0.04375    0.1022        18       640         0         0         0         0         0         0         0
       3/9     4.79G   0.02969   0.02691   0.04358    0.1002        17       640         0         0         0         0         0         0         0
       4/9     4.79G   0.02476   0.02315   0.04355   0.09146        13       640         0         0         0         0         0         0         0
       5/9     4.79G   0.01983   0.01991    0.0435   0.08324        21       640         0         0         0         0         0         0         0
       6/9     4.79G   0.01806   0.01766   0.04348    0.0792        15       640         0         0         0         0         0         0         0
       7/9     4.79G   0.01381   0.01574   0.04346   0.07301        12       640         0         0         0         0         0         0         0
       8/9     4.79G   0.01151   0.01502   0.04344   0.06997        16       640         0         0         0         0         0         0         0
       9/9     4.79G  0.009923   0.01443   0.04344   0.06779        18       640     0.201    0.9822    0.2264    0.2207  0.007696   0.01297   0.04342
       0/9     4.77G   0.06883   0.03778   0.05022    0.1568        18       640         0         0         0         0         0         0         0
       1/9     4.77G   0.02711   0.04137   0.04731    0.1158        17       640         0         0         0         0         0         0         0
       2/9     4.78G   0.02704    0.0319   0.04697    0.1059        19       640         0         0         0         0         0         0         0
       3/9     4.78G   0.03014   0.02662   0.04684    0.1036        14       640         0         0         0         0         0         0         0
       4/9     4.78G   0.02522    0.0229   0.04681   0.09493        22       640         0         0         0         0         0         0         0
       5/9     4.78G   0.01979   0.01973   0.04677   0.08629        16       640         0         0         0         0         0         0         0
       6/9     4.78G    0.0169    0.0176   0.04673   0.08122        22       640         0         0         0         0         0         0         0
       7/9     4.78G   0.01326   0.01589   0.04672   0.07588        14       640         0         0         0         0         0         0         0
       8/9     4.78G   0.01115   0.01528   0.04671   0.07313        15       640         0         0         0         0         0         0         0
       9/9     4.78G  0.009572   0.01456   0.04672   0.07084        20       640       0.2    0.9978    0.2269    0.2213  0.007706   0.01331   0.04666
       0/9     4.77G    0.0709   0.03393   0.05386    0.1587        18       640         0         0         0         0         0         0         0
       1/9     4.77G    0.0291   0.03981   0.05049    0.1194        17       640         0         0         0         0         0         0         0
       2/9     4.78G   0.02496   0.03258   0.05002    0.1076        19       640         0         0         0         0         0         0         0
       3/9     4.78G   0.02844   0.02726   0.04984    0.1055        14       640         0         0         0         0         0         0         0
       4/9     4.78G   0.02495   0.02319   0.04981   0.09795        20       640         0         0         0         0         0         0         0
       5/9     4.78G   0.01882   0.01979   0.04976   0.08836        16       640         0         0         0         0         0         0         0
       6/9     4.78G   0.01721   0.01761   0.04975   0.08457        21       640         0         0         0         0         0         0         0
       7/9     4.78G   0.01328   0.01558   0.04971   0.07857        14       640         0         0         0         0         0         0         0
       8/9     4.78G   0.01116   0.01481    0.0497   0.07566        14       640         0         0         0         0         0         0         0
       9/9     4.78G  0.009433   0.01429    0.0497   0.07342        20       640    0.2007    0.9932     0.227    0.2207  0.007678   0.01246   0.04966
       0/9     4.77G    0.0699    0.0348   0.05077    0.1555        16       640         0         0         0         0         0         0         0
       1/9     4.77G   0.02881   0.04036   0.04774    0.1169        17       640         0         0         0         0         0         0         0
       2/9     4.78G   0.02531   0.03289   0.04734    0.1055        18       640         0         0         0         0         0         0         0
       3/9     4.78G   0.02911   0.02717    0.0472    0.1035        17       640         0         0         0         0         0         0         0
       4/9     4.78G   0.02482   0.02315   0.04717   0.09514        13       640         0         0         0         0         0         0         0
       5/9     4.78G   0.01936   0.02003   0.04713   0.08651        21       640         0         0         0         0         0         0         0
       6/9     4.78G   0.01767   0.01772    0.0471    0.0825        15       640         0         0         0         0         0         0         0
       7/9     4.78G    0.0136   0.01587   0.04708   0.07655        12       640         0         0         0         0         0         0         0
       8/9     4.78G   0.01131    0.0152   0.04706   0.07357        16       640         0         0         0         0         0         0         0
       9/9     4.78G  0.009619   0.01454   0.04707   0.07123        18       640    0.2019    0.9765    0.2222    0.2157  0.007758    0.0132   0.04704
       0/9     4.77G   0.06291   0.03995   0.04794    0.1508        16       640         0         0         0         0         0         0         0
       1/9     4.77G   0.02723   0.04508   0.04577    0.1181        18       640         0         0         0         0         0         0         0
       2/9     4.78G   0.02488   0.03633   0.04561    0.1068        20       640         0         0         0         0         0         0         0
       3/9     4.78G   0.02879   0.02989   0.04553    0.1042        15       640         0         0         0         0         0         0         0
       4/9     4.78G    0.0261   0.02635   0.04547   0.09792        16       640         0         0         0         0         0         0         0
       5/9     4.78G   0.02094   0.02345   0.04546   0.08985        16       640         0         0         0         0         0         0         0
       6/9     4.78G   0.01957   0.02135   0.04543   0.08634        15       640         0         0         0         0         0         0         0
       7/9     4.78G   0.01572   0.01973   0.04542   0.08087        15       640         0         0         0         0         0         0         0
       8/9     4.78G   0.01343   0.01865    0.0454   0.07749        12       640         0         0         0         0         0         0         0
       9/9     4.78G   0.01164   0.01816    0.0454    0.0752        15       640    0.2012    0.9817    0.2234    0.2102   0.00934   0.01585   0.04533
       0/9     1.85G   0.07282   0.02475   0.07163    0.1692        17       640         0         0         0         0         0         0         0
       1/9     4.83G   0.03283   0.02924   0.06646    0.1285        15       640         0         0         0         0         0         0         0
       2/9     4.84G   0.02307     0.029   0.06562    0.1177        14       640         0         0         0         0         0         0         0
       3/9     4.84G   0.02171   0.02591   0.06547    0.1131        18       640         0         0         0         0         0         0         0
       4/9     4.84G   0.02002   0.02315    0.0654    0.1086        15       640         0         0         0         0         0         0         0
       5/9     4.84G   0.01807   0.01972   0.06538    0.1032        12       640         0         0         0         0         0         0         0
       6/9     4.84G   0.01713   0.01658   0.06539    0.0991        16       640         0         0         0         0         0         0         0
       7/9     4.84G    0.0147   0.01447   0.06538   0.09456        20       640         0         0         0         0         0         0         0
       8/9     4.84G   0.01237   0.01311   0.06536   0.09085        14       640         0         0         0         0         0         0         0
       9/9     4.84G    0.0112   0.01236   0.06535   0.08891        19       640    0.2015    0.9749    0.2359    0.2272  0.009308   0.01047   0.06523
       0/9     4.79G   0.05819   0.03471   0.06122    0.1541        16       640         0         0         0         0         0         0         0
       1/9     4.79G   0.02462   0.03273   0.05889    0.1162        16       640         0         0         0         0         0         0         0
       2/9     4.79G   0.02787   0.02453   0.05886    0.1113        20       640         0         0         0         0         0         0         0
       3/9     4.79G   0.02966   0.02121   0.05882    0.1097        15       640         0         0         0         0         0         0         0
       4/9     4.79G   0.02312   0.01875   0.05875    0.1006        16       640         0         0         0         0         0         0         0
       5/9     4.79G   0.01776   0.01647   0.05873   0.09296        16       640         0         0         0         0         0         0         0
       6/9     4.79G   0.01646   0.01513   0.05871    0.0903        16       640         0         0         0         0         0         0         0
       7/9     4.79G   0.01322   0.01388   0.05871   0.08581        13       640         0         0         0         0         0         0         0
       8/9     4.79G   0.01174   0.01326   0.05868   0.08368        21       640         0         0         0         0         0         0         0
       9/9     4.79G   0.01022   0.01288   0.05869   0.08178        15       640    0.2018    0.9759    0.2251    0.2203   0.00936   0.01143   0.05867
       0/9     4.77G   0.08332   0.03446    0.0538    0.1716        16       640         0         0         0         0         0         0         0
       1/9     4.77G   0.03535   0.04126   0.05048    0.1271        12       640         0         0         0         0         0         0         0
       2/9     4.78G   0.02859    0.0365   0.04982    0.1149        15       640         0         0         0         0         0         0         0
       3/9     4.78G   0.03233   0.03153   0.04962    0.1135        12       640         0         0         0         0         0         0         0
       4/9     4.78G   0.02788   0.02748   0.04959    0.1049        14       640         0         0         0         0         0         0         0
       5/9     4.78G   0.02351   0.02348   0.04957   0.09657        16       640         0         0         0         0         0         0         0
       6/9     4.78G   0.02197   0.02066   0.04949   0.09212        19       640         0         0         0         0         0         0         0
       7/9     4.78G    0.0178   0.01827   0.04948   0.08555        14       640         0         0         0         0         0         0         0
       8/9     4.78G   0.01469   0.01723   0.04947   0.08139        19       640         0         0         0         0         0         0         0
       9/9     4.78G   0.01259   0.01643   0.04946   0.07849        16       640    0.2004    0.9921    0.2199     0.213   0.01049    0.0146   0.04943
       0/9     4.77G   0.07011   0.03532   0.05095    0.1564        16       640         0         0         0         0         0         0         0
       1/9     4.77G   0.02812   0.04051    0.0479    0.1165        17       640         0         0         0         0         0         0         0
       2/9     4.78G   0.02592   0.03226   0.04745    0.1056        18       640         0         0         0         0         0         0         0
       3/9     4.78G   0.02963    0.0269   0.04729    0.1038        18       640         0         0         0         0         0         0         0
       4/9     4.78G   0.02506   0.02316   0.04725   0.09547        16       640         0         0         0         0         0         0         0
       5/9     4.78G   0.01978      0.02   0.04723   0.08701        18       640         0         0         0         0         0         0         0
       6/9     4.78G   0.01739   0.01765   0.04719   0.08223        15       640         0         0         0         0         0         0         0
       7/9     4.78G   0.01362    0.0158   0.04717   0.07659        18       640         0         0         0         0         0         0         0
       8/9     4.78G    0.0113   0.01517   0.04716   0.07362        15       640         0         0         0         0         0         0         0
       9/9     4.78G  0.009723   0.01459   0.04718    0.0715        13       640    0.2018    0.9682    0.2264    0.2159  0.008297   0.01302   0.04712
       0/9      4.8G    0.0899   0.02968   0.04446     0.164        18       640         0         0         0         0         0         0         0
       1/9      4.8G   0.05376   0.03584   0.04137     0.131        14       640         0         0         0         0         0         0         0
       2/9     4.81G   0.03238   0.03941   0.04026     0.112        14       640         0         0         0         0         0         0         0
       3/9     4.81G   0.02617     0.037    0.0398     0.103        15       640         0         0         0         0         0         0         0
       4/9     4.81G   0.02398   0.03269   0.03956   0.09623        18       640         0         0         0         0         0         0         0
       5/9     4.81G   0.02127   0.02597   0.03942   0.08667        12       640         0         0         0         0         0         0         0
       6/9     4.81G   0.01972   0.01971   0.03936    0.0788        16       640         0         0         0         0         0         0         0
       7/9     4.81G   0.01591   0.01639   0.03933   0.07163        12       640         0         0         0         0         0         0         0
       8/9     4.81G    0.0129   0.01498   0.03928   0.06715        19       640         0         0         0         0         0         0         0
       9/9     4.81G   0.01104   0.01408   0.03927   0.06439        18       640       0.2    0.9995    0.2248    0.2184  0.008218   0.01178    0.0392
       0/9     1.82G  0.001045  0.009227 0.0002062   0.01048        15       640         0         0         0         0         0         0         0
       1/9     4.83G  0.001127  0.002941 0.0002162  0.004285        16       640         0         0         0         0         0         0         0
       2/9     4.83G         0  0.001742         0  0.001742        12       640         0         0         0         0         0         0         0
       3/9     4.83G  0.001121  0.001212 0.0002617  0.002595        16       640         0         0         0         0         0         0         0
       4/9     4.83G  0.001129 0.0009168  0.000238  0.002283        15       640         0         0         0         0         0         0         0
       5/9     4.83G         0 0.0007392         0 0.0007392        14       640         0         0         0         0         0         0         0
       6/9     4.83G  0.001125 0.0006215 0.0002157  0.001962        13       640         0         0         0         0         0         0         0
       7/9     4.83G         0 0.0005511         0 0.0005511        15       640         0         0         0         0         0         0         0
       8/9     4.83G         0 0.0005018         0 0.0005018        12       640         0         0         0         0         0         0         0
       9/9     4.83G  0.001034  0.000471 0.0001772  0.001682        21       640         0         0         0         0         0 0.0004394         0
       0/9     4.81G 0.0007913  0.009545 0.0003669    0.0107        21       640         0         0         0         0         0         0         0
       1/9     4.81G         0  0.002973         0  0.002973        18       640         0         0         0         0         0         0         0
       2/9     4.81G         0  0.001735         0  0.001735        22       640         0         0         0         0         0         0         0
       3/9     4.81G         0  0.001189         0  0.001189        26       640         0         0         0         0         0         0         0
       4/9     4.81G         0 0.0008726         0 0.0008726        13       640         0         0         0         0         0         0         0
       5/9     4.81G         0 0.0006732         0 0.0006732        21       640         0         0         0         0         0         0         0
       6/9     4.81G 0.0007809 0.0005378 0.0003549  0.001674        14       640         0         0         0         0         0         0         0
       7/9     4.81G         0 0.0004548         0 0.0004548        12       640         0         0         0         0         0         0         0
       8/9     4.81G 0.0008192 0.0004051 0.0004833  0.001708        16       640         0         0         0         0         0         0         0
       9/9     4.81G 0.0008152  0.000374 0.0003517  0.001541        19       640         0         0         0         0         0  0.000352         0
       0/9     4.79G   0.06919   0.03504   0.05257    0.1568        18       640         0         0         0         0         0         0         0
       1/9     4.79G   0.02802   0.04042   0.04947    0.1179        17       640         0         0         0         0         0         0         0
       2/9     4.79G   0.02549    0.0322    0.0491    0.1068        19       640         0         0         0         0         0         0         0
       3/9     4.79G    0.0292   0.02681   0.04895     0.105        14       640         0         0         0         0         0         0         0
       4/9     4.79G   0.02402   0.02284   0.04891   0.09577        20       640         0         0         0         0         0         0         0
       5/9     4.79G   0.01961   0.01972   0.04884   0.08817        16       640         0         0         0         0         0         0         0
       6/9     4.79G   0.01656   0.01754   0.04883   0.08293        21       640         0         0         0         0         0         0         0
       7/9     4.79G   0.01333   0.01552   0.04881   0.07766        14       640         0         0         0         0         0         0         0
       8/9     4.79G   0.01101   0.01485   0.04879   0.07465        14       640         0         0         0         0         0         0         0
       9/9     4.79G  0.009407   0.01428   0.04881    0.0725        20       640    0.2011    0.9877    0.2217    0.2137  0.007622   0.01268   0.04875
       0/9     4.77G   0.06793   0.03248   0.05205    0.1525        16       640         0         0         0         0         0         0         0
       1/9     4.77G    0.0267   0.03646    0.0491    0.1123        15       640         0         0         0         0         0         0         0
       2/9     4.78G   0.02594   0.02918   0.04882    0.1039        21       640         0         0         0         0         0         0         0
       3/9     4.78G   0.02875   0.02507   0.04873    0.1025        15       640         0         0         0         0         0         0         0
       4/9     4.78G   0.02456   0.02165    0.0487   0.09491        15       640         0         0         0         0         0         0         0
       5/9     4.78G    0.0198   0.01859   0.04868   0.08708        17       640         0         0         0         0         0         0         0
       6/9     4.78G   0.01754   0.01654   0.04865   0.08272        19       640         0         0         0         0         0         0         0
       7/9     4.78G   0.01397   0.01471   0.04863   0.07731        17       640         0         0         0         0         0         0         0
       8/9     4.78G   0.01207   0.01391   0.04863   0.07461        15       640         0         0         0         0         0         0         0
       9/9     4.78G   0.01022   0.01336    0.0486   0.07218        18       640    0.2029    0.9441    0.2253    0.2199   0.00876   0.01187   0.04857
       0/9     4.77G   0.05277   0.03911   0.05884    0.1507        16       640         0         0         0         0         0         0         0
       1/9     4.77G    0.0203   0.03711   0.05601    0.1134        12       640         0         0         0         0         0         0         0
       2/9     4.78G   0.02216   0.02519   0.05592    0.1033        15       640         0         0         0         0         0         0         0
       3/9     4.78G   0.02422   0.02114   0.05581    0.1012        12       640         0         0         0         0         0         0         0
       4/9     4.78G   0.01957   0.01857   0.05575   0.09389        16       640         0         0         0         0         0         0         0
       5/9     4.78G   0.01499   0.01701   0.05574   0.08774        18       640         0         0         0         0         0         0         0
       6/9     4.78G   0.01343   0.01583   0.05571   0.08497        15       640         0         0         0         0         0         0         0
       7/9     4.78G   0.01071   0.01471   0.05571   0.08113        14       640         0         0         0         0         0         0         0
       8/9     4.78G  0.009107   0.01413   0.05571   0.07894        13       640         0         0         0         0         0         0         0
       9/9     4.78G  0.007773   0.01372    0.0557   0.07719        22       640    0.2027    0.9869    0.2254    0.2164  0.007356   0.01405   0.05567
       0/9     1.78G   0.06341   0.04421   0.06135     0.169        20       640         0         0         0         0         0         0         0
       1/9     4.81G   0.02874   0.04688   0.05786    0.1335        20       640         0         0         0         0         0         0         0
       2/9     4.81G   0.02992   0.03284   0.05752    0.1203        12       640         0         0         0         0         0         0         0
       3/9     4.81G     0.032   0.02718   0.05742    0.1166        13       640         0         0         0         0         0         0         0
       4/9     4.81G   0.02399   0.02402   0.05736    0.1054        14       640         0         0         0         0         0         0         0
       5/9     4.81G   0.01788   0.02121   0.05726   0.09636        20       640         0         0         0         0         0         0         0
       6/9     4.81G   0.01462     0.019   0.05724   0.09086        13       640         0         0         0         0         0         0         0
       7/9     4.81G   0.01103   0.01716   0.05723   0.08543        19       640         0         0         0         0         0         0         0
       8/9     4.81G  0.008999   0.01575   0.05725     0.082        15       640         0         0         0         0         0         0         0
       9/9     4.81G  0.007519   0.01525   0.05722   0.07998        13       640    0.2121     0.921     0.256    0.2491  0.006829   0.01458   0.05705
       0/9     4.77G   0.05463   0.04278   0.05694    0.1544        18       640         0         0         0         0         0         0         0
       1/9     4.77G   0.02519   0.04425    0.0537    0.1231        13       640         0         0         0         0         0         0         0
       2/9     4.77G   0.02683   0.03144   0.05338    0.1117        21       640         0         0         0         0         0         0         0
       3/9     4.77G   0.02792   0.02594    0.0533    0.1072        12       640         0         0         0         0         0         0         0
       4/9     4.77G   0.02139   0.02261   0.05327   0.09727        15       640         0         0         0         0         0         0         0
       5/9     4.77G   0.01603   0.02026   0.05321   0.08951        18       640         0         0         0         0         0         0         0
       6/9     4.77G   0.01352   0.01804   0.05313   0.08469        12       640         0         0         0         0         0         0         0
       7/9     4.77G  0.009975   0.01636   0.05304   0.07937        14       640         0         0         0         0         0         0         0
       8/9     4.77G  0.007946   0.01536   0.05254   0.07585        12       640         0         0         0         0         0         0         0
       9/9     4.77G  0.006786   0.01499   0.05173   0.07351        15       640    0.2779    0.7929    0.3399    0.3181  0.006293   0.01531   0.05071
       0/9     4.76G   0.06337   0.05421   0.04937    0.1669        16       640         0         0         0         0         0         0         0
       1/9     4.76G   0.03056   0.05372   0.04632    0.1306        17       640         0         0         0         0         0         0         0
       2/9     4.76G    0.0329   0.03643   0.04599    0.1153        16       640         0         0         0         0         0         0         0
       3/9     4.76G   0.03369   0.03098   0.04589    0.1106        15       640         0         0         0         0         0         0         0
       4/9     4.76G   0.02615   0.02822   0.04585    0.1002        16       640         0         0         0         0         0         0         0
       5/9     4.76G   0.02052     0.025   0.04583   0.09135        20       640         0         0         0         0         0         0         0
       6/9     4.76G   0.01771   0.02322   0.04581   0.08673        14       640         0         0         0         0         0         0         0
       7/9     4.76G   0.01404   0.02137   0.04577   0.08118        17       640         0         0         0         0         0         0         0
       8/9     4.76G   0.01164   0.02017   0.04578   0.07759        24       640         0         0         0         0         0         0         0
       9/9     4.76G  0.009215   0.01903   0.04577   0.07401        18       640    0.2036     0.968    0.2133    0.2053  0.006367   0.01734   0.04571
       0/9     4.77G     0.055   0.04196   0.05364    0.1506        16       640         0         0         0         0         0         0         0
       1/9     4.77G   0.02263   0.04553   0.05065    0.1188        12       640         0         0         0         0         0         0         0
       2/9     4.78G   0.02208   0.03351   0.05019    0.1058        15       640         0         0         0         0         0         0         0
       3/9     4.78G   0.02456   0.02672      0.05    0.1013        12       640         0         0         0         0         0         0         0
       4/9     4.78G   0.01957   0.02297   0.04994   0.09248        16       640         0         0         0         0         0         0         0
       5/9     4.78G   0.01565   0.02061   0.04993   0.08619        16       640         0         0         0         0         0         0         0
       6/9     4.78G   0.01298   0.01857    0.0499   0.08146        15       640         0         0         0         0         0         0         0
       7/9     4.78G  0.009784   0.01689   0.04989   0.07656        14       640         0         0         0         0         0         0         0
       8/9     4.78G  0.007909   0.01591   0.04987   0.07369        13       640         0         0         0         0         0         0         0
       9/9     4.78G  0.006597   0.01481   0.04987   0.07128        23       640    0.2013    0.9859    0.2228    0.2176  0.005246   0.01423   0.04983
       0/9     4.76G    0.0593   0.03654   0.05719     0.153        13       640         0         0         0         0         0         0         0
       1/9     4.76G   0.02648   0.03828   0.05373    0.1185        13       640         0         0         0         0         0         0         0
       2/9     4.76G   0.02661   0.03013   0.05332    0.1101        12       640         0         0         0         0         0         0         0
       3/9     4.76G   0.02756   0.02512   0.05327    0.1059        12       640         0         0         0         0         0         0         0
       4/9     4.76G   0.02225   0.02134   0.05324   0.09683        16       640         0         0         0         0         0         0         0
       5/9     4.76G   0.01645     0.018   0.05321   0.08766        13       640         0         0         0         0         0         0         0
       6/9     4.76G    0.0136   0.01559   0.05316   0.08235        15       640         0         0         0         0         0         0         0
       7/9     4.76G   0.01027   0.01369   0.05318   0.07714        13       640         0         0         0         0         0         0         0
       8/9     4.76G  0.007941   0.01285   0.05312   0.07391        12       640         0         0         0         0         0         0         0
       9/9     4.76G  0.006706   0.01179   0.05308   0.07158        20       640    0.2066     0.977    0.2324    0.2273  0.005548   0.01146   0.05302
       0/9     4.76G    0.0574   0.04224   0.05521    0.1548        21       640         0         0         0         0         0         0         0
       1/9     4.76G   0.02631   0.04515   0.05196    0.1234        13       640         0         0         0         0         0         0         0
       2/9     4.76G   0.02723   0.03289    0.0516    0.1117        21       640         0         0         0         0         0         0         0
       3/9     4.76G   0.02939   0.02667   0.05156    0.1076        12       640         0         0         0         0         0         0         0
       4/9     4.76G   0.02199   0.02302   0.05151   0.09653        15       640         0         0         0         0         0         0         0
       5/9     4.76G   0.01653   0.02056   0.05146   0.08855        18       640         0         0         0         0         0         0         0
       6/9     4.76G   0.01378   0.01813   0.05143   0.08334        12       640         0         0         0         0         0         0         0
       7/9     4.76G   0.01058   0.01638   0.05143   0.07839        16       640         0         0         0         0         0         0         0
       8/9     4.76G  0.008195   0.01532   0.05137   0.07488        12       640         0         0         0         0         0         0         0
       9/9     4.76G  0.006752   0.01488   0.05131   0.07294        16       640    0.2333    0.8478    0.2785    0.2722  0.006234   0.01442   0.05102
       0/9     4.77G   0.05156   0.04826   0.05672    0.1565        16       640         0         0         0         0         0         0         0
       1/9     4.77G   0.02231   0.05206   0.05339    0.1278        12       640         0         0         0         0         0         0         0
       2/9     4.78G    0.0215   0.03718   0.05271    0.1114        19       640         0         0         0         0         0         0         0
       3/9     4.78G   0.02341   0.02967   0.05246    0.1055        12       640         0         0         0         0         0         0         0
       4/9     4.78G   0.01918   0.02612   0.05238   0.09768        15       640         0         0         0         0         0         0         0
       5/9     4.78G   0.01443   0.02321   0.05239   0.09003        14       640         0         0         0         0         0         0         0
       6/9     4.78G   0.01154    0.0209   0.05233   0.08477        13       640         0         0         0         0         0         0         0
       7/9     4.78G  0.008941   0.01815   0.05233   0.07942        12       640         0         0         0         0         0         0         0
       8/9     4.78G   0.00691   0.01669   0.05229    0.0759        19       640         0         0         0         0         0         0         0
       9/9     4.78G  0.005697   0.01573   0.05228   0.07371        16       640    0.1999    0.9994    0.2253    0.2188  0.004544   0.01746   0.05223
       0/9     4.77G   0.05503   0.02742   0.04414    0.1266        17       640         0         0         0         0         0         0         0
       1/9     4.77G     0.025   0.02982   0.04147   0.09629        12       640         0         0         0         0         0         0         0
       2/9     4.78G   0.01702   0.02897   0.04086   0.08685        12       640         0         0         0         0         0         0         0
       3/9     4.78G   0.01695   0.02536    0.0407     0.083        22       640         0         0         0         0         0         0         0
       4/9     4.78G   0.01545   0.02189   0.04067   0.07801        12       640         0         0         0         0         0         0         0
       5/9     4.78G   0.01323   0.01809   0.04061   0.07193        16       640         0         0         0         0         0         0         0
       6/9     4.78G   0.01142   0.01511    0.0406   0.06713        18       640         0         0         0         0         0         0         0
       7/9     4.78G  0.009134    0.0134   0.04058   0.06311        14       640         0         0         0         0         0         0         0
       8/9     4.78G  0.007505   0.01238   0.04058   0.06046        14       640         0         0         0         0         0         0         0
       9/9     4.78G  0.006422   0.01185   0.04057   0.05884        13       640       0.2     0.999    0.2224    0.2157  0.006086   0.01169   0.04055
       0/9     4.77G   0.03992   0.05092   0.06052    0.1514        16       640         0         0         0         0         0         0         0
       1/9     4.77G   0.01992   0.03364   0.05842     0.112        12       640         0         0         0         0         0         0         0
       2/9     4.78G   0.02022   0.02557   0.05827    0.1041        15       640         0         0         0         0         0         0         0
       3/9     4.78G   0.02195    0.0228    0.0582    0.1029        12       640         0         0         0         0         0         0         0
       4/9     4.78G   0.01737    0.0211   0.05814   0.09661        16       640         0         0         0         0         0         0         0
       5/9     4.78G   0.01368   0.02001   0.05816   0.09185        16       640         0         0         0         0         0         0         0
       6/9     4.78G   0.01357   0.01897   0.05811   0.09066        15       640         0         0         0         0         0         0         0
       7/9     4.78G   0.01037   0.01701   0.05811   0.08549        14       640         0         0         0         0         0         0         0
       8/9     4.78G  0.008043   0.01633   0.05811   0.08248        13       640         0         0         0         0         0         0         0
       9/9     4.78G  0.006706   0.01573    0.0581   0.08054        18       640    0.2035     0.956    0.2245    0.2193  0.005422   0.01543   0.05805
       0/9     4.76G   0.06738   0.04314   0.06569    0.1762        13       640         0         0         0         0         0         0         0
       1/9     4.76G    0.0317   0.04704    0.0616    0.1403        13       640         0         0         0         0         0         0         0
       2/9     4.76G   0.03123   0.03711   0.06101    0.1294        20       640         0         0         0         0         0         0         0
       3/9     4.76G   0.03374   0.03068   0.06093    0.1253        12       640         0         0         0         0         0         0         0
       4/9     4.76G   0.02739   0.02629   0.06088    0.1146        15       640         0         0         0         0         0         0         0
       5/9     4.76G   0.02125   0.02295   0.06084     0.105        15       640         0         0         0         0         0         0         0
       6/9     4.76G   0.01908   0.02074   0.06083    0.1007        12       640         0         0         0         0         0         0         0
       7/9     4.76G    0.0147   0.01875   0.06072   0.09417        19       640         0         0         0         0         0         0         0
       8/9     4.76G   0.01149   0.01743   0.06072   0.08964        15       640         0         0         0         0         0         0         0
       9/9     4.76G  0.009303   0.01667   0.06069   0.08667        17       640    0.2219    0.8598    0.2538    0.2472  0.007191   0.01439   0.06061
       0/9     4.76G   0.05464   0.04278   0.05591    0.1533        21       640         0         0         0         0         0         0         0
       1/9     4.76G   0.02555   0.04351   0.05273    0.1218        13       640         0         0         0         0         0         0         0
       2/9     4.76G   0.02679   0.03105   0.05241    0.1102        21       640         0         0         0         0         0         0         0
       3/9     4.76G   0.02828   0.02574   0.05235    0.1064        12       640         0         0         0         0         0         0         0
       4/9     4.76G   0.02142   0.02254    0.0523   0.09626        15       640         0         0         0         0         0         0         0
       5/9     4.76G   0.01573   0.02035   0.05224   0.08832        18       640         0         0         0         0         0         0         0
       6/9     4.76G   0.01316   0.01802   0.05219   0.08337        12       640         0         0         0         0         0         0         0
       7/9     4.76G   0.01025    0.0165   0.05216   0.07891        16       640         0         0         0         0         0         0         0
       8/9     4.76G  0.008031   0.01532   0.05206   0.07542        12       640         0         0         0         0         0         0         0
       9/9     4.76G   0.00677   0.01482   0.05179   0.07338        16       640    0.2729    0.7838      0.31    0.3018   0.00622   0.01458   0.05113
       0/9     4.76G   0.05427   0.04313   0.05704    0.1544        18       640         0         0         0         0         0         0         0
       1/9     4.76G    0.0248   0.04353   0.05382    0.1221        13       640         0         0         0         0         0         0         0
       2/9     4.76G   0.02639   0.03036   0.05353    0.1103        19       640         0         0         0         0         0         0         0
       3/9     4.76G   0.02805   0.02566   0.05347    0.1072        12       640         0         0         0         0         0         0         0
       4/9     4.76G    0.0207   0.02263   0.05343   0.09676        15       640         0         0         0         0         0         0         0
       5/9     4.76G   0.01565   0.02037   0.05337   0.08939        18       640         0         0         0         0         0         0         0
       6/9     4.76G   0.01325    0.0181   0.05335    0.0847        12       640         0         0         0         0         0         0         0
       7/9     4.76G   0.01006   0.01631   0.05329   0.07966        14       640         0         0         0         0         0         0         0
       8/9     4.76G  0.007847   0.01522   0.05328   0.07635        12       640         0         0         0         0         0         0         0
       9/9     4.76G  0.006743   0.01423   0.05325   0.07422        15       640    0.2133    0.9086    0.2523    0.2397  0.005886   0.01388   0.05311
       0/9     4.77G   0.05486   0.04189   0.05619    0.1529        16       640         0         0         0         0         0         0         0
       1/9     4.77G     0.022   0.04435   0.05306    0.1194        12       640         0         0         0         0         0         0         0
       2/9     4.78G   0.02247   0.03199   0.05267    0.1071        19       640         0         0         0         0         0         0         0
       3/9     4.78G   0.02466   0.02601   0.05252    0.1032        12       640         0         0         0         0         0         0         0
       4/9     4.78G   0.01992   0.02257   0.05245   0.09494        15       640         0         0         0         0         0         0         0
       5/9     4.78G   0.01534   0.02016   0.05247   0.08797        12       640         0         0         0         0         0         0         0
       6/9     4.78G   0.01311   0.01829    0.0524    0.0838        13       640         0         0         0         0         0         0         0
       7/9     4.78G  0.009964   0.01666   0.05239   0.07901        12       640         0         0         0         0         0         0         0
       8/9     4.78G  0.008057   0.01538   0.05238   0.07581        14       640         0         0         0         0         0         0         0
       9/9     4.78G   0.00677   0.01448   0.05238   0.07363        16       640    0.1999    0.9995    0.2216     0.216  0.005432   0.01411   0.05233
       0/9      4.8G   0.05934   0.05088   0.07322    0.1834        17       640         0         0         0         0         0         0         0
       1/9      4.8G   0.02442   0.05302   0.06934    0.1468        14       640         0         0         0         0         0         0         0
       2/9     4.81G   0.02449   0.03683   0.06919    0.1305        14       640         0         0         0         0         0         0         0
       3/9     4.81G   0.02723   0.02917   0.06906    0.1255        15       640         0         0         0         0         0         0         0
       4/9     4.81G   0.02204   0.02562   0.06899    0.1166        15       640         0         0         0         0         0         0         0
       5/9     4.81G   0.01766   0.02271   0.06889    0.1093        12       640         0         0         0         0         0         0         0
       6/9     4.81G   0.01574   0.02098    0.0689    0.1056        18       640         0         0         0         0         0         0         0
       7/9     4.81G   0.01231   0.01964   0.06885    0.1008        12       640         0         0         0         0         0         0         0
       8/9     4.81G   0.01013   0.01858    0.0688   0.09751        13       640         0         0         0         0         0         0         0
       9/9     4.81G  0.008656   0.01735    0.0688   0.09481        13       640    0.2022    0.9676     0.223    0.2154  0.007215   0.01544   0.06874
       0/9     4.76G   0.05739   0.04076   0.05368    0.1518        18       640         0         0         0         0         0         0         0
       1/9     4.76G   0.02687   0.04454   0.05033    0.1217        13       640         0         0         0         0         0         0         0
       2/9     4.76G   0.02613   0.03449   0.04991    0.1105        20       640         0         0         0         0         0         0         0
       3/9     4.76G    0.0284   0.02764   0.04986    0.1059        12       640         0         0         0         0         0         0         0
       4/9     4.76G   0.02218   0.02361   0.04982   0.09561        12       640         0         0         0         0         0         0         0
       5/9     4.76G   0.01687   0.02062   0.04978   0.08726        18       640         0         0         0         0         0         0         0
       6/9     4.76G   0.01383   0.01815   0.04975   0.08173        12       640         0         0         0         0         0         0         0
       7/9     4.76G   0.01023   0.01652    0.0497   0.07646        14       640         0         0         0         0         0         0         0
       8/9     4.76G  0.008191   0.01532   0.04969   0.07319        15       640         0         0         0         0         0         0         0
       9/9     4.76G  0.006863   0.01482   0.04966   0.07134        13       640    0.2069    0.9617    0.2445    0.2401  0.005715   0.01378   0.04957
       0/9     4.76G   0.05147   0.04275   0.05667    0.1509        21       640         0         0         0         0         0         0         0
       1/9     4.76G   0.02422   0.04083   0.05365    0.1187        15       640         0         0         0         0         0         0         0
       2/9     4.76G   0.02611   0.02813   0.05348    0.1077        23       640         0         0         0         0         0         0         0
       3/9     4.76G   0.02658   0.02427    0.0534    0.1042        15       640         0         0         0         0         0         0         0
       4/9     4.76G   0.02092   0.02163   0.05335    0.0959        16       640         0         0         0         0         0         0         0
       5/9     4.76G   0.01521   0.01979   0.05329   0.08828        16       640         0         0         0         0         0         0         0
       6/9     4.76G   0.01307   0.01776   0.05326   0.08409        13       640         0         0         0         0         0         0         0
       7/9     4.76G  0.009875   0.01646    0.0532   0.07954        13       640         0         0         0         0         0         0         0
       8/9     4.76G  0.008032   0.01522   0.05308   0.07634        12       640         0         0         0         0         0         0         0
       9/9     4.76G    0.0067   0.01487   0.05282   0.07439        18       640    0.2682    0.8037    0.3092    0.3017  0.005948    0.0142   0.05233
       0/9      4.8G   0.05531   0.04373   0.06484    0.1639        14       640         0         0         0         0         0         0         0
       1/9      4.8G   0.02235   0.04603   0.06074    0.1291        18       640         0         0         0         0         0         0         0
       2/9     4.81G   0.02147   0.03415   0.06031    0.1159        14       640         0         0         0         0         0         0         0
       3/9     4.81G   0.02301   0.02775   0.06012    0.1109        18       640         0         0         0         0         0         0         0
       4/9     4.81G    0.0193   0.02365   0.06004     0.103        13       640         0         0         0         0         0         0         0
       5/9     4.81G   0.01557   0.02088   0.05998   0.09643        12       640         0         0         0         0         0         0         0
       6/9     4.81G   0.01337   0.01882   0.05997   0.09215        22       640         0         0         0         0         0         0         0
       7/9     4.81G   0.01053   0.01726   0.05993   0.08772        20       640         0         0         0         0         0         0         0
       8/9     4.81G  0.008362   0.01571   0.05992     0.084        15       640         0         0         0         0         0         0         0
       9/9     4.81G  0.007134   0.01468   0.05989   0.08171        16       640       0.2    0.9992    0.2394    0.2325   0.00589   0.01402   0.05983
       0/9     4.76G   0.05733   0.05098    0.0634    0.1717        21       640         0         0         0         0         0         0         0
       1/9     4.76G   0.02767   0.04835   0.05993    0.1359        19       640         0         0         0         0         0         0         0
       2/9     4.76G   0.03045   0.03348   0.05967    0.1236        12       640         0         0         0         0         0         0         0
       3/9     4.76G    0.0315   0.02849    0.0596    0.1196        13       640         0         0         0         0         0         0         0
       4/9     4.76G   0.02299   0.02544    0.0595    0.1079        15       640         0         0         0         0         0         0         0
       5/9     4.76G    0.0173   0.02251   0.05948   0.09929        22       640         0         0         0         0         0         0         0
       6/9     4.76G    0.0146   0.02009   0.05943   0.09412        18       640         0         0         0         0         0         0         0
       7/9     4.76G    0.0108   0.01831   0.05939    0.0885        16       640         0         0         0         0         0         0         0
       8/9     4.76G  0.008622   0.01707   0.05938   0.08507        16       640         0         0         0         0         0         0         0
       9/9     4.76G  0.007154   0.01618   0.05932   0.08265        19       640    0.2505     0.756     0.283    0.2756  0.006825   0.01641   0.05908
       0/9     4.77G   0.05068   0.04263    0.0527     0.146        16       640         0         0         0         0         0         0         0
       1/9     4.77G   0.02079   0.04016   0.04999    0.1109        12       640         0         0         0         0         0         0         0
       2/9     4.78G   0.02282   0.02794   0.04968    0.1004        19       640         0         0         0         0         0         0         0
       3/9     4.78G   0.02387   0.02378   0.04956    0.0972        12       640         0         0         0         0         0         0         0
       4/9     4.78G   0.01919   0.02107   0.04951   0.08978        15       640         0         0         0         0         0         0         0
       5/9     4.78G     0.015   0.01879    0.0495    0.0833        12       640         0         0         0         0         0         0         0
       6/9     4.78G    0.0127   0.01737   0.04946   0.07954        13       640         0         0         0         0         0         0         0
       7/9     4.78G   0.01016   0.01555   0.04946   0.07517        12       640         0         0         0         0         0         0         0
       8/9     4.78G  0.007942    0.0143   0.04945   0.07169        15       640         0         0         0         0         0         0         0
       9/9     4.78G  0.006425   0.01365   0.04945   0.06953        16       640    0.2006    0.9909     0.223    0.2187  0.005305   0.01345   0.04939
       0/9     4.77G   0.05784   0.03781    0.0581    0.1538        19       640         0         0         0         0         0         0         0
       1/9     4.77G   0.02691   0.04296   0.05431    0.1242        24       640         0         0         0         0         0         0         0
       2/9     4.78G   0.01931   0.03776   0.05334    0.1104        12       640         0         0         0         0         0         0         0
       3/9     4.78G   0.02152      0.03   0.05301    0.1045        12       640         0         0         0         0         0         0         0
       4/9     4.78G   0.01912   0.02465   0.05291   0.09668        12       640         0         0         0         0         0         0         0
       5/9     4.78G   0.01501    0.0206    0.0529   0.08852        16       640         0         0         0         0         0         0         0
       6/9     4.78G   0.01193   0.01813   0.05283   0.08288        14       640         0         0         0         0         0         0         0
       7/9     4.78G  0.008831   0.01617   0.05281   0.07781        16       640         0         0         0         0         0         0         0
       8/9     4.78G  0.006809   0.01512    0.0528   0.07473        21       640         0         0         0         0         0         0         0
       9/9     4.78G  0.005765    0.0143   0.05279   0.07285        15       640    0.2055    0.9318    0.2243    0.2201  0.005099   0.01401   0.05272
       0/9     4.76G   0.06055   0.04486   0.05796    0.1634        21       640         0         0         0         0         0         0         0
       1/9     4.76G   0.02681    0.0459   0.05391    0.1266        20       640         0         0         0         0         0         0         0
       2/9     4.76G   0.02656   0.03271    0.0534    0.1127        13       640         0         0         0         0         0         0         0
       3/9     4.76G   0.02765   0.02716    0.0533    0.1081        13       640         0         0         0         0         0         0         0
       4/9     4.76G   0.02116   0.02375   0.05321   0.09812        13       640         0         0         0         0         0         0         0
       5/9     4.76G   0.01629   0.02131   0.05315   0.09075        15       640         0         0         0         0         0         0         0
       6/9     4.76G   0.01339   0.01882   0.05305   0.08526        18       640         0         0         0         0         0         0         0
       7/9     4.76G   0.01053   0.01736   0.05246   0.08035        13       640         0         0         0         0         0         0         0
       8/9     4.76G  0.008943   0.01645   0.05141   0.07681        15       640         0         0         0         0         0         0         0
       9/9     4.76G  0.007592   0.01573   0.05037   0.07369        16       640    0.2953    0.8058    0.3585    0.3448  0.007198    0.0165    0.0489
       0/9     4.76G   0.05299   0.04512   0.05917    0.1573        21       640         0         0         0         0         0         0         0
       1/9     4.76G   0.02402   0.03736    0.0557    0.1171        17       640         0         0         0         0         0         0         0
       2/9     4.76G   0.02366   0.02553   0.05545    0.1046        12       640         0         0         0         0         0         0         0
       3/9     4.76G   0.02284   0.02214   0.05538    0.1004        18       640         0         0         0         0         0         0         0
       4/9     4.76G   0.01659   0.01942   0.05531   0.09132        17       640         0         0         0         0         0         0         0
       5/9     4.76G   0.01201   0.01706   0.05532   0.08439        13       640         0         0         0         0         0         0         0
       6/9     4.76G  0.009665   0.01521   0.05513      0.08        16       640         0         0         0         0         0         0         0
       7/9     4.76G  0.007837   0.01349   0.05429   0.07562        12       640         0         0         0         0         0         0         0
       8/9     4.76G  0.006482    0.0129   0.05247   0.07186        16       640         0         0         0         0         0         0         0
       9/9     4.76G  0.005622   0.01247   0.05133   0.06943        20       640     0.298    0.8329     0.371    0.3642  0.004577   0.01382   0.04987
       0/9     4.77G   0.06081   0.04135   0.05872    0.1609        16       640         0         0         0         0         0         0         0
       1/9     4.77G   0.02321   0.04306   0.05498    0.1212        17       640         0         0         0         0         0         0         0
       2/9     4.78G   0.02226   0.03017    0.0543    0.1067        18       640         0         0         0         0         0         0         0
       3/9     4.78G   0.02303    0.0245   0.05408    0.1016        17       640         0         0         0         0         0         0         0
       4/9     4.78G   0.01814   0.02104   0.05405   0.09323        13       640         0         0         0         0         0         0         0
       5/9     4.78G   0.01303   0.01836   0.05401    0.0854        16       640         0         0         0         0         0         0         0
       6/9     4.78G   0.01069   0.01579   0.05398   0.08046        17       640         0         0         0         0         0         0         0
       7/9     4.78G  0.007862   0.01331   0.05396   0.07513        18       640         0         0         0         0         0         0         0
       8/9     4.78G  0.006547   0.01263    0.0539   0.07307        18       640         0         0         0         0         0         0         0
       9/9     4.78G  0.005437   0.01205   0.05391    0.0714        13       640    0.2005    0.9928    0.2146    0.2091  0.005059   0.01375   0.05386
       0/9     4.76G   0.03976   0.04888   0.06181    0.1504        16       640         0         0         0         0         0         0         0
       1/9     4.76G    0.0199   0.02846   0.05922    0.1076        20       640         0         0         0         0         0         0         0
       2/9     4.76G   0.01755   0.02152   0.05906   0.09813        18       640         0         0         0         0         0         0         0
       3/9     4.76G   0.01794   0.01982   0.05898   0.09675        15       640         0         0         0         0         0         0         0
       4/9     4.76G   0.01395   0.01791   0.05895    0.0908        17       640         0         0         0         0         0         0         0
       5/9     4.76G   0.01059   0.01597   0.05897   0.08552        13       640         0         0         0         0         0         0         0
       6/9     4.76G  0.009906   0.01471   0.05891   0.08353        12       640         0         0         0         0         0         0         0
       7/9     4.76G  0.008069   0.01409   0.05887   0.08103        15       640         0         0         0         0         0         0         0
       8/9     4.76G  0.006548   0.01338   0.05887    0.0788        20       640         0         0         0         0         0         0         0
       9/9     4.76G  0.005411   0.01248   0.05884   0.07673        15       640    0.2152    0.9038    0.2491    0.2426  0.004316   0.01507   0.05875
       0/9     4.76G   0.04428   0.05679   0.06742    0.1685        21       640         0         0         0         0         0         0         0
       1/9     4.76G    0.0225   0.03467    0.0646    0.1218        17       640         0         0         0         0         0         0         0
       2/9     4.76G   0.02025   0.02625   0.06444    0.1109        12       640         0         0         0         0         0         0         0
       3/9     4.76G   0.02131   0.02384   0.06436    0.1095        18       640         0         0         0         0         0         0         0
       4/9     4.76G    0.0166    0.0217   0.06429    0.1026        16       640         0         0         0         0         0         0         0
       5/9     4.76G   0.01348   0.02037   0.06428   0.09814        13       640         0         0         0         0         0         0         0
       6/9     4.76G   0.01166   0.01895   0.06419    0.0948        16       640         0         0         0         0         0         0         0
       7/9     4.76G   0.00954   0.01744     0.064   0.09098        12       640         0         0         0         0         0         0         0
       8/9     4.76G  0.007973   0.01609    0.0633   0.08736        15       640         0         0         0         0         0         0         0
       9/9     4.76G  0.006789   0.01565   0.06222   0.08466        20       640    0.2822    0.7513    0.3327    0.3204  0.005427    0.0179   0.06072
       0/9     4.76G   0.05586   0.04687   0.05295    0.1557        21       640         0         0         0         0         0         0         0
       1/9     4.76G   0.02576   0.03852   0.04993    0.1142        17       640         0         0         0         0         0         0         0
       2/9     4.76G   0.02545   0.02638   0.04971    0.1015        12       640         0         0         0         0         0         0         0
       3/9     4.76G   0.02457   0.02284   0.04964   0.09705        18       640         0         0         0         0         0         0         0
       4/9     4.76G   0.01816   0.01993    0.0496   0.08769        17       640         0         0         0         0         0         0         0
       5/9     4.76G   0.01246    0.0174   0.04959   0.07946        13       640         0         0         0         0         0         0         0
       6/9     4.76G    0.0106   0.01513   0.04957    0.0753        16       640         0         0         0         0         0         0         0
       7/9     4.76G  0.008158   0.01356   0.04954   0.07126        12       640         0         0         0         0         0         0         0
       8/9     4.76G  0.006236   0.01265   0.04952    0.0684        16       640         0         0         0         0         0         0         0
       9/9     4.76G  0.005281   0.01191   0.04952   0.06671        20       640    0.2012    0.9911    0.2292    0.2242  0.005144   0.01397   0.04954
       0/9     4.76G   0.05412    0.0253   0.05369    0.1331        16       640         0         0         0         0         0         0         0
       1/9     4.76G   0.02089   0.02465   0.05053   0.09607        22       640         0         0         0         0         0         0         0
       2/9     4.76G   0.02089   0.01801   0.05032   0.08923        13       640         0         0         0         0         0         0         0
       3/9     4.76G   0.02066    0.0152   0.05029   0.08615        15       640         0         0         0         0         0         0         0
       4/9     4.76G   0.01607   0.01268   0.05022   0.07897        15       640         0         0         0         0         0         0         0
       5/9     4.76G   0.01189   0.01054   0.05019   0.07263        22       640         0         0         0         0         0         0         0
       6/9     4.76G  0.009863  0.009343   0.05017   0.06938        20       640         0         0         0         0         0         0         0
       7/9     4.76G  0.007551   0.00838   0.05009   0.06602        19       640         0         0         0         0         0         0         0
       8/9     4.76G  0.006166    0.0076   0.04976   0.06353        18       640         0         0         0         0         0         0         0
       9/9     4.76G  0.005456  0.007194   0.04903   0.06168        13       640    0.2837    0.7457    0.3266    0.3198  0.004558   0.00695   0.04823
       0/9      4.8G   0.04263   0.03885   0.05797    0.1395        14       640         0         0         0         0         0         0         0
       1/9      4.8G   0.01531   0.03144   0.05482    0.1016        18       640         0         0         0         0         0         0         0
       2/9     4.81G   0.01457   0.01962   0.05463   0.08882        14       640         0         0         0         0         0         0         0
       3/9     4.81G   0.01456   0.01664   0.05456   0.08576        17       640         0         0         0         0         0         0         0
       4/9     4.81G   0.01109   0.01433   0.05451   0.07993        13       640         0         0         0         0         0         0         0
       5/9     4.81G  0.008957    0.0124   0.05447   0.07583        12       640         0         0         0         0         0         0         0
       6/9     4.81G   0.00745    0.0115   0.05448   0.07343        22       640         0         0         0         0         0         0         0
       7/9     4.81G  0.006027   0.01077   0.05443   0.07123        21       640         0         0         0         0         0         0         0
       8/9     4.81G  0.004921   0.01028   0.05441   0.06962        15       640         0         0         0         0         0         0         0
       9/9     4.81G  0.004328  0.009707   0.05441   0.06844        16       640     0.201    0.9874    0.2256    0.2205  0.004109     0.011   0.05437
       0/9     4.76G   0.05118   0.05254   0.04575    0.1495        12       640         0         0         0         0         0         0         0
       1/9     4.76G   0.02418    0.0367   0.04318    0.1041        17       640         0         0         0         0         0         0         0
       2/9     4.76G    0.0217   0.02634     0.043   0.09104        18       640         0         0         0         0         0         0         0
       3/9     4.76G   0.02074   0.02341   0.04294   0.08709        18       640         0         0         0         0         0         0         0
       4/9     4.76G   0.01569   0.02071   0.04289    0.0793        17       640         0         0         0         0         0         0         0
       5/9     4.76G   0.01152    0.0182   0.04289   0.07261        13       640         0         0         0         0         0         0         0
       6/9     4.76G  0.009559    0.0166   0.04287   0.06903        19       640         0         0         0         0         0         0         0
       7/9     4.76G  0.007279   0.01487   0.04285     0.065        16       640         0         0         0         0         0         0         0
       8/9     4.76G  0.005904   0.01397   0.04284   0.06271        22       640         0         0         0         0         0         0         0
       9/9     4.76G  0.004857   0.01307   0.04283   0.06076        15       640    0.1999    0.9995     0.232    0.2272  0.004649   0.01572   0.04285
       0/9     4.77G   0.05443    0.0444   0.05998    0.1588        16       640         0         0         0         0         0         0         0
       1/9     4.77G     0.021   0.03944   0.05637    0.1168        15       640         0         0         0         0         0         0         0
       2/9     4.78G   0.02165   0.02672   0.05592    0.1043        21       640         0         0         0         0         0         0         0
       3/9     4.78G   0.02168   0.02266   0.05584    0.1002        15       640         0         0         0         0         0         0         0
       4/9     4.78G   0.01651   0.01997   0.05579   0.09227        12       640         0         0         0         0         0         0         0
       5/9     4.78G   0.01258   0.01738   0.05578   0.08574        15       640         0         0         0         0         0         0         0
       6/9     4.78G   0.01038   0.01514   0.05574   0.08126        18       640         0         0         0         0         0         0         0
       7/9     4.78G  0.007973   0.01361   0.05571    0.0773        19       640         0         0         0         0         0         0         0
       8/9     4.78G  0.006455   0.01277    0.0557   0.07492        13       640         0         0         0         0         0         0         0
       9/9     4.78G  0.005308   0.01227   0.05567   0.07325        16       640    0.2004    0.9984    0.2179    0.2125  0.004948   0.01347   0.05561
       0/9     4.77G    0.0467   0.04081   0.05802    0.1455        16       640         0         0         0         0         0         0         0
       1/9     4.77G    0.0182   0.03058   0.05518     0.104        24       640         0         0         0         0         0         0         0
       2/9     4.78G   0.01823   0.02077   0.05498   0.09398        17       640         0         0         0         0         0         0         0
       3/9     4.78G   0.01839   0.01838   0.05491   0.09167        13       640         0         0         0         0         0         0         0
       4/9     4.78G    0.0131   0.01593    0.0549   0.08393        21       640         0         0         0         0         0         0         0
       5/9     4.78G   0.01023   0.01411   0.05485   0.07919        12       640         0         0         0         0         0         0         0
       6/9     4.78G  0.009196   0.01283   0.05483   0.07686        17       640         0         0         0         0         0         0         0
       7/9     4.78G   0.00673   0.01171   0.05479   0.07323        16       640         0         0         0         0         0         0         0
       8/9     4.78G   0.00573     0.011   0.05478   0.07152        16       640         0         0         0         0         0         0         0
       9/9     4.78G  0.004894   0.01053   0.05477   0.07019        23       640    0.2042    0.9307    0.2131    0.2083  0.004376   0.01206   0.05475
       0/9     4.76G   0.06418   0.03864   0.05848    0.1613        13       640         0         0         0         0         0         0         0
       1/9     4.76G   0.02834   0.04162   0.05451    0.1245        14       640         0         0         0         0         0         0         0
       2/9     4.76G    0.0279   0.03005   0.05391    0.1119        19       640         0         0         0         0         0         0         0
       3/9     4.76G   0.02817   0.02413   0.05382    0.1061        12       640         0         0         0         0         0         0         0
       4/9     4.76G   0.02149   0.02019   0.05373   0.09542        15       640         0         0         0         0         0         0         0
       5/9     4.76G   0.01584   0.01699   0.05372   0.08655        18       640         0         0         0         0         0         0         0
       6/9     4.76G   0.01157    0.0144   0.05369   0.07965        12       640         0         0         0         0         0         0         0
       7/9     4.76G   0.00837   0.01242   0.05361    0.0744        14       640         0         0         0         0         0         0         0
       8/9     4.76G  0.006895   0.01109   0.05335   0.07133        15       640         0         0         0         0         0         0         0
       9/9     4.76G  0.006025   0.01064   0.05221   0.06888        13       640    0.2708    0.8028    0.3247    0.3104  0.006057   0.01282   0.05055
       0/9     4.77G   0.05492   0.04585   0.06952    0.1703        16       640         0         0         0         0         0         0         0
       1/9     4.77G     0.021   0.04255   0.06544     0.129        15       640         0         0         0         0         0         0         0
       2/9     4.78G   0.02128   0.02844   0.06497    0.1147        21       640         0         0         0         0         0         0         0
       3/9     4.78G   0.02157   0.02391   0.06486    0.1103        15       640         0         0         0         0         0         0         0
       4/9     4.78G   0.01618   0.02119   0.06482    0.1022        12       640         0         0         0         0         0         0         0
       5/9     4.78G   0.01195   0.01831   0.06479   0.09504        15       640         0         0         0         0         0         0         0
       6/9     4.78G   0.01006   0.01575   0.06476   0.09057        18       640         0         0         0         0         0         0         0
       7/9     4.78G   0.00737   0.01403   0.06472   0.08612        19       640         0         0         0         0         0         0         0
       8/9     4.78G  0.006103   0.01308    0.0647   0.08388        13       640         0         0         0         0         0         0         0
       9/9     4.78G  0.005104   0.01258   0.06466   0.08235        16       640    0.2015    0.9772    0.2183    0.2134  0.005006   0.01485   0.06459
       0/9     4.77G   0.04634    0.0477     0.061     0.155        16       640         0         0         0         0         0         0         0
       1/9     4.77G   0.01805   0.04225   0.05728    0.1176        17       640         0         0         0         0         0         0         0
       2/9     4.78G   0.01826   0.02864   0.05673    0.1036        17       640         0         0         0         0         0         0         0
       3/9     4.78G    0.0185   0.02539   0.05662    0.1005        18       640         0         0         0         0         0         0         0
       4/9     4.78G    0.0148    0.0227   0.05659    0.0941        21       640         0         0         0         0         0         0         0
       5/9     4.78G    0.0113   0.02023   0.05656   0.08809        16       640         0         0         0         0         0         0         0
       6/9     4.78G    0.0101   0.01786   0.05654    0.0845        16       640         0         0         0         0         0         0         0
       7/9     4.78G  0.007454   0.01623   0.05651   0.08019        12       640         0         0         0         0         0         0         0
       8/9     4.78G  0.006112   0.01522    0.0565   0.07783        16       640         0         0         0         0         0         0         0
       9/9     4.78G  0.005106   0.01471   0.05648   0.07629        18       640    0.2001    0.9973    0.2145    0.2076  0.004042   0.01654   0.05641
       0/9     4.76G   0.05792     0.046    0.0652    0.1691        16       640         0         0         0         0         0         0         0
       1/9     4.76G   0.02476   0.04342   0.06122    0.1294        15       640         0         0         0         0         0         0         0
       2/9     4.76G   0.02582   0.03015   0.06094    0.1169        16       640         0         0         0         0         0         0         0
       3/9     4.76G   0.02619   0.02545   0.06087    0.1125        15       640         0         0         0         0         0         0         0
       4/9     4.76G   0.02067   0.02297   0.06077    0.1044        15       640         0         0         0         0         0         0         0
       5/9     4.76G   0.01638   0.02049   0.06073   0.09759        16       640         0         0         0         0         0         0         0
       6/9     4.76G   0.01462   0.01877   0.06059   0.09398        12       640         0         0         0         0         0         0         0
       7/9     4.76G   0.01142   0.01723   0.05995    0.0886        18       640         0         0         0         0         0         0         0
       8/9     4.76G  0.009622   0.01642   0.05904   0.08508        12       640         0         0         0         0         0         0         0
       9/9     4.76G  0.008508     0.016   0.05792   0.08243        16       640    0.2962     0.825    0.3564    0.3411  0.008219   0.01793   0.05618
       0/9     4.76G   0.05051   0.04437   0.05954    0.1544        21       640         0         0         0         0         0         0         0
       1/9     4.76G    0.0234   0.03434   0.05629     0.114        17       640         0         0         0         0         0         0         0
       2/9     4.76G   0.02243   0.02397    0.0561    0.1025        12       640         0         0         0         0         0         0         0
       3/9     4.76G   0.02168   0.02113   0.05602   0.09882        18       640         0         0         0         0         0         0         0
       4/9     4.76G   0.01608   0.01845   0.05597    0.0905        17       640         0         0         0         0         0         0         0
       5/9     4.76G   0.01142   0.01614   0.05599   0.08355        13       640         0         0         0         0         0         0         0
       6/9     4.76G  0.009839   0.01438   0.05594   0.08016        16       640         0         0         0         0         0         0         0
       7/9     4.76G  0.007261   0.01271   0.05588   0.07585        12       640         0         0         0         0         0         0         0
       8/9     4.76G  0.006014   0.01204   0.05578   0.07383        16       640         0         0         0         0         0         0         0
       9/9     4.76G  0.005031   0.01155   0.05553   0.07211        20       640    0.2586    0.7462    0.2908    0.2849  0.004942   0.01359   0.05488
       0/9     4.76G   0.05209    0.0555   0.05646     0.164        21       640         0         0         0         0         0         0         0
       1/9     4.76G   0.02626   0.03365   0.05401    0.1139        19       640         0         0         0         0         0         0         0
       2/9     4.76G   0.02228   0.02488   0.05381     0.101        12       640         0         0         0         0         0         0         0
       3/9     4.76G   0.02261   0.02204   0.05378   0.09843        13       640         0         0         0         0         0         0         0
       4/9     4.76G   0.01676   0.01982   0.05373   0.09032        15       640         0         0         0         0         0         0         0
       5/9     4.76G   0.01198   0.01701   0.05371    0.0827        21       640         0         0         0         0         0         0         0
       6/9     4.76G   0.01021   0.01561   0.05369   0.07951        15       640         0         0         0         0         0         0         0
       7/9     4.76G  0.007894   0.01462   0.05366   0.07617        17       640         0         0         0         0         0         0         0
       8/9     4.76G  0.006623   0.01343   0.05366   0.07371        16       640         0         0         0         0         0         0         0
       9/9     4.76G  0.005748   0.01292   0.05366   0.07234        19       640    0.2002    0.9977    0.2228    0.2169  0.005129   0.01498   0.05362
       0/9     4.77G   0.06363   0.03748   0.05149    0.1526        16       640         0         0         0         0         0         0         0
       1/9     4.77G   0.02318   0.03764   0.04847    0.1093        15       640         0         0         0         0         0         0         0
       2/9     4.78G   0.02354   0.02737   0.04804   0.09896        21       640         0         0         0         0         0         0         0
       3/9     4.78G   0.02477   0.02297   0.04791   0.09565        15       640         0         0         0         0         0         0         0
       4/9     4.78G   0.02028   0.02013   0.04787   0.08828        12       640         0         0         0         0         0         0         0
       5/9     4.78G   0.01709   0.01813   0.04785   0.08307        16       640         0         0         0         0         0         0         0
       6/9     4.78G    0.0148   0.01661   0.04782   0.07923        18       640         0         0         0         0         0         0         0
       7/9     4.78G   0.01172   0.01528   0.04782   0.07482        19       640         0         0         0         0         0         0         0
       8/9     4.78G  0.009819   0.01458   0.04782   0.07222        13       640         0         0         0         0         0         0         0
       9/9     4.78G  0.008277   0.01401    0.0478   0.07009        16       640    0.2044    0.9352    0.2191    0.2147  0.006781   0.01204   0.04776
       0/9     4.76G   0.04843   0.03208   0.05594    0.1364        16       640         0         0         0         0         0         0         0
       1/9     4.76G   0.02243   0.03388   0.05162    0.1079        22       640         0         0         0         0         0         0         0
       2/9     4.76G   0.01789   0.02639   0.05081   0.09508        13       640         0         0         0         0         0         0         0
       3/9     4.76G    0.0186   0.02104   0.05066   0.09029        16       640         0         0         0         0         0         0         0
       4/9     4.76G   0.01474   0.01842   0.05056   0.08372        15       640         0         0         0         0         0         0         0
       5/9     4.76G   0.01147   0.01609   0.05042   0.07797        13       640         0         0         0         0         0         0         0
       6/9     4.76G  0.009598   0.01463    0.0495   0.07373        25       640         0         0         0         0         0         0         0
       7/9     4.76G  0.007363    0.0135   0.04781   0.06867        15       640         0         0         0         0         0         0         0
       8/9     4.76G  0.006208   0.01276   0.04655   0.06552        15       640         0         0         0         0         0         0         0
       9/9     4.76G  0.005318   0.01193    0.0457   0.06295        23       640    0.3146    0.8254    0.3678    0.3592  0.004194   0.01045   0.04492
       0/9     4.77G   0.04976   0.04114   0.07354    0.1644        18       640         0         0         0         0         0         0         0
       1/9     4.77G   0.01972   0.03087   0.07032    0.1209        16       640         0         0         0         0         0         0         0
       2/9     4.78G    0.0198    0.0213   0.07017    0.1113        20       640         0         0         0         0         0         0         0
       3/9     4.78G    0.0203   0.01886   0.07006    0.1092        15       640         0         0         0         0         0         0         0
       4/9     4.78G   0.01625   0.01679      0.07     0.103        17       640         0         0         0         0         0         0         0
       5/9     4.78G   0.01306   0.01547   0.06999   0.09852        18       640         0         0         0         0         0         0         0
       6/9     4.78G   0.01181   0.01406   0.06999   0.09586        15       640         0         0         0         0         0         0         0
       7/9     4.78G  0.009354   0.01293   0.06997   0.09226        15       640         0         0         0         0         0         0         0
       8/9     4.78G  0.007902   0.01219   0.06995   0.09004        17       640         0         0         0         0         0         0         0
       9/9     4.78G  0.006435   0.01182   0.06993   0.08818        18       640    0.1999     0.999    0.2228    0.2174  0.005581   0.01171   0.06986
       0/9     4.77G   0.05765   0.04484   0.05761    0.1601        16       640         0         0         0         0         0         0         0
       1/9     4.77G   0.02231   0.04099   0.05423    0.1175        15       640         0         0         0         0         0         0         0
       2/9     4.78G    0.0233   0.02741   0.05373    0.1044        17       640         0         0         0         0         0         0         0
       3/9     4.78G    0.0231   0.02356   0.05361    0.1003        21       640         0         0         0         0         0         0         0
       4/9     4.78G   0.01737   0.02028   0.05357   0.09121        17       640         0         0         0         0         0         0         0
       5/9     4.78G   0.01244   0.01784   0.05358   0.08387        19       640         0         0         0         0         0         0         0
       6/9     4.78G   0.01074   0.01533   0.05352   0.07958        20       640         0         0         0         0         0         0         0
       7/9     4.78G  0.007759   0.01373   0.05347   0.07496        15       640         0         0         0         0         0         0         0
       8/9     4.78G  0.006326   0.01281   0.05347    0.0726        19       640         0         0         0         0         0         0         0
       9/9     4.78G  0.005434   0.01237   0.05344   0.07124        18       640    0.2002    0.9973    0.2162    0.2125    0.0046   0.01403   0.05341
       0/9     4.77G   0.05555   0.04527   0.06105    0.1619        16       640         0         0         0         0         0         0         0
       1/9     4.77G   0.02174   0.03914   0.05761    0.1185        17       640         0         0         0         0         0         0         0
       2/9     4.78G   0.02239   0.02667   0.05721    0.1063        19       640         0         0         0         0         0         0         0
       3/9     4.78G   0.02249   0.02267   0.05712    0.1023        15       640         0         0         0         0         0         0         0
       4/9     4.78G   0.01666   0.01975    0.0571    0.0935        12       640         0         0         0         0         0         0         0
       5/9     4.78G   0.01259   0.01724   0.05706    0.0869        12       640         0         0         0         0         0         0         0
       6/9     4.78G   0.01025   0.01487   0.05703   0.08214        15       640         0         0         0         0         0         0         0
       7/9     4.78G  0.007655   0.01313   0.05701    0.0778        16       640         0         0         0         0         0         0         0
       8/9     4.78G   0.00642   0.01229   0.05697   0.07567        19       640         0         0         0         0         0         0         0
       9/9     4.78G  0.005273    0.0116   0.05694   0.07382        17       640       0.2    0.9984     0.216    0.2112  0.005239   0.01343   0.05693
       0/9     4.76G   0.04001   0.04614   0.06326    0.1494        16       640         0         0         0         0         0         0         0
       1/9     4.76G   0.01654   0.03221   0.05962    0.1084        20       640         0         0         0         0         0         0         0
       2/9     4.76G   0.01459   0.02283    0.0594   0.09682        18       640         0         0         0         0         0         0         0
       3/9     4.76G   0.01451   0.02049   0.05922   0.09422        15       640         0         0         0         0         0         0         0
       4/9     4.76G    0.0111   0.01862   0.05847   0.08819        18       640         0         0         0         0         0         0         0
       5/9     4.76G  0.008559   0.01701   0.05615   0.08172        13       640         0         0         0         0         0         0         0
       6/9     4.76G  0.007429   0.01599   0.05446   0.07788        13       640         0         0         0         0         0         0         0
       7/9     4.76G  0.005944   0.01486   0.05354   0.07435        16       640         0         0         0         0         0         0         0
       8/9     4.76G  0.005038   0.01415   0.05307   0.07226        20       640         0         0         0         0         0         0         0
       9/9     4.76G  0.004287   0.01328   0.05219   0.06975        15       640    0.3518    0.7801    0.4136    0.4058  0.003768   0.01502   0.05004
       0/9     4.76G   0.04245   0.04418   0.06363    0.1503        16       640         0         0         0         0         0         0         0
       1/9     4.76G   0.01746   0.03292   0.05968    0.1101        20       640         0         0         0         0         0         0         0
       2/9     4.76G   0.01573   0.02341   0.05941   0.09855        18       640         0         0         0         0         0         0         0
       3/9     4.76G   0.01519    0.0211    0.0592   0.09549        15       640         0         0         0         0         0         0         0
       4/9     4.76G   0.01158   0.01915   0.05809   0.08882        18       640         0         0         0         0         0         0         0
       5/9     4.76G  0.009248    0.0173   0.05571   0.08226        13       640         0         0         0         0         0         0         0
       6/9     4.76G  0.008007   0.01597   0.05448   0.07846        13       640         0         0         0         0         0         0         0
       7/9     4.76G  0.006144   0.01466   0.05387   0.07467        15       640         0         0         0         0         0         0         0
       8/9     4.76G  0.005093   0.01385    0.0528   0.07174        20       640         0         0         0         0         0         0         0
       9/9     4.76G  0.004206     0.013   0.05214   0.06934        15       640    0.3442      0.77    0.4106    0.3995   0.00393   0.01472   0.05083
       0/9     4.76G   0.03939   0.04528   0.06333     0.148        16       640         0         0         0         0         0         0         0
       1/9     4.76G   0.01638    0.0305   0.05978    0.1067        20       640         0         0         0         0         0         0         0
       2/9     4.76G   0.01429   0.02226   0.05956   0.09611        18       640         0         0         0         0         0         0         0
       3/9     4.76G   0.01402   0.01999   0.05944   0.09345        15       640         0         0         0         0         0         0         0
       4/9     4.76G   0.01078   0.01821   0.05873   0.08772        18       640         0         0         0         0         0         0         0
       5/9     4.76G  0.008975   0.01668   0.05627   0.08193        13       640         0         0         0         0         0         0         0
       6/9     4.76G  0.007292   0.01581   0.05496   0.07806        13       640         0         0         0         0         0         0         0
       7/9     4.76G  0.006001   0.01454   0.05394   0.07448        16       640         0         0         0         0         0         0         0
       8/9     4.76G  0.005002    0.0138   0.05311   0.07191        20       640         0         0         0         0         0         0         0
       9/9     4.76G  0.004292   0.01304   0.05237    0.0697        15       640      0.34    0.7822     0.415    0.4036   0.00406   0.01495     0.051
       0/9     4.76G     0.038   0.04609   0.06381    0.1479        12       640         0         0         0         0         0         0         0
       1/9     4.76G   0.01587   0.02952   0.06035    0.1057        17       640         0         0         0         0         0         0         0
       2/9     4.76G   0.01381   0.02201   0.06009   0.09591        18       640         0         0         0         0         0         0         0
       3/9     4.76G   0.01385   0.02003   0.05961   0.09349        18       640         0         0         0         0         0         0         0
       4/9     4.76G   0.01075   0.01854   0.05761    0.0869        17       640         0         0         0         0         0         0         0
       5/9     4.76G  0.008602    0.0171   0.05562   0.08132        13       640         0         0         0         0         0         0         0
       6/9     4.76G  0.007656   0.01579   0.05449   0.07794        19       640         0         0         0         0         0         0         0
       7/9     4.76G  0.006147   0.01493   0.05339   0.07446        16       640         0         0         0         0         0         0         0
       8/9     4.76G  0.005062   0.01417   0.05272   0.07195        22       640         0         0         0         0         0         0         0
       9/9     4.76G  0.004254   0.01327   0.05249   0.07001        15       640    0.3384    0.8427    0.4172     0.408  0.003848   0.01509   0.05033
       0/9     4.76G    0.0378    0.0457   0.06386    0.1474        12       640         0         0         0         0         0         0         0
       1/9     4.76G   0.01556   0.02954   0.06039    0.1055        17       640         0         0         0         0         0         0         0
       2/9     4.76G   0.01341   0.02204   0.06017   0.09562        18       640         0         0         0         0         0         0         0
       3/9     4.76G   0.01339   0.01979   0.05983   0.09301        18       640         0         0         0         0         0         0         0
       4/9     4.76G   0.01044   0.01812   0.05805   0.08661        19       640         0         0         0         0         0         0         0
       5/9     4.76G  0.008348   0.01609   0.05576    0.0802        13       640         0         0         0         0         0         0         0
       6/9     4.76G   0.00724   0.01529   0.05467   0.07721        22       640         0         0         0         0         0         0         0
       7/9     4.76G  0.005759   0.01446   0.05364   0.07386        16       640         0         0         0         0         0         0         0
       8/9     4.76G  0.004694   0.01382   0.05287   0.07138        20       640         0         0         0         0         0         0         0
       9/9     4.76G  0.004026   0.01307    0.0525    0.0696        15       640    0.3479     0.811    0.4124    0.3964  0.004107   0.01456   0.05036
       0/9     4.76G   0.03705   0.04704   0.06705    0.1511        13       640         0         0         0         0         0         0         0
       1/9     4.76G   0.01569   0.03057   0.06345    0.1097        14       640         0         0         0         0         0         0         0
       2/9     4.76G   0.01343   0.02229   0.06325   0.09897        12       640         0         0         0         0         0         0         0
       3/9     4.76G   0.01366   0.01987   0.06236   0.09588        15       640         0         0         0         0         0         0         0
       4/9     4.76G   0.01032   0.01871   0.05945   0.08848        19       640         0         0         0         0         0         0         0
       5/9     4.76G  0.008263   0.01674   0.05784   0.08284        15       640         0         0         0         0         0         0         0
       6/9     4.76G  0.007294   0.01564   0.05675   0.07968        18       640         0         0         0         0         0         0         0
       7/9     4.76G  0.005765   0.01461   0.05537   0.07574        22       640         0         0         0         0         0         0         0
       8/9     4.76G  0.004683   0.01388   0.05482   0.07339        15       640         0         0         0         0         0         0         0
       9/9     4.76G  0.004056    0.0134    0.0549   0.07236        16       640    0.3488    0.8002     0.414    0.4044  0.004012     0.016   0.05283
       0/9     4.76G   0.04389   0.05535   0.06284    0.1621        20       640         0         0         0         0         0         0         0
       1/9     4.76G   0.02001   0.03263   0.05969    0.1123        15       640         0         0         0         0         0         0         0
       2/9     4.76G   0.01692   0.02527   0.05954    0.1017        23       640         0         0         0         0         0         0         0
       3/9     4.76G     0.017   0.02237   0.05944   0.09881        15       640         0         0         0         0         0         0         0
       4/9     4.76G   0.01282   0.01972   0.05941   0.09195        18       640         0         0         0         0         0         0         0
       5/9     4.76G   0.01014    0.0174   0.05927   0.08682        16       640         0         0         0         0         0         0         0
       6/9     4.76G   0.00882   0.01656   0.05807   0.08345        13       640         0         0         0         0         0         0         0
       7/9     4.76G  0.007618   0.01596   0.05572    0.0793        13       640         0         0         0         0         0         0         0
       8/9     4.76G  0.006164   0.01498   0.05483   0.07597        12       640         0         0         0         0         0         0         0
       9/9     4.76G  0.005208   0.01444   0.05392   0.07357        17       640    0.3375      0.76    0.3909    0.3809  0.004609   0.01744   0.05166
       0/9     4.76G   0.03719   0.03899   0.06341    0.1396        16       640         0         0         0         0         0         0         0
       1/9     4.76G   0.01459   0.02901   0.05988    0.1035        22       640         0         0         0         0         0         0         0
       2/9     4.76G   0.01325   0.01987   0.05967   0.09279        12       640         0         0         0         0         0         0         0
       3/9     4.76G   0.01274    0.0178   0.05953   0.09007        13       640         0         0         0         0         0         0         0
       4/9     4.76G  0.009951   0.01632   0.05865   0.08492        18       640         0         0         0         0         0         0         0
       5/9     4.76G  0.007887     0.015   0.05627   0.07915        14       640         0         0         0         0         0         0         0
       6/9     4.76G  0.007232   0.01425   0.05478   0.07626        13       640         0         0         0         0         0         0         0
       7/9     4.76G  0.005522   0.01302   0.05333   0.07188        14       640         0         0         0         0         0         0         0
       8/9     4.76G  0.004703   0.01209   0.05279   0.06959        20       640         0         0         0         0         0         0         0
       9/9     4.76G  0.003972   0.01162   0.05214   0.06773        14       640    0.3484    0.8157    0.4199    0.4126  0.003548   0.01355    0.0498
       0/9     4.76G   0.03752   0.03695   0.06486    0.1393        16       640         0         0         0         0         0         0         0
       1/9     4.76G   0.01486   0.02927   0.06102    0.1052        22       640         0         0         0         0         0         0         0
       2/9     4.76G   0.01388   0.02014   0.06081   0.09483        12       640         0         0         0         0         0         0         0
       3/9     4.76G   0.01338   0.01813   0.06037   0.09188        13       640         0         0         0         0         0         0         0
       4/9     4.76G   0.01015   0.01654   0.05873   0.08543        18       640         0         0         0         0         0         0         0
       5/9     4.76G  0.008208    0.0151   0.05649    0.0798        13       640         0         0         0         0         0         0         0
       6/9     4.76G  0.007162   0.01408   0.05502   0.07626        13       640         0         0         0         0         0         0         0
       7/9     4.76G    0.0055   0.01305   0.05412   0.07267        13       640         0         0         0         0         0         0         0
       8/9     4.76G  0.004774    0.0122   0.05358   0.07056        20       640         0         0         0         0         0         0         0
       9/9     4.76G  0.003993   0.01154   0.05277    0.0683        15       640    0.3326    0.8298    0.4183      0.41  0.003639   0.01277   0.05247
       0/9     4.76G   0.04866   0.03965   0.05826    0.1466        16       640         0         0         0         0         0         0         0
       1/9     4.76G   0.02018   0.03827   0.05385    0.1123        22       640         0         0         0         0         0         0         0
       2/9     4.76G   0.01837   0.02571   0.05339   0.09747        16       640         0         0         0         0         0         0         0
       3/9     4.76G   0.01737   0.02196   0.05323   0.09256        13       640         0         0         0         0         0         0         0
       4/9     4.76G   0.01362   0.01946   0.05298   0.08606        15       640         0         0         0         0         0         0         0
       5/9     4.76G   0.01018   0.01725   0.05187   0.07931        14       640         0         0         0         0         0         0         0
       6/9     4.76G  0.008452   0.01588   0.04998   0.07432        16       640         0         0         0         0         0         0         0
       7/9     4.76G  0.006282   0.01468   0.04902   0.06999        14       640         0         0         0         0         0         0         0
       8/9     4.76G   0.00544   0.01308   0.04827   0.06678        13       640         0         0         0         0         0         0         0
       9/9     4.76G  0.004418   0.01232   0.04789   0.06463        14       640    0.3381    0.7883     0.396    0.3853  0.003861   0.01414   0.04593
       0/9     4.76G   0.03847   0.03617   0.07641    0.1511        16       640         0         0         0         0         0         0         0
       1/9     4.76G   0.01486   0.02794   0.07244    0.1152        13       640         0         0         0         0         0         0         0
       2/9     4.76G   0.01433   0.01972   0.07218    0.1062        22       640         0         0         0         0         0         0         0
       3/9     4.76G   0.01514   0.01772   0.07144    0.1043        20       640         0         0         0         0         0         0         0
       4/9     4.76G   0.01194   0.01671   0.06974   0.09838        19       640         0         0         0         0         0         0         0
       5/9     4.76G   0.01045   0.01538   0.06676   0.09259        15       640         0         0         0         0         0         0         0
       6/9     4.76G  0.009467   0.01449   0.06516   0.08913        16       640         0         0         0         0         0         0         0
       7/9     4.76G  0.007587   0.01387   0.06426   0.08572        22       640         0         0         0         0         0         0         0
       8/9     4.76G  0.006302   0.01322   0.06356   0.08308        20       640         0         0         0         0         0         0         0
       9/9     4.76G  0.005271   0.01269     0.063   0.08096        14       640    0.3627    0.8105    0.4184    0.4049  0.004545   0.01189   0.06049
