      0/49    0.388G   0.06982     0.035   0.05065    0.1555        12       640         0         0         0         0         0         0         0
      1/49     4.81G   0.02853   0.04098   0.04776    0.1173        16       640         0         0         0         0         0         0         0
      2/49     4.81G   0.02552   0.03278   0.04735    0.1056        12       640         0         0         0         0         0         0         0
      3/49     4.81G   0.02965   0.02687   0.04718    0.1037        24       640         0         0         0         0         0         0         0
      4/49     4.81G   0.02613   0.02267   0.04712   0.09592        22       640         0         0         0         0         0         0         0
      5/49     4.81G    0.0208   0.01922   0.04709    0.0871        18       640         0         0         0         0         0         0         0
      6/49     4.81G   0.01748    0.0166   0.04707   0.08115        17       640         0         0         0         0         0         0         0
      7/49     4.81G   0.01557   0.01515   0.04704   0.07776        14       640         0         0         0         0         0         0         0
      8/49     4.81G    0.0138     0.014   0.04703   0.07483        19       640         0         0         0         0         0         0         0
      9/49     4.81G   0.01265   0.01309   0.04701   0.07275        16       640         0         0         0         0         0         0         0
     10/49     4.81G   0.01232   0.01226   0.04701   0.07158        12       640         0         0         0         0         0         0         0
     11/49     4.81G   0.01129   0.01178   0.04702   0.07009        16       640         0         0         0         0         0         0         0
     12/49     4.81G   0.01051   0.01112   0.04699   0.06862        15       640         0         0         0         0         0         0         0
     13/49     4.81G    0.0104   0.01096     0.047   0.06835        22       640         0         0         0         0         0         0         0
     14/49     4.81G  0.009796   0.01058   0.04699   0.06736        16       640         0         0         0         0         0         0         0
     15/49     4.81G  0.009126    0.0102   0.04699   0.06631        16       640         0         0         0         0         0         0         0
     16/49     4.81G  0.008375  0.009879   0.04698   0.06523        19       640         0         0         0         0         0         0         0
     17/49     4.81G  0.008688  0.009827   0.04696   0.06548        17       640         0         0         0         0         0         0         0
     18/49     4.81G  0.008243  0.009628   0.04697   0.06485        15       640         0         0         0         0         0         0         0
     19/49     4.81G  0.007825  0.009477   0.04696   0.06426        15       640         0         0         0         0         0         0         0
     20/49     4.81G  0.007659  0.009334   0.04695   0.06395        15       640         0         0         0         0         0         0         0
     21/49     4.81G  0.007534  0.009273   0.04697   0.06377        20       640         0         0         0         0         0         0         0
     22/49     4.81G  0.007239  0.009017   0.04694    0.0632        21       640         0         0         0         0         0         0         0
     23/49     4.81G  0.007101  0.008947   0.04695   0.06299        13       640         0         0         0         0         0         0         0
     24/49     4.81G  0.006784  0.008907   0.04694   0.06263        18       640         0         0         0         0         0         0         0
     25/49     4.81G  0.006317  0.008776   0.04695   0.06204        13       640         0         0         0         0         0         0         0
     26/49     4.81G  0.006306  0.008534   0.04697    0.0618        18       640         0         0         0         0         0         0         0
     27/49     4.81G  0.006017  0.008446   0.04695   0.06141        18       640         0         0         0         0         0         0         0
     28/49     4.81G  0.005821  0.008425   0.04694   0.06119        21       640         0         0         0         0         0         0         0
     29/49     4.81G   0.00571  0.008339   0.04695   0.06099        17       640         0         0         0         0         0         0         0
     30/49     4.81G  0.005487  0.008221   0.04694   0.06065        17       640         0         0         0         0         0         0         0
     31/49     4.81G  0.005357  0.008135   0.04695   0.06044        19       640         0         0         0         0         0         0         0
     32/49     4.81G  0.005156  0.008052   0.04693   0.06014        15       640         0         0         0         0         0         0         0
     33/49     4.81G   0.00492   0.00798   0.04693   0.05983        19       640         0         0         0         0         0         0         0
     34/49     4.81G  0.004835  0.007828   0.04693    0.0596        22       640         0         0         0         0         0         0         0
     35/49     4.81G  0.004671  0.007552   0.04694   0.05916        17       640         0         0         0         0         0         0         0
     36/49     4.81G  0.004501  0.007464   0.04692   0.05888        18       640         0         0         0         0         0         0         0
     37/49     4.81G  0.004452  0.007483   0.04695   0.05888        18       640         0         0         0         0         0         0         0
     38/49     4.81G  0.004267   0.00733   0.04693   0.05853        14       640         0         0         0         0         0         0         0
     39/49     4.81G  0.004272  0.007314   0.04693   0.05852        15       640         0         0         0         0         0         0         0
     40/49     4.81G  0.004158  0.007201   0.04694    0.0583        17       640         0         0         0         0         0         0         0
     41/49     4.81G  0.003972  0.007149   0.04696   0.05808        15       640         0         0         0         0         0         0         0
     42/49     4.81G  0.003962  0.007225   0.04694   0.05813        18       640         0         0         0         0         0         0         0
     43/49     4.81G  0.003832  0.006982   0.04692   0.05774        15       640         0         0         0         0         0         0         0
     44/49     4.81G   0.00374  0.006976   0.04693   0.05765        13       640         0         0         0         0         0         0         0
     45/49     4.81G  0.003717  0.006909   0.04693   0.05755        17       640         0         0         0         0         0         0         0
     46/49     4.81G  0.003652  0.006892   0.04693   0.05748        16       640         0         0         0         0         0         0         0
     47/49     4.81G  0.003644  0.006976   0.04693   0.05755        13       640         0         0         0         0         0         0         0
     48/49     4.81G  0.003588  0.006887   0.04694   0.05742        14       640         0         0         0         0         0         0         0
     49/49     4.81G  0.003516  0.006725   0.04694   0.05718        18       640    0.2002    0.9988    0.2241    0.2219  0.004487   0.01193   0.04693
      0/49      4.8G   0.07037     0.036   0.04833    0.1547        12       640         0         0         0         0         0         0         0
      1/49      4.8G   0.02825    0.0414   0.04556    0.1152        16       640         0         0         0         0         0         0         0
      2/49      4.8G   0.02641   0.03263   0.04519    0.1042        17       640         0         0         0         0         0         0         0
      3/49      4.8G   0.03042   0.02666   0.04505    0.1021        19       640         0         0         0         0         0         0         0
      4/49      4.8G   0.02664   0.02248   0.04498   0.09409        14       640         0         0         0         0         0         0         0
      5/49      4.8G   0.02146   0.01919   0.04494   0.08558        17       640         0         0         0         0         0         0         0
      6/49      4.8G   0.01754   0.01678   0.04491   0.07923        12       640         0         0         0         0         0         0         0
      7/49      4.8G   0.01571   0.01526    0.0449   0.07587        15       640         0         0         0         0         0         0         0
      8/49      4.8G   0.01423   0.01417    0.0449    0.0733        13       640         0         0         0         0         0         0         0
      9/49      4.8G    0.0133   0.01342   0.04489   0.07161        13       640         0         0         0         0         0         0         0
     10/49      4.8G   0.01253   0.01285    0.0449   0.07028        15       640         0         0         0         0         0         0         0
     11/49      4.8G   0.01139   0.01186   0.04488   0.06813        13       640         0         0         0         0         0         0         0
     12/49      4.8G   0.01113   0.01141   0.04488   0.06742        17       640         0         0         0         0         0         0         0
     13/49      4.8G   0.01021   0.01107   0.04485   0.06614        15       640         0         0         0         0         0         0         0
     14/49      4.8G  0.009945   0.01093   0.04486   0.06573        19       640         0         0         0         0         0         0         0
     15/49      4.8G  0.009362   0.01045   0.04485   0.06466        15       640         0         0         0         0         0         0         0
     16/49      4.8G  0.009199   0.01023   0.04484   0.06427        13       640         0         0         0         0         0         0         0
     17/49      4.8G  0.008716   0.01002   0.04485   0.06358        13       640         0         0         0         0         0         0         0
     18/49      4.8G  0.008468  0.009887   0.04484    0.0632        12       640         0         0         0         0         0         0         0
     19/49      4.8G  0.008156  0.009675   0.04483   0.06266        17       640         0         0         0         0         0         0         0
     20/49      4.8G  0.007883  0.009567   0.04482   0.06227        12       640         0         0         0         0         0         0         0
     21/49      4.8G  0.007588  0.009436   0.04483   0.06186        16       640         0         0         0         0         0         0         0
     22/49      4.8G  0.007462  0.009148   0.04482   0.06143        17       640         0         0         0         0         0         0         0
     23/49      4.8G   0.00708  0.009191   0.04481   0.06108        12       640         0         0         0         0         0         0         0
     24/49      4.8G  0.006974  0.008963   0.04481   0.06075        15       640         0         0         0         0         0         0         0
     25/49      4.8G  0.006753  0.008912   0.04481   0.06048        16       640         0         0         0         0         0         0         0
     26/49      4.8G  0.006451  0.008801    0.0448   0.06006        14       640         0         0         0         0         0         0         0
     27/49      4.8G  0.006284  0.008648   0.04481   0.05975        20       640         0         0         0         0         0         0         0
     28/49      4.8G  0.006027  0.008488    0.0448   0.05932        25       640         0         0         0         0         0         0         0
     29/49      4.8G  0.005774  0.008507   0.04482    0.0591        22       640         0         0         0         0         0         0         0
     30/49      4.8G  0.005782  0.008356   0.04481   0.05894        16       640         0         0         0         0         0         0         0
     31/49      4.8G  0.005497   0.00831    0.0448    0.0586        14       640         0         0         0         0         0         0         0
     32/49      4.8G  0.005279  0.008189   0.04481   0.05828        19       640         0         0         0         0         0         0         0
     33/49      4.8G  0.005178  0.008121   0.04481   0.05811        18       640         0         0         0         0         0         0         0
     34/49      4.8G  0.005082  0.007955   0.04481   0.05785        12       640         0         0         0         0         0         0         0
     35/49      4.8G  0.004954  0.008009   0.04482   0.05778        12       640         0         0         0         0         0         0         0
     36/49      4.8G  0.004735  0.007925   0.04481   0.05747        26       640         0         0         0         0         0         0         0
     37/49      4.8G  0.004604  0.007888   0.04481    0.0573        16       640         0         0         0         0         0         0         0
     38/49      4.8G  0.004547   0.00778    0.0448   0.05713        15       640         0         0         0         0         0         0         0
     39/49      4.8G  0.004393  0.007839   0.04482   0.05705        14       640         0         0         0         0         0         0         0
     40/49      4.8G  0.004326  0.007755   0.04481   0.05689        19       640         0         0         0         0         0         0         0
     41/49      4.8G  0.004238   0.00774   0.04481   0.05679        21       640         0         0         0         0         0         0         0
     42/49      4.8G  0.004168  0.007622   0.04481    0.0566        14       640         0         0         0         0         0         0         0
     43/49      4.8G  0.004087  0.007542    0.0448   0.05643        13       640         0         0         0         0         0         0         0
     44/49      4.8G  0.004051  0.007595   0.04481   0.05645        19       640         0         0         0         0         0         0         0
     45/49      4.8G  0.003933  0.007421    0.0448   0.05616        15       640         0         0         0         0         0         0         0
     46/49      4.8G  0.003923  0.007389    0.0448   0.05611        17       640         0         0         0         0         0         0         0
     47/49      4.8G  0.003888  0.007344   0.04481   0.05605        18       640         0         0         0         0         0         0         0
     48/49      4.8G  0.003825  0.007193   0.04481   0.05582        14       640         0         0         0         0         0         0         0
     49/49      4.8G  0.003717  0.007138   0.04479   0.05565        19       640    0.2004    0.9906    0.2202    0.2181  0.005216    0.0111   0.04478
      0/49     1.83G   0.06285   0.03959   0.06612    0.1686        13       640         0         0         0         0         0         0         0
      1/49     4.83G   0.02917   0.04186   0.06244    0.1335        16       640         0         0         0         0         0         0         0
      2/49     4.83G   0.03196   0.03071   0.06222    0.1249        20       640         0         0         0         0         0         0         0
      3/49     4.83G   0.03504   0.02504   0.06217    0.1223        20       640         0         0         0         0         0         0         0
      4/49     4.83G   0.02781   0.02187   0.06206    0.1117        12       640         0         0         0         0         0         0         0
      5/49     4.83G     0.021   0.01902   0.06208    0.1021        15       640         0         0         0         0         0         0         0
      6/49     4.83G   0.01741   0.01645   0.06208   0.09594        13       640         0         0         0         0         0         0         0
      7/49     4.83G   0.01478   0.01502   0.06203   0.09183        16       640         0         0         0         0         0         0         0
      8/49     4.83G   0.01329   0.01381   0.06198   0.08908        14       640         0         0         0         0         0         0         0
      9/49     4.83G   0.01275    0.0133     0.062   0.08805        15       640         0         0         0         0         0         0         0
     10/49     4.83G   0.01156   0.01254   0.06194   0.08604        13       640         0         0         0         0         0         0         0
     11/49     4.83G   0.01127   0.01181   0.06189   0.08497        16       640         0         0         0         0         0         0         0
     12/49     4.83G   0.01036   0.01114   0.06176   0.08326        18       640         0         0         0         0         0         0         0
     13/49     4.83G   0.01004    0.0112   0.06122   0.08246        15       640         0         0         0         0         0         0         0
     14/49     4.83G  0.009962   0.01093   0.06007   0.08096        15       640         0         0         0         0         0         0         0
     15/49     4.83G   0.01005   0.01085   0.05851   0.07941        17       640         0         0         0         0         0         0         0
     16/49     4.83G  0.009752   0.01075   0.05714   0.07764        15       640         0         0         0         0         0         0         0
     17/49     4.83G  0.009184   0.01085   0.05617    0.0762        15       640         0         0         0         0         0         0         0
     18/49     4.83G  0.008691   0.01059   0.05546   0.07474        15       640         0         0         0         0         0         0         0
     19/49     4.83G  0.008604   0.01043   0.05486   0.07389        19       640         0         0         0         0         0         0         0
     20/49     4.83G   0.00839   0.01032   0.05412   0.07283        17       640         0         0         0         0         0         0         0
     21/49     4.83G  0.008071   0.01025   0.05362   0.07194        16       640         0         0         0         0         0         0         0
     22/49     4.83G  0.007708  0.009975   0.05337   0.07105        13       640         0         0         0         0         0         0         0
     23/49     4.83G  0.007605   0.01011   0.05311   0.07082        20       640         0         0         0         0         0         0         0
     24/49     4.83G  0.007598  0.009888   0.05267   0.07015        18       640         0         0         0         0         0         0         0
     25/49     4.83G   0.00713  0.009747   0.05241   0.06928        17       640         0         0         0         0         0         0         0
     26/49     4.83G  0.006785   0.00969   0.05225   0.06873        13       640         0         0         0         0         0         0         0
     27/49     4.83G  0.006781  0.009566   0.05216   0.06851        22       640         0         0         0         0         0         0         0
     28/49     4.83G  0.006474  0.009468   0.05182   0.06776        13       640         0         0         0         0         0         0         0
     29/49     4.83G  0.006337  0.009451   0.05131   0.06709        21       640         0         0         0         0         0         0         0
     30/49     4.83G  0.006029  0.009201    0.0516   0.06683        14       640         0         0         0         0         0         0         0
     31/49     4.83G  0.005945   0.00917   0.05145   0.06656        19       640         0         0         0         0         0         0         0
     32/49     4.83G  0.005832  0.009026   0.05104    0.0659        14       640         0         0         0         0         0         0         0
     33/49     4.83G   0.00581  0.009131   0.05111   0.06605        17       640         0         0         0         0         0         0         0
     34/49     4.83G  0.005413  0.008827   0.05053   0.06477        16       640         0         0         0         0         0         0         0
     35/49     4.83G  0.005327   0.00887   0.05053   0.06473        14       640         0         0         0         0         0         0         0
     36/49     4.83G  0.005229  0.008757   0.05017   0.06415        20       640         0         0         0         0         0         0         0
     37/49     4.83G  0.005163  0.008948   0.05018   0.06429        17       640         0         0         0         0         0         0         0
     38/49     4.83G   0.00495  0.008838   0.04996   0.06375        13       640         0         0         0         0         0         0         0
     39/49     4.83G  0.004957  0.008704   0.04973   0.06339        19       640         0         0         0         0         0         0         0
     40/49     4.83G  0.004815  0.008604   0.04937   0.06279        16       640         0         0         0         0         0         0         0
     41/49     4.83G  0.004623  0.008603   0.04964   0.06286        15       640         0         0         0         0         0         0         0
     42/49     4.83G  0.004622  0.008689   0.04908   0.06239        16       640         0         0         0         0         0         0         0
     43/49     4.83G   0.00452  0.008728    0.0492   0.06245        18       640         0         0         0         0         0         0         0
     44/49     4.83G  0.004458  0.008604   0.04888   0.06194        21       640         0         0         0         0         0         0         0
     45/49     4.83G  0.004414  0.008522   0.04842   0.06136        13       640         0         0         0         0         0         0         0
     46/49     4.83G  0.004363  0.008373   0.04859   0.06133        17       640         0         0         0         0         0         0         0
     47/49     4.83G  0.004294  0.008422   0.04889   0.06161        12       640         0         0         0         0         0         0         0
     48/49     4.83G  0.004299  0.008454   0.04863   0.06138        17       640         0         0         0         0         0         0         0
     49/49     4.83G  0.004232  0.008415   0.04826    0.0609        18       640    0.4496     0.744    0.5242    0.5172  0.005274   0.01192   0.04667
      0/49     4.79G   0.05276   0.04053    0.0592    0.1525        14       640         0         0         0         0         0         0         0
      1/49     4.79G   0.02737   0.03734   0.05664    0.1214        15       640         0         0         0         0         0         0         0
      2/49     4.79G   0.03107    0.0257   0.05651    0.1133        23       640         0         0         0         0         0         0         0
      3/49     4.79G   0.03144   0.02211    0.0565    0.1101        17       640         0         0         0         0         0         0         0
      4/49     4.79G    0.0249   0.01975   0.05644    0.1011        15       640         0         0         0         0         0         0         0
      5/49     4.79G   0.01929   0.01752   0.05641   0.09323        14       640         0         0         0         0         0         0         0
      6/49     4.79G   0.01559   0.01555   0.05639   0.08753        20       640         0         0         0         0         0         0         0
      7/49     4.79G   0.01421    0.0144   0.05639   0.08501        19       640         0         0         0         0         0         0         0
      8/49     4.79G   0.01285   0.01322   0.05639   0.08246        14       640         0         0         0         0         0         0         0
      9/49     4.79G    0.0123   0.01225   0.05637   0.08092        14       640         0         0         0         0         0         0         0
     10/49     4.79G   0.01146   0.01169   0.05638   0.07954        15       640         0         0         0         0         0         0         0
     11/49     4.79G   0.01047   0.01135   0.05632   0.07815        18       640         0         0         0         0         0         0         0
     12/49     4.79G   0.01013   0.01097   0.05632   0.07743        16       640         0         0         0         0         0         0         0
     13/49     4.79G  0.009268   0.01078   0.05632   0.07637        12       640         0         0         0         0         0         0         0
     14/49     4.79G  0.008793   0.01035    0.0563   0.07544        12       640         0         0         0         0         0         0         0
     15/49     4.79G  0.008964   0.01021   0.05623    0.0754        14       640         0         0         0         0         0         0         0
     16/49     4.79G  0.008497   0.01007   0.05615   0.07472        16       640         0         0         0         0         0         0         0
     17/49     4.79G  0.008333   0.01025   0.05595   0.07454        13       640         0         0         0         0         0         0         0
     18/49     4.79G  0.007693  0.009856   0.05537   0.07292        18       640         0         0         0         0         0         0         0
     19/49     4.79G  0.007935  0.009864    0.0544    0.0722        15       640         0         0         0         0         0         0         0
     20/49     4.79G   0.00783  0.009815   0.05342   0.07107        19       640         0         0         0         0         0         0         0
     21/49     4.79G  0.007923  0.009881   0.05262   0.07042        16       640         0         0         0         0         0         0         0
     22/49     4.79G   0.00743  0.009553   0.05161   0.06859        15       640         0         0         0         0         0         0         0
     23/49     4.79G  0.007304  0.009634   0.05101   0.06795        16       640         0         0         0         0         0         0         0
     24/49     4.79G  0.007236  0.009489   0.05037   0.06709        17       640         0         0         0         0         0         0         0
     25/49     4.79G  0.006997  0.009454   0.04981   0.06627        19       640         0         0         0         0         0         0         0
     26/49     4.79G  0.006805  0.009446   0.04933   0.06558        13       640         0         0         0         0         0         0         0
     27/49     4.79G  0.006365    0.0093   0.04908   0.06475        18       640         0         0         0         0         0         0         0
     28/49     4.79G   0.00643  0.009112   0.04887   0.06441        13       640         0         0         0         0         0         0         0
     29/49     4.79G  0.006228  0.009158   0.04828   0.06367        17       640         0         0         0         0         0         0         0
     30/49     4.79G  0.005956  0.009036    0.0482   0.06319        19       640         0         0         0         0         0         0         0
     31/49     4.79G   0.00568  0.008953   0.04813   0.06276        15       640         0         0         0         0         0         0         0
     32/49     4.79G   0.00555  0.008821   0.04769   0.06206        15       640         0         0         0         0         0         0         0
     33/49     4.79G  0.005536  0.008906   0.04758   0.06202        12       640         0         0         0         0         0         0         0
     34/49     4.79G   0.00522  0.008597   0.04732   0.06114        17       640         0         0         0         0         0         0         0
     35/49     4.79G  0.005127  0.008689   0.04746   0.06127        19       640         0         0         0         0         0         0         0
     36/49     4.79G  0.005025  0.008593   0.04731   0.06093        12       640         0         0         0         0         0         0         0
     37/49     4.79G  0.004879  0.008704   0.04732   0.06091        17       640         0         0         0         0         0         0         0
     38/49     4.79G   0.00478    0.0085   0.04671   0.05999        20       640         0         0         0         0         0         0         0
     39/49     4.79G  0.004668  0.008445   0.04664   0.05975        17       640         0         0         0         0         0         0         0
     40/49     4.79G   0.00457  0.008267   0.04654   0.05938        16       640         0         0         0         0         0         0         0
     41/49     4.79G  0.004374  0.008399   0.04671   0.05948        18       640         0         0         0         0         0         0         0
     42/49     4.79G  0.004336  0.008332   0.04646   0.05913        12       640         0         0         0         0         0         0         0
     43/49     4.79G  0.004272  0.008428   0.04636   0.05906        18       640         0         0         0         0         0         0         0
     44/49     4.79G  0.004126  0.008181    0.0461   0.05841        13       640         0         0         0         0         0         0         0
     45/49     4.79G  0.004123  0.008344   0.04607   0.05854        15       640         0         0         0         0         0         0         0
     46/49     4.79G  0.004063  0.008158    0.0463   0.05852        15       640         0         0         0         0         0         0         0
     47/49     4.79G  0.003982  0.008112   0.04592   0.05802        15       640         0         0         0         0         0         0         0
     48/49     4.79G  0.003997  0.008176   0.04597   0.05814        22       640         0         0         0         0         0         0         0
     49/49     4.79G  0.003998  0.008263   0.04598   0.05824        18       640    0.3653    0.8356    0.4598    0.4512  0.005174   0.01229   0.04504
      0/49     4.79G   0.06208    0.0394   0.06559    0.1671        13       640         0         0         0         0         0         0         0
      1/49     4.79G   0.02996     0.042   0.06218    0.1341        16       640         0         0         0         0         0         0         0
      2/49     4.79G   0.03282    0.0317   0.06195    0.1265        20       640         0         0         0         0         0         0         0
      3/49     4.79G   0.03587   0.02588   0.06188    0.1236        20       640         0         0         0         0         0         0         0
      4/49     4.79G   0.02849   0.02255   0.06179    0.1128        12       640         0         0         0         0         0         0         0
      5/49     4.79G   0.02163   0.01953   0.06182     0.103        15       640         0         0         0         0         0         0         0
      6/49     4.79G   0.01761    0.0166   0.06179   0.09601        13       640         0         0         0         0         0         0         0
      7/49     4.79G   0.01524     0.015   0.06175   0.09199        16       640         0         0         0         0         0         0         0
      8/49     4.79G   0.01368   0.01373   0.06168   0.08909        14       640         0         0         0         0         0         0         0
      9/49     4.79G   0.01336   0.01262   0.06156   0.08754        15       640         0         0         0         0         0         0         0
     10/49     4.79G    0.0121   0.01221   0.06071   0.08501        13       640         0         0         0         0         0         0         0
     11/49     4.79G    0.0113    0.0119   0.05891   0.08211        16       640         0         0         0         0         0         0         0
     12/49     4.79G   0.01133   0.01134   0.05751   0.08017        15       640         0         0         0         0         0         0         0
     13/49     4.79G   0.01083   0.01149   0.05616   0.07848        19       640         0         0         0         0         0         0         0
     14/49     4.79G   0.01071   0.01116   0.05541   0.07728        20       640         0         0         0         0         0         0         0
     15/49     4.79G  0.009586   0.01102   0.05482   0.07543        12       640         0         0         0         0         0         0         0
     16/49     4.79G  0.009572    0.0107   0.05387   0.07415        15       640         0         0         0         0         0         0         0
     17/49     4.79G   0.00933    0.0108   0.05337    0.0735        12       640         0         0         0         0         0         0         0
     18/49     4.79G  0.008664   0.01052   0.05304   0.07222        18       640         0         0         0         0         0         0         0
     19/49     4.79G  0.008105   0.01027   0.05288   0.07126        22       640         0         0         0         0         0         0         0
     20/49     4.79G  0.008194   0.01021   0.05254   0.07095        12       640         0         0         0         0         0         0         0
     21/49     4.79G  0.008069   0.01012   0.05205   0.07024        20       640         0         0         0         0         0         0         0
     22/49     4.79G  0.007631  0.009837   0.05196   0.06942        13       640         0         0         0         0         0         0         0
     23/49     4.79G  0.007317  0.009945   0.05167   0.06894        14       640         0         0         0         0         0         0         0
     24/49     4.79G  0.007535  0.009654   0.05145   0.06864        15       640         0         0         0         0         0         0         0
     25/49     4.79G  0.006971  0.009638   0.05125   0.06786        13       640         0         0         0         0         0         0         0
     26/49     4.79G  0.006722  0.009641   0.05125   0.06762        13       640         0         0         0         0         0         0         0
     27/49     4.79G  0.006665  0.009598   0.05107   0.06734        16       640         0         0         0         0         0         0         0
     28/49     4.79G  0.006305  0.009382   0.05062   0.06631        20       640         0         0         0         0         0         0         0
     29/49     4.79G  0.006084  0.009338   0.05025   0.06567        12       640         0         0         0         0         0         0         0
     30/49     4.79G  0.006077  0.009276   0.05025    0.0656        13       640         0         0         0         0         0         0         0
     31/49     4.79G  0.005971  0.009236      0.05    0.0652        16       640         0         0         0         0         0         0         0
     32/49     4.79G  0.005694  0.009059   0.04969   0.06444        14       640         0         0         0         0         0         0         0
     33/49     4.79G  0.005712  0.009236   0.04932   0.06427        14       640         0         0         0         0         0         0         0
     34/49     4.79G  0.005528  0.008935   0.04896   0.06342        20       640         0         0         0         0         0         0         0
     35/49     4.79G  0.005234  0.009022   0.04881   0.06306        16       640         0         0         0         0         0         0         0
     36/49     4.79G  0.005233  0.008947   0.04859   0.06277        15       640         0         0         0         0         0         0         0
     37/49     4.79G  0.005201  0.009054   0.04858   0.06283        18       640         0         0         0         0         0         0         0
     38/49     4.79G  0.005009  0.008888   0.04849   0.06238        15       640         0         0         0         0         0         0         0
     39/49     4.79G  0.005026  0.008771   0.04779   0.06159        13       640         0         0         0         0         0         0         0
     40/49     4.79G  0.004804  0.008756   0.04803   0.06159        13       640         0         0         0         0         0         0         0
     41/49     4.79G  0.004723  0.008697   0.04808    0.0615        15       640         0         0         0         0         0         0         0
     42/49     4.79G  0.004613  0.008647   0.04788   0.06114        13       640         0         0         0         0         0         0         0
     43/49     4.79G  0.004612  0.008788   0.04776   0.06116        15       640         0         0         0         0         0         0         0
     44/49     4.79G  0.004467  0.008609   0.04727   0.06034        13       640         0         0         0         0         0         0         0
     45/49     4.79G  0.004468  0.008627   0.04708   0.06018        12       640         0         0         0         0         0         0         0
     46/49     4.79G  0.004393  0.008405   0.04701   0.05981        14       640         0         0         0         0         0         0         0
     47/49     4.79G   0.00431  0.008555   0.04733    0.0602        15       640         0         0         0         0         0         0         0
     48/49     4.79G  0.004328  0.008525   0.04708   0.05994        23       640         0         0         0         0         0         0         0
     49/49     4.79G  0.004294  0.008541   0.04714   0.05997        18       640    0.4511    0.7784    0.5397    0.5329  0.005092    0.0118   0.04489
      0/49     4.79G   0.05439   0.04128   0.05494    0.1506        14       640         0         0         0         0         0         0         0
      1/49     4.79G   0.02658   0.04027   0.05263    0.1195        16       640         0         0         0         0         0         0         0
      2/49     4.79G   0.03043   0.02759   0.05247    0.1105        20       640         0         0         0         0         0         0         0
      3/49     4.79G   0.03211   0.02324   0.05245    0.1078        20       640         0         0         0         0         0         0         0
      4/49     4.79G   0.02562   0.02073   0.05237   0.09872        15       640         0         0         0         0         0         0         0
      5/49     4.79G   0.01968   0.01878   0.05237   0.09083        14       640         0         0         0         0         0         0         0
      6/49     4.79G    0.0171   0.01688   0.05236   0.08634        15       640         0         0         0         0         0         0         0
      7/49     4.79G   0.01493   0.01566   0.05234   0.08292        23       640         0         0         0         0         0         0         0
      8/49     4.79G   0.01358   0.01441   0.05234   0.08034        15       640         0         0         0         0         0         0         0
      9/49     4.79G   0.01277   0.01336   0.05233   0.07846        15       640         0         0         0         0         0         0         0
     10/49     4.79G   0.01194   0.01262   0.05234   0.07691        16       640         0         0         0         0         0         0         0
     11/49     4.79G   0.01129   0.01227   0.05233   0.07589        15       640         0         0         0         0         0         0         0
     12/49     4.79G   0.01045   0.01148    0.0523   0.07423        14       640         0         0         0         0         0         0         0
     13/49     4.79G   0.01003    0.0114   0.05228   0.07371        16       640         0         0         0         0         0         0         0
     14/49     4.79G  0.009788   0.01094    0.0523   0.07303        12       640         0         0         0         0         0         0         0
     15/49     4.79G  0.009494   0.01087   0.05228   0.07264        12       640         0         0         0         0         0         0         0
     16/49     4.79G  0.009025    0.0106   0.05226   0.07189        14       640         0         0         0         0         0         0         0
     17/49     4.79G  0.008474    0.0106   0.05222   0.07129        19       640         0         0         0         0         0         0         0
     18/49     4.79G  0.008127   0.01023   0.05224   0.07059        16       640         0         0         0         0         0         0         0
     19/49     4.79G  0.007837   0.01018   0.05227   0.07029        12       640         0         0         0         0         0         0         0
     20/49     4.79G  0.007564   0.01004    0.0522    0.0698        14       640         0         0         0         0         0         0         0
     21/49     4.79G  0.007422  0.009923   0.05221   0.06956        16       640         0         0         0         0         0         0         0
     22/49     4.79G  0.007126  0.009734   0.05213   0.06899        21       640         0         0         0         0         0         0         0
     23/49     4.79G  0.006764  0.009661    0.0521   0.06852        16       640         0         0         0         0         0         0         0
     24/49     4.79G   0.00675  0.009338   0.05198   0.06807        15       640         0         0         0         0         0         0         0
     25/49     4.79G  0.006465  0.009148   0.05165   0.06726        15       640         0         0         0         0         0         0         0
     26/49     4.79G  0.006089  0.009087   0.05121   0.06638        15       640         0         0         0         0         0         0         0
     27/49     4.79G  0.006271  0.009072   0.05073   0.06607        13       640         0         0         0         0         0         0         0
     28/49     4.79G  0.006125   0.00893   0.05009   0.06514        16       640         0         0         0         0         0         0         0
     29/49     4.79G  0.005956  0.008867   0.04953   0.06435        12       640         0         0         0         0         0         0         0
     30/49     4.79G  0.005943   0.00883    0.0491   0.06387        12       640         0         0         0         0         0         0         0
     31/49     4.79G  0.005655    0.0089   0.04882   0.06338        21       640         0         0         0         0         0         0         0
     32/49     4.79G  0.005687  0.008656   0.04833   0.06267        15       640         0         0         0         0         0         0         0
     33/49     4.79G  0.005536  0.008747   0.04791   0.06219        15       640         0         0         0         0         0         0         0
     34/49     4.79G  0.005445  0.008585   0.04752   0.06155        18       640         0         0         0         0         0         0         0
     35/49     4.79G  0.005084  0.008568   0.04748   0.06113        12       640         0         0         0         0         0         0         0
     36/49     4.79G  0.005113  0.008465   0.04702    0.0606        13       640         0         0         0         0         0         0         0
     37/49     4.79G  0.004961  0.008505   0.04702   0.06048        15       640         0         0         0         0         0         0         0
     38/49     4.79G  0.004729  0.008524    0.0468   0.06005        18       640         0         0         0         0         0         0         0
     39/49     4.79G  0.004725  0.008367   0.04631    0.0594        15       640         0         0         0         0         0         0         0
     40/49     4.79G  0.004531  0.008296   0.04631   0.05914        18       640         0         0         0         0         0         0         0
     41/49     4.79G  0.004405  0.008435   0.04622   0.05906        16       640         0         0         0         0         0         0         0
     42/49     4.79G  0.004324  0.008236   0.04617   0.05873        12       640         0         0         0         0         0         0         0
     43/49     4.79G  0.004268  0.008227   0.04612   0.05862        16       640         0         0         0         0         0         0         0
     44/49     4.79G  0.004166  0.008063   0.04567   0.05789        15       640         0         0         0         0         0         0         0
     45/49     4.79G  0.004174  0.008158   0.04541   0.05774        18       640         0         0         0         0         0         0         0
     46/49     4.79G  0.004034  0.008017   0.04561   0.05766        16       640         0         0         0         0         0         0         0
     47/49     4.79G  0.004003  0.008131   0.04567    0.0578        21       640         0         0         0         0         0         0         0
     48/49     4.79G   0.00401  0.008034    0.0453   0.05735        21       640         0         0         0         0         0         0         0
     49/49     4.79G  0.003981  0.008051   0.04537    0.0574        19       640     0.353    0.7919    0.4213    0.4155  0.004262   0.01232   0.04433
      0/49      4.8G   0.07804   0.03581   0.08409    0.1979        15       640         0         0         0         0         0         0         0
      1/49      4.8G   0.03807     0.043   0.07718    0.1582        13       640         0         0         0         0         0         0         0
      2/49      4.8G   0.02693   0.04161   0.07594    0.1445        15       640         0         0         0         0         0         0         0
      3/49      4.8G   0.02811   0.03508   0.07573    0.1389        15       640         0         0         0         0         0         0         0
      4/49      4.8G   0.02619   0.02922   0.07567    0.1311        14       640         0         0         0         0         0         0         0
      5/49      4.8G   0.02151   0.02223   0.07565    0.1194        16       640         0         0         0         0         0         0         0
      6/49      4.8G   0.01616   0.01767   0.07559    0.1094        13       640         0         0         0         0         0         0         0
      7/49      4.8G   0.01278   0.01534   0.07554    0.1037        14       640         0         0         0         0         0         0         0
      8/49      4.8G   0.01151   0.01415   0.07547    0.1011        15       640         0         0         0         0         0         0         0
      9/49      4.8G   0.01045   0.01317   0.07547   0.09908        14       640         0         0         0         0         0         0         0
     10/49      4.8G  0.009746   0.01224   0.07543   0.09741        13       640         0         0         0         0         0         0         0
     11/49      4.8G  0.008914   0.01144   0.07546   0.09581        17       640         0         0         0         0         0         0         0
     12/49      4.8G   0.00854   0.01092   0.07543   0.09489        20       640         0         0         0         0         0         0         0
     13/49      4.8G  0.007885   0.01044   0.07544   0.09376        13       640         0         0         0         0         0         0         0
     14/49      4.8G  0.007512   0.01032   0.07541   0.09324        18       640         0         0         0         0         0         0         0
     15/49      4.8G  0.007348   0.01002   0.07538   0.09274        12       640         0         0         0         0         0         0         0
     16/49      4.8G  0.006789  0.009688   0.07538   0.09186        14       640         0         0         0         0         0         0         0
     17/49      4.8G  0.006916  0.009662   0.07537   0.09195        20       640         0         0         0         0         0         0         0
     18/49      4.8G  0.006612  0.009454   0.07536   0.09143        13       640         0         0         0         0         0         0         0
     19/49      4.8G  0.006429  0.009426   0.07536   0.09121        12       640         0         0         0         0         0         0         0
     20/49      4.8G  0.005877  0.008875   0.07537   0.09012        18       640         0         0         0         0         0         0         0
     21/49      4.8G  0.005962   0.00877   0.07537    0.0901        14       640         0         0         0         0         0         0         0
     22/49      4.8G  0.005575  0.008295   0.07536   0.08923        15       640         0         0         0         0         0         0         0
     23/49      4.8G  0.005668  0.008348   0.07536   0.08938        12       640         0         0         0         0         0         0         0
     24/49      4.8G  0.005364  0.008197   0.07535   0.08891        21       640         0         0         0         0         0         0         0
     25/49      4.8G  0.005122  0.008063   0.07532    0.0885        15       640         0         0         0         0         0         0         0
     26/49      4.8G  0.004981  0.007995   0.07537   0.08835        18       640         0         0         0         0         0         0         0
     27/49      4.8G  0.004806  0.007929   0.07535   0.08808        17       640         0         0         0         0         0         0         0
     28/49      4.8G  0.004712  0.007914   0.07532   0.08795        17       640         0         0         0         0         0         0         0
     29/49      4.8G  0.004374  0.007622   0.07534   0.08733        17       640         0         0         0         0         0         0         0
     30/49      4.8G  0.004335  0.007706   0.07534   0.08739        13       640         0         0         0         0         0         0         0
     31/49      4.8G  0.004258   0.00746   0.07536   0.08707        22       640         0         0         0         0         0         0         0
     32/49      4.8G  0.004026  0.007384   0.07533   0.08674        16       640         0         0         0         0         0         0         0
     33/49      4.8G  0.003893  0.007304    0.0753    0.0865        16       640         0         0         0         0         0         0         0
     34/49      4.8G   0.00389  0.007373   0.07533   0.08659        16       640         0         0         0         0         0         0         0
     35/49      4.8G  0.003665  0.007322   0.07531    0.0863        15       640         0         0         0         0         0         0         0
     36/49      4.8G  0.003582  0.007135   0.07528     0.086        16       640         0         0         0         0         0         0         0
     37/49      4.8G  0.003473   0.00711   0.07526   0.08584        17       640         0         0         0         0         0         0         0
     38/49      4.8G  0.003361  0.006999   0.07526   0.08562        17       640         0         0         0         0         0         0         0
     39/49      4.8G   0.00332  0.007028   0.07528   0.08562        15       640         0         0         0         0         0         0         0
     40/49      4.8G  0.003261  0.007105   0.07532   0.08569        15       640         0         0         0         0         0         0         0
     41/49      4.8G    0.0032  0.007016   0.07524   0.08546        16       640         0         0         0         0         0         0         0
     42/49      4.8G  0.003036  0.006757   0.07526   0.08506        13       640         0         0         0         0         0         0         0
     43/49      4.8G  0.003142  0.006952   0.07527   0.08536        15       640         0         0         0         0         0         0         0
     44/49      4.8G  0.002985  0.006825   0.07521   0.08502        21       640         0         0         0         0         0         0         0
     45/49      4.8G  0.003024  0.006844   0.07519   0.08506        12       640         0         0         0         0         0         0         0
     46/49      4.8G   0.00296  0.006782   0.07512   0.08486        16       640         0         0         0         0         0         0         0
     47/49      4.8G  0.002933  0.006815   0.07512   0.08487        16       640         0         0         0         0         0         0         0
     48/49      4.8G  0.002949  0.006718   0.07507   0.08473        12       640         0         0         0         0         0         0         0
     49/49      4.8G  0.002914  0.006756   0.07505   0.08472        13       640    0.2234    0.8279    0.2597    0.2579  0.004081   0.01148   0.07476
      0/49     4.79G   0.06815   0.04244   0.05939      0.17        13       640         0         0         0         0         0         0         0
      1/49     4.79G   0.03252   0.04771   0.05586    0.1361        21       640         0         0         0         0         0         0         0
      2/49     4.79G   0.03246   0.03772   0.05548    0.1257        14       640         0         0         0         0         0         0         0
      3/49     4.79G    0.0368   0.02946   0.05537    0.1216        19       640         0         0         0         0         0         0         0
      4/49     4.79G    0.0289   0.02523   0.05529    0.1094        15       640         0         0         0         0         0         0         0
      5/49     4.79G    0.0215    0.0211   0.05526   0.09786        16       640         0         0         0         0         0         0         0
      6/49     4.79G   0.01683   0.01795   0.05527   0.09006        18       640         0         0         0         0         0         0         0
      7/49     4.79G   0.01473    0.0158   0.05525   0.08578        18       640         0         0         0         0         0         0         0
      8/49     4.79G   0.01303   0.01412   0.05521   0.08236        16       640         0         0         0         0         0         0         0
      9/49     4.79G   0.01165   0.01318    0.0552   0.08004        15       640         0         0         0         0         0         0         0
     10/49     4.79G   0.01039   0.01252   0.05519    0.0781        12       640         0         0         0         0         0         0         0
     11/49     4.79G   0.01018   0.01216   0.05516   0.07749        20       640         0         0         0         0         0         0         0
     12/49     4.79G  0.009245   0.01158   0.05512   0.07594        14       640         0         0         0         0         0         0         0
     13/49     4.79G  0.008939   0.01156    0.0551   0.07559        22       640         0         0         0         0         0         0         0
     14/49     4.79G  0.008712   0.01108   0.05506   0.07485        20       640         0         0         0         0         0         0         0
     15/49     4.79G  0.008166   0.01099   0.05479   0.07395        12       640         0         0         0         0         0         0         0
     16/49     4.79G  0.007735   0.01089    0.0543   0.07292        17       640         0         0         0         0         0         0         0
     17/49     4.79G  0.007842   0.01079   0.05307    0.0717        12       640         0         0         0         0         0         0         0
     18/49     4.79G  0.007696   0.01065   0.05212   0.07046        14       640         0         0         0         0         0         0         0
     19/49     4.79G  0.007632   0.01052   0.05133   0.06948        17       640         0         0         0         0         0         0         0
     20/49     4.79G  0.007597   0.01046   0.05063   0.06868        22       640         0         0         0         0         0         0         0
     21/49     4.79G  0.007146   0.01007   0.04994   0.06716        13       640         0         0         0         0         0         0         0
     22/49     4.79G  0.006748   0.01011   0.04949   0.06635        21       640         0         0         0         0         0         0         0
     23/49     4.79G  0.006981  0.009965    0.0491   0.06605        14       640         0         0         0         0         0         0         0
     24/49     4.79G  0.006595   0.00974    0.0484   0.06473        14       640         0         0         0         0         0         0         0
     25/49     4.79G  0.006208  0.009587   0.04813   0.06392        16       640         0         0         0         0         0         0         0
     26/49     4.79G  0.005931  0.009466    0.0479   0.06329        15       640         0         0         0         0         0         0         0
     27/49     4.79G  0.006011  0.009481   0.04758   0.06308        18       640         0         0         0         0         0         0         0
     28/49     4.79G  0.005545  0.009398   0.04726   0.06221        19       640         0         0         0         0         0         0         0
     29/49     4.79G   0.00541  0.009379   0.04711    0.0619        16       640         0         0         0         0         0         0         0
     30/49     4.79G  0.005403  0.009121   0.04698    0.0615        13       640         0         0         0         0         0         0         0
     31/49     4.79G  0.005115  0.009029   0.04681   0.06096        13       640         0         0         0         0         0         0         0
     32/49     4.79G  0.004935  0.008924   0.04648   0.06034        13       640         0         0         0         0         0         0         0
     33/49     4.79G  0.004955  0.008952   0.04635   0.06026        21       640         0         0         0         0         0         0         0
     34/49     4.79G  0.004721  0.008697   0.04584   0.05925        14       640         0         0         0         0         0         0         0
     35/49     4.79G  0.004535  0.008568   0.04621   0.05932        16       640         0         0         0         0         0         0         0
     36/49     4.79G   0.00448  0.008842   0.04587   0.05919        16       640         0         0         0         0         0         0         0
     37/49     4.79G  0.004303  0.008718   0.04589   0.05891        12       640         0         0         0         0         0         0         0
     38/49     4.79G  0.004242  0.008551   0.04574   0.05854        18       640         0         0         0         0         0         0         0
     39/49     4.79G  0.004064  0.008542   0.04559   0.05819        13       640         0         0         0         0         0         0         0
     40/49     4.79G  0.004073  0.008357   0.04547    0.0579        22       640         0         0         0         0         0         0         0
     41/49     4.79G   0.00386  0.008371    0.0455   0.05773        13       640         0         0         0         0         0         0         0
     42/49     4.79G  0.003804  0.008308   0.04549   0.05761        15       640         0         0         0         0         0         0         0
     43/49     4.79G  0.003722  0.008269     0.045   0.05699        17       640         0         0         0         0         0         0         0
     44/49     4.79G  0.003733  0.008399   0.04493   0.05706        14       640         0         0         0         0         0         0         0
     45/49     4.79G  0.003644   0.00815   0.04488   0.05668        14       640         0         0         0         0         0         0         0
     46/49     4.79G  0.003666  0.008203    0.0448   0.05667        19       640         0         0         0         0         0         0         0
     47/49     4.79G   0.00359  0.008211   0.04479   0.05659        20       640         0         0         0         0         0         0         0
     48/49     4.79G  0.003531  0.008217   0.04469   0.05644        19       640         0         0         0         0         0         0         0
     49/49     4.79G  0.003502  0.008124   0.04454   0.05617        13       640    0.3905    0.8098    0.4987     0.493   0.00419   0.01305   0.04282
      0/49      4.8G   0.04057   0.03459    0.0608     0.136        19       640         0         0         0         0         0         0         0
      1/49      4.8G   0.01649    0.0345   0.05818    0.1092        15       640         0         0         0         0         0         0         0
      2/49      4.8G   0.01743   0.02394   0.05811   0.09948        21       640         0         0         0         0         0         0         0
      3/49      4.8G   0.01924   0.01908   0.05805   0.09637        16       640         0         0         0         0         0         0         0
      4/49      4.8G    0.0154   0.01609   0.05796   0.08945        14       640         0         0         0         0         0         0         0
      5/49      4.8G   0.01112   0.01377   0.05795   0.08285        18       640         0         0         0         0         0         0         0
      6/49      4.8G  0.008411   0.01178    0.0579   0.07808        13       640         0         0         0         0         0         0         0
      7/49      4.8G  0.007452   0.01045   0.05791   0.07581        18       640         0         0         0         0         0         0         0
      8/49      4.8G  0.006521  0.009594   0.05787   0.07399        15       640         0         0         0         0         0         0         0
      9/49      4.8G  0.006287  0.009057   0.05787   0.07321        13       640         0         0         0         0         0         0         0
     10/49      4.8G  0.005674  0.008682   0.05782   0.07218        17       640         0         0         0         0         0         0         0
     11/49      4.8G  0.005257   0.00817   0.05783   0.07126        18       640         0         0         0         0         0         0         0
     12/49      4.8G  0.004968  0.007999   0.05779   0.07076        22       640         0         0         0         0         0         0         0
     13/49      4.8G  0.004761  0.007883   0.05783   0.07047        21       640         0         0         0         0         0         0         0
     14/49      4.8G  0.004468  0.007464   0.05779   0.06973        16       640         0         0         0         0         0         0         0
     15/49      4.8G  0.004271  0.007355   0.05776   0.06939        15       640         0         0         0         0         0         0         0
     16/49      4.8G  0.004329   0.00716   0.05776   0.06925        15       640         0         0         0         0         0         0         0
     17/49      4.8G  0.004004  0.007074   0.05778   0.06886        15       640         0         0         0         0         0         0         0
     18/49      4.8G  0.003977  0.006798   0.05777   0.06855        19       640         0         0         0         0         0         0         0
     19/49      4.8G  0.003876  0.006904   0.05774   0.06852        16       640         0         0         0         0         0         0         0
     20/49      4.8G  0.003698  0.006775   0.05771   0.06818        19       640         0         0         0         0         0         0         0
     21/49      4.8G  0.003527  0.006539   0.05772   0.06778        15       640         0         0         0         0         0         0         0
     22/49      4.8G  0.003431  0.006475   0.05766   0.06756        18       640         0         0         0         0         0         0         0
     23/49      4.8G  0.003376   0.00652   0.05766   0.06755        22       640         0         0         0         0         0         0         0
     24/49      4.8G  0.003352  0.006479   0.05758   0.06741        22       640         0         0         0         0         0         0         0
     25/49      4.8G  0.003178  0.006318   0.05748   0.06697        17       640         0         0         0         0         0         0         0
     26/49      4.8G    0.0031  0.006302   0.05718   0.06658        15       640         0         0         0         0         0         0         0
     27/49      4.8G  0.003184  0.006418   0.05619   0.06579        17       640         0         0         0         0         0         0         0
     28/49      4.8G  0.003281  0.006691   0.05486   0.06484        17       640         0         0         0         0         0         0         0
     29/49      4.8G  0.003341  0.006817   0.05385   0.06401        17       640         0         0         0         0         0         0         0
     30/49      4.8G  0.003214  0.006713   0.05289   0.06281        15       640         0         0         0         0         0         0         0
     31/49      4.8G  0.003151  0.006669   0.05181   0.06163        16       640         0         0         0         0         0         0         0
     32/49      4.8G  0.003077  0.006916   0.05105   0.06104        20       640         0         0         0         0         0         0         0
     33/49      4.8G  0.003056  0.006769   0.05078   0.06061        13       640         0         0         0         0         0         0         0
     34/49      4.8G   0.00301  0.006664   0.04999   0.05966        18       640         0         0         0         0         0         0         0
     35/49      4.8G  0.002949  0.006644   0.04958   0.05918        13       640         0         0         0         0         0         0         0
     36/49      4.8G  0.002892  0.006572   0.04928   0.05874        16       640         0         0         0         0         0         0         0
     37/49      4.8G  0.002826  0.006492   0.04896   0.05828        16       640         0         0         0         0         0         0         0
     38/49      4.8G  0.002794  0.006496   0.04885   0.05814        20       640         0         0         0         0         0         0         0
     39/49      4.8G  0.002728  0.006509    0.0486   0.05784        21       640         0         0         0         0         0         0         0
     40/49      4.8G  0.002633  0.006406   0.04831   0.05735        12       640         0         0         0         0         0         0         0
     41/49      4.8G   0.00262  0.006359   0.04803     0.057        15       640         0         0         0         0         0         0         0
     42/49      4.8G  0.002617  0.006337   0.04797   0.05692        18       640         0         0         0         0         0         0         0
     43/49      4.8G  0.002529  0.006248   0.04754   0.05631        22       640         0         0         0         0         0         0         0
     44/49      4.8G  0.002549   0.00626   0.04714   0.05595        25       640         0         0         0         0         0         0         0
     45/49      4.8G   0.00255  0.006445   0.04737   0.05636        17       640         0         0         0         0         0         0         0
     46/49      4.8G  0.002496  0.006171   0.04663   0.05529        15       640         0         0         0         0         0         0         0
     47/49      4.8G  0.002498  0.006167   0.04659   0.05525        15       640         0         0         0         0         0         0         0
     48/49      4.8G   0.00248  0.006196    0.0466   0.05528        15       640         0         0         0         0         0         0         0
     49/49      4.8G  0.002464  0.006118   0.04583   0.05442        15       640    0.4262    0.7528    0.5004    0.4937  0.002885   0.01061   0.04463
      0/49      4.8G   0.06183   0.03915   0.06643    0.1674        15       640         0         0         0         0         0         0         0
      1/49      4.8G   0.02574   0.04244    0.0624    0.1306        16       640         0         0         0         0         0         0         0
      2/49      4.8G   0.02634   0.03214   0.06221    0.1207        20       640         0         0         0         0         0         0         0
      3/49      4.8G   0.02989    0.0257   0.06212    0.1177        15       640         0         0         0         0         0         0         0
      4/49      4.8G   0.02535   0.02212   0.06209    0.1096        13       640         0         0         0         0         0         0         0
      5/49      4.8G   0.01958   0.01895   0.06204    0.1006        14       640         0         0         0         0         0         0         0
      6/49      4.8G   0.01623   0.01676   0.06202   0.09501        16       640         0         0         0         0         0         0         0
      7/49      4.8G   0.01461   0.01527   0.06202   0.09189        16       640         0         0         0         0         0         0         0
      8/49      4.8G   0.01275   0.01425   0.06197   0.08897        12       640         0         0         0         0         0         0         0
      9/49      4.8G   0.01213   0.01368   0.06197   0.08777        18       640         0         0         0         0         0         0         0
     10/49      4.8G   0.01207   0.01257   0.06195   0.08658        14       640         0         0         0         0         0         0         0
     11/49      4.8G   0.01058    0.0119   0.06197   0.08445        16       640         0         0         0         0         0         0         0
     12/49      4.8G   0.01001   0.01138   0.06193   0.08332        18       640         0         0         0         0         0         0         0
     13/49      4.8G  0.009729   0.01107   0.06194   0.08273        21       640         0         0         0         0         0         0         0
     14/49      4.8G  0.009287   0.01091   0.06192   0.08212        22       640         0         0         0         0         0         0         0
     15/49      4.8G  0.008809    0.0105   0.06192   0.08123        13       640         0         0         0         0         0         0         0
     16/49      4.8G  0.008389   0.01036   0.06189   0.08064        17       640         0         0         0         0         0         0         0
     17/49      4.8G  0.007973   0.01018   0.06189   0.08005        15       640         0         0         0         0         0         0         0
     18/49      4.8G  0.007692   0.01002   0.06191   0.07963        20       640         0         0         0         0         0         0         0
     19/49      4.8G  0.007614  0.009817    0.0619   0.07933        17       640         0         0         0         0         0         0         0
     20/49      4.8G   0.00701  0.009581   0.06186   0.07845        18       640         0         0         0         0         0         0         0
     21/49      4.8G  0.007192  0.009688   0.06191   0.07879        12       640         0         0         0         0         0         0         0
     22/49      4.8G  0.006767  0.009444   0.06187   0.07808        15       640         0         0         0         0         0         0         0
     23/49      4.8G  0.006566  0.009473   0.06189   0.07793        20       640         0         0         0         0         0         0         0
     24/49      4.8G  0.006373  0.009219   0.06187   0.07746        15       640         0         0         0         0         0         0         0
     25/49      4.8G  0.006304  0.009235   0.06187   0.07741        16       640         0         0         0         0         0         0         0
     26/49      4.8G  0.005734  0.008801   0.06185   0.07639        15       640         0         0         0         0         0         0         0
     27/49      4.8G  0.005746  0.008574   0.06187   0.07619        16       640         0         0         0         0         0         0         0
     28/49      4.8G  0.005589  0.008581   0.06187   0.07604        21       640         0         0         0         0         0         0         0
     29/49      4.8G  0.005502  0.008476   0.06187   0.07585        15       640         0         0         0         0         0         0         0
     30/49      4.8G  0.005155  0.008277   0.06186   0.07529        15       640         0         0         0         0         0         0         0
     31/49      4.8G  0.005131  0.008032   0.06186   0.07503        18       640         0         0         0         0         0         0         0
     32/49      4.8G  0.004738  0.008009   0.06187   0.07461        14       640         0         0         0         0         0         0         0
     33/49      4.8G  0.004751  0.007997   0.06185    0.0746        18       640         0         0         0         0         0         0         0
     34/49      4.8G  0.004675  0.008022   0.06185   0.07455        15       640         0         0         0         0         0         0         0
     35/49      4.8G   0.00449  0.007755   0.06183   0.07408        13       640         0         0         0         0         0         0         0
     36/49      4.8G  0.004277  0.007619   0.06185   0.07374        16       640         0         0         0         0         0         0         0
     37/49      4.8G  0.004291  0.007728   0.06186   0.07388        13       640         0         0         0         0         0         0         0
     38/49      4.8G  0.004142  0.007719   0.06186   0.07372        15       640         0         0         0         0         0         0         0
     39/49      4.8G  0.003936  0.007639   0.06185   0.07343        17       640         0         0         0         0         0         0         0
     40/49      4.8G  0.003942  0.007467   0.06184   0.07325        15       640         0         0         0         0         0         0         0
     41/49      4.8G  0.003817  0.007416   0.06181   0.07305        13       640         0         0         0         0         0         0         0
     42/49      4.8G  0.003777  0.007422   0.06186   0.07306        12       640         0         0         0         0         0         0         0
     43/49      4.8G  0.003658  0.007305   0.06184    0.0728        16       640         0         0         0         0         0         0         0
     44/49      4.8G  0.003718  0.007355   0.06188   0.07295        14       640         0         0         0         0         0         0         0
     45/49      4.8G  0.003607  0.007351   0.06185   0.07281        17       640         0         0         0         0         0         0         0
     46/49      4.8G   0.00354   0.00719   0.06184   0.07257        16       640         0         0         0         0         0         0         0
     47/49      4.8G  0.003461  0.007183   0.06185   0.07249        16       640         0         0         0         0         0         0         0
     48/49      4.8G  0.003436  0.007252   0.06185   0.07254        13       640         0         0         0         0         0         0         0
     49/49      4.8G   0.00339  0.007043   0.06184   0.07228        13       640    0.2004    0.9965     0.217    0.2148  0.004058   0.01288   0.06183
      0/49     4.79G   0.06213   0.03917    0.0665    0.1678        13       640         0         0         0         0         0         0         0
      1/49     4.79G   0.02982   0.04136   0.06296    0.1341        16       640         0         0         0         0         0         0         0
      2/49     4.79G   0.03242   0.03054   0.06269    0.1256        20       640         0         0         0         0         0         0         0
      3/49     4.79G   0.03504   0.02518   0.06265    0.1229        20       640         0         0         0         0         0         0         0
      4/49     4.79G   0.02762   0.02192   0.06252    0.1121        12       640         0         0         0         0         0         0         0
      5/49     4.79G   0.02112   0.01923   0.06256    0.1029        15       640         0         0         0         0         0         0         0
      6/49     4.79G   0.01765   0.01667   0.06254   0.09686        13       640         0         0         0         0         0         0         0
      7/49     4.79G   0.01481   0.01511   0.06251   0.09243        16       640         0         0         0         0         0         0         0
      8/49     4.79G   0.01366   0.01385   0.06246   0.08997        14       640         0         0         0         0         0         0         0
      9/49     4.79G   0.01253   0.01308   0.06247   0.08809        15       640         0         0         0         0         0         0         0
     10/49     4.79G   0.01182   0.01213   0.06242   0.08637        13       640         0         0         0         0         0         0         0
     11/49     4.79G   0.01108   0.01167   0.06238   0.08512        16       640         0         0         0         0         0         0         0
     12/49     4.79G   0.01055   0.01106   0.06222   0.08383        15       640         0         0         0         0         0         0         0
     13/49     4.79G   0.01013   0.01121   0.06157   0.08291        20       640         0         0         0         0         0         0         0
     14/49     4.79G   0.01045   0.01099   0.06027   0.08171        20       640         0         0         0         0         0         0         0
     15/49     4.79G  0.009665   0.01087   0.05871   0.07925        12       640         0         0         0         0         0         0         0
     16/49     4.79G  0.009494    0.0107   0.05765   0.07785        15       640         0         0         0         0         0         0         0
     17/49     4.79G  0.008977   0.01079   0.05657   0.07633        12       640         0         0         0         0         0         0         0
     18/49     4.79G  0.008728   0.01068   0.05572   0.07513        18       640         0         0         0         0         0         0         0
     19/49     4.79G  0.008244   0.01041   0.05529   0.07395        22       640         0         0         0         0         0         0         0
     20/49     4.79G  0.008276   0.01031    0.0546   0.07318        12       640         0         0         0         0         0         0         0
     21/49     4.79G  0.008042   0.01021   0.05408   0.07233        20       640         0         0         0         0         0         0         0
     22/49     4.79G  0.007679  0.009941   0.05377   0.07139        13       640         0         0         0         0         0         0         0
     23/49     4.79G  0.007361   0.01003   0.05336   0.07075        14       640         0         0         0         0         0         0         0
     24/49     4.79G  0.007434  0.009716   0.05309   0.07024        15       640         0         0         0         0         0         0         0
     25/49     4.79G  0.006887  0.009697   0.05311   0.06969        13       640         0         0         0         0         0         0         0
     26/49     4.79G  0.006517  0.009623   0.05286     0.069        13       640         0         0         0         0         0         0         0
     27/49     4.79G  0.006676  0.009579   0.05277   0.06902        16       640         0         0         0         0         0         0         0
     28/49     4.79G  0.006293  0.009364   0.05224    0.0679        20       640         0         0         0         0         0         0         0
     29/49     4.79G  0.006194  0.009301   0.05207   0.06757        12       640         0         0         0         0         0         0         0
     30/49     4.79G  0.005948   0.00927   0.05179   0.06701        13       640         0         0         0         0         0         0         0
     31/49     4.79G  0.005949  0.009279   0.05173   0.06695        16       640         0         0         0         0         0         0         0
     32/49     4.79G  0.005747  0.009054   0.05133   0.06614        14       640         0         0         0         0         0         0         0
     33/49     4.79G  0.005655  0.009191   0.05108   0.06593        14       640         0         0         0         0         0         0         0
     34/49     4.79G  0.005463  0.008949   0.05085   0.06527        20       640         0         0         0         0         0         0         0
     35/49     4.79G  0.005148   0.00896   0.05076   0.06486        16       640         0         0         0         0         0         0         0
     36/49     4.79G  0.005087  0.008951    0.0509   0.06493        15       640         0         0         0         0         0         0         0
     37/49     4.79G  0.005101  0.008982    0.0505   0.06459        18       640         0         0         0         0         0         0         0
     38/49     4.79G  0.004853  0.008754   0.05022   0.06382        15       640         0         0         0         0         0         0         0
     39/49     4.79G  0.004857   0.00881    0.0498   0.06347        13       640         0         0         0         0         0         0         0
     40/49     4.79G  0.004726  0.008689   0.04964   0.06305        13       640         0         0         0         0         0         0         0
     41/49     4.79G  0.004568  0.008567   0.04953   0.06266        15       640         0         0         0         0         0         0         0
     42/49     4.79G  0.004421  0.008438   0.04965   0.06251        13       640         0         0         0         0         0         0         0
     43/49     4.79G   0.00445   0.00849   0.04946    0.0624        15       640         0         0         0         0         0         0         0
     44/49     4.79G  0.004338   0.00827   0.04909    0.0617        13       640         0         0         0         0         0         0         0
     45/49     4.79G  0.004343  0.008249   0.04889   0.06148        12       640         0         0         0         0         0         0         0
     46/49     4.79G  0.004261  0.008094   0.04895   0.06131        14       640         0         0         0         0         0         0         0
     47/49     4.79G  0.004245  0.008243   0.04896   0.06145        15       640         0         0         0         0         0         0         0
     48/49     4.79G  0.004176  0.008149   0.04875   0.06108        24       640         0         0         0         0         0         0         0
     49/49     4.79G  0.004137  0.008135   0.04871   0.06099        18       640    0.4455    0.7535    0.5172    0.5111  0.004678   0.01169   0.04729
      0/49      4.8G   0.06503   0.04082   0.06946    0.1753        12       640         0         0         0         0         0         0         0
      1/49      4.8G   0.02699   0.04343   0.06518    0.1356        16       640         0         0         0         0         0         0         0
      2/49      4.8G   0.02845   0.03162   0.06495     0.125        12       640         0         0         0         0         0         0         0
      3/49      4.8G   0.03214   0.02548   0.06488    0.1225        13       640         0         0         0         0         0         0         0
      4/49      4.8G   0.02476   0.02108   0.06477    0.1106        20       640         0         0         0         0         0         0         0
      5/49      4.8G     0.018    0.0177   0.06477    0.1005        27       640         0         0         0         0         0         0         0
      6/49      4.8G   0.01338   0.01504   0.06469   0.09311        17       640         0         0         0         0         0         0         0
      7/49      4.8G   0.01166   0.01307   0.06467   0.08939        18       640         0         0         0         0         0         0         0
      8/49      4.8G   0.01043     0.012   0.06466   0.08709        18       640         0         0         0         0         0         0         0
      9/49      4.8G  0.009343   0.01127    0.0646   0.08521        19       640         0         0         0         0         0         0         0
     10/49      4.8G  0.008465    0.0107   0.06462   0.08379        12       640         0         0         0         0         0         0         0
     11/49      4.8G  0.007984    0.0105   0.06461    0.0831        16       640         0         0         0         0         0         0         0
     12/49      4.8G  0.007651  0.009916    0.0646   0.08217        12       640         0         0         0         0         0         0         0
     13/49      4.8G  0.007352  0.009642   0.06458   0.08157        14       640         0         0         0         0         0         0         0
     14/49      4.8G  0.007049  0.009244   0.06458   0.08087        20       640         0         0         0         0         0         0         0
     15/49      4.8G  0.006728  0.009038   0.06457   0.08034        20       640         0         0         0         0         0         0         0
     16/49      4.8G  0.006437  0.008776   0.06457   0.07978        19       640         0         0         0         0         0         0         0
     17/49      4.8G  0.006447  0.008715   0.06457   0.07973        16       640         0         0         0         0         0         0         0
     18/49      4.8G  0.006134  0.008488   0.06456   0.07918        21       640         0         0         0         0         0         0         0
     19/49      4.8G  0.005777  0.008269   0.06458   0.07863        17       640         0         0         0         0         0         0         0
     20/49      4.8G  0.005783  0.008359   0.06458   0.07872        14       640         0         0         0         0         0         0         0
     21/49      4.8G  0.005491  0.008227   0.06457   0.07829        19       640         0         0         0         0         0         0         0
     22/49      4.8G   0.00538  0.007962   0.06456    0.0779        18       640         0         0         0         0         0         0         0
     23/49      4.8G  0.005085  0.007866   0.06456   0.07751        20       640         0         0         0         0         0         0         0
     24/49      4.8G  0.004787  0.007829   0.06458   0.07719        12       640         0         0         0         0         0         0         0
     25/49      4.8G   0.00473  0.007703   0.06455   0.07698        16       640         0         0         0         0         0         0         0
     26/49      4.8G  0.004357  0.007619   0.06455   0.07653        21       640         0         0         0         0         0         0         0
     27/49      4.8G  0.004396  0.007467   0.06455   0.07641        23       640         0         0         0         0         0         0         0
     28/49      4.8G  0.004256  0.007318   0.06453    0.0761        14       640         0         0         0         0         0         0         0
     29/49      4.8G  0.004063  0.007401   0.06454     0.076        20       640         0         0         0         0         0         0         0
     30/49      4.8G  0.003905  0.007221    0.0645   0.07563        22       640         0         0         0         0         0         0         0
     31/49      4.8G  0.003791  0.007049   0.06453   0.07537        15       640         0         0         0         0         0         0         0
     32/49      4.8G   0.00364  0.007051    0.0645   0.07519        21       640         0         0         0         0         0         0         0
     33/49      4.8G  0.003647  0.007141   0.06453   0.07532        17       640         0         0         0         0         0         0         0
     34/49      4.8G  0.003427   0.00693   0.06451   0.07486        18       640         0         0         0         0         0         0         0
     35/49      4.8G  0.003279  0.006805    0.0645   0.07459        25       640         0         0         0         0         0         0         0
     36/49      4.8G  0.003313   0.00673    0.0645   0.07454        15       640         0         0         0         0         0         0         0
     37/49      4.8G  0.003151  0.006732   0.06449   0.07437        20       640         0         0         0         0         0         0         0
     38/49      4.8G  0.003113  0.006639   0.06448   0.07424        15       640         0         0         0         0         0         0         0
     39/49      4.8G  0.002986  0.006704   0.06452   0.07421        16       640         0         0         0         0         0         0         0
     40/49      4.8G  0.002925  0.006606   0.06443   0.07396        20       640         0         0         0         0         0         0         0
     41/49      4.8G  0.002866  0.006557   0.06447   0.07389        22       640         0         0         0         0         0         0         0
     42/49      4.8G  0.002761  0.006448   0.06448   0.07369        19       640         0         0         0         0         0         0         0
     43/49      4.8G  0.002695  0.006364   0.06444    0.0735        20       640         0         0         0         0         0         0         0
     44/49      4.8G  0.002667  0.006384   0.06444   0.07349        17       640         0         0         0         0         0         0         0
     45/49      4.8G  0.002649  0.006336   0.06445   0.07343        15       640         0         0         0         0         0         0         0
     46/49      4.8G  0.002593  0.006272   0.06441   0.07327        13       640         0         0         0         0         0         0         0
     47/49      4.8G  0.002608  0.006299    0.0644   0.07331        12       640         0         0         0         0         0         0         0
     48/49      4.8G  0.002534  0.006121    0.0644   0.07306        16       640         0         0         0         0         0         0         0
     49/49      4.8G   0.00258  0.006269   0.06434   0.07319        13       640    0.2231    0.8464    0.2552    0.2528  0.004118   0.01409   0.06437
      0/49      4.8G   0.06581   0.03973   0.06649     0.172        15       640         0         0         0         0         0         0         0
      1/49      4.8G   0.02781   0.04345   0.06241    0.1337        16       640         0         0         0         0         0         0         0
      2/49      4.8G   0.02826   0.03363   0.06222    0.1241        20       640         0         0         0         0         0         0         0
      3/49      4.8G   0.03198   0.02718   0.06214    0.1213        15       640         0         0         0         0         0         0         0
      4/49      4.8G   0.02677   0.02318    0.0621    0.1121        13       640         0         0         0         0         0         0         0
      5/49      4.8G   0.02209    0.0195   0.06206    0.1037        14       640         0         0         0         0         0         0         0
      6/49      4.8G   0.01784   0.01729   0.06203   0.09717        16       640         0         0         0         0         0         0         0
      7/49      4.8G   0.01545   0.01578     0.062   0.09323        16       640         0         0         0         0         0         0         0
      8/49      4.8G   0.01429   0.01453   0.06197   0.09079        12       640         0         0         0         0         0         0         0
      9/49      4.8G   0.01356   0.01361   0.06198   0.08916        18       640         0         0         0         0         0         0         0
     10/49      4.8G   0.01236   0.01274   0.06195   0.08704        14       640         0         0         0         0         0         0         0
     11/49      4.8G   0.01134    0.0123   0.06196   0.08561        16       640         0         0         0         0         0         0         0
     12/49      4.8G   0.01124   0.01168   0.06193   0.08485        18       640         0         0         0         0         0         0         0
     13/49      4.8G   0.01028   0.01138   0.06193   0.08359        22       640         0         0         0         0         0         0         0
     14/49      4.8G  0.009872   0.01127   0.06192   0.08306        22       640         0         0         0         0         0         0         0
     15/49      4.8G  0.009524   0.01093   0.06192   0.08237        13       640         0         0         0         0         0         0         0
     16/49      4.8G  0.009222   0.01073    0.0619   0.08186        17       640         0         0         0         0         0         0         0
     17/49      4.8G  0.008637   0.01056   0.06188   0.08108        15       640         0         0         0         0         0         0         0
     18/49      4.8G  0.008363   0.01036   0.06191   0.08063        20       640         0         0         0         0         0         0         0
     19/49      4.8G  0.008178   0.01012   0.06189    0.0802        17       640         0         0         0         0         0         0         0
     20/49      4.8G  0.007869  0.009937   0.06186   0.07967        18       640         0         0         0         0         0         0         0
     21/49      4.8G  0.007748  0.009919    0.0619   0.07957        12       640         0         0         0         0         0         0         0
     22/49      4.8G  0.007372  0.009817   0.06186   0.07905        15       640         0         0         0         0         0         0         0
     23/49      4.8G   0.00719  0.009818   0.06187   0.07888        20       640         0         0         0         0         0         0         0
     24/49      4.8G   0.00681  0.009507   0.06187   0.07819        15       640         0         0         0         0         0         0         0
     25/49      4.8G  0.006907   0.00951   0.06184   0.07826        16       640         0         0         0         0         0         0         0
     26/49      4.8G  0.006536  0.009339   0.06185   0.07773        15       640         0         0         0         0         0         0         0
     27/49      4.8G  0.006261  0.009244   0.06186   0.07737        16       640         0         0         0         0         0         0         0
     28/49      4.8G  0.006119  0.009281   0.06186   0.07726        21       640         0         0         0         0         0         0         0
     29/49      4.8G  0.005999  0.009207   0.06187   0.07707        15       640         0         0         0         0         0         0         0
     30/49      4.8G   0.00577  0.009073   0.06185    0.0767        15       640         0         0         0         0         0         0         0
     31/49      4.8G  0.005545  0.008821   0.06186   0.07623        18       640         0         0         0         0         0         0         0
     32/49      4.8G  0.005359  0.008819   0.06184   0.07602        14       640         0         0         0         0         0         0         0
     33/49      4.8G  0.005234   0.00865   0.06186   0.07575        18       640         0         0         0         0         0         0         0
     34/49      4.8G  0.005134  0.008587   0.06185   0.07557        15       640         0         0         0         0         0         0         0
     35/49      4.8G  0.004964  0.008287   0.06184   0.07509        13       640         0         0         0         0         0         0         0
     36/49      4.8G  0.004801  0.008195   0.06184   0.07484        16       640         0         0         0         0         0         0         0
     37/49      4.8G  0.004714  0.008175   0.06184   0.07473        13       640         0         0         0         0         0         0         0
     38/49      4.8G  0.004494  0.008059   0.06187   0.07442        15       640         0         0         0         0         0         0         0
     39/49      4.8G  0.004511  0.008106   0.06184   0.07446        17       640         0         0         0         0         0         0         0
     40/49      4.8G  0.004458  0.007961   0.06185   0.07427        15       640         0         0         0         0         0         0         0
     41/49      4.8G  0.004304  0.007866   0.06183     0.074        13       640         0         0         0         0         0         0         0
     42/49      4.8G  0.004152  0.007771   0.06184   0.07377        12       640         0         0         0         0         0         0         0
     43/49      4.8G    0.0041  0.007667   0.06183    0.0736        16       640         0         0         0         0         0         0         0
     44/49      4.8G  0.004141  0.007662   0.06186   0.07367        14       640         0         0         0         0         0         0         0
     45/49      4.8G  0.004007  0.007653   0.06186   0.07352        17       640         0         0         0         0         0         0         0
     46/49      4.8G  0.003982  0.007519   0.06182   0.07332        16       640         0         0         0         0         0         0         0
     47/49      4.8G  0.003841  0.007521   0.06184   0.07321        16       640         0         0         0         0         0         0         0
     48/49      4.8G  0.003838  0.007545   0.06184   0.07322        13       640         0         0         0         0         0         0         0
     49/49      4.8G  0.003822  0.007509   0.06182   0.07315        13       640    0.2002    0.9973    0.2216    0.2193  0.004338   0.01253   0.06182
      0/49      4.8G   0.06172   0.04088   0.06222    0.1648        15       640         0         0         0         0         0         0         0
      1/49      4.8G   0.02577   0.04334   0.05866    0.1278        16       640         0         0         0         0         0         0         0
      2/49      4.8G   0.02738    0.0314    0.0585    0.1173        20       640         0         0         0         0         0         0         0
      3/49      4.8G   0.03006   0.02479    0.0584    0.1132        15       640         0         0         0         0         0         0         0
      4/49      4.8G   0.02347   0.02072   0.05836    0.1026        13       640         0         0         0         0         0         0         0
      5/49      4.8G   0.01773   0.01774   0.05833   0.09381        14       640         0         0         0         0         0         0         0
      6/49      4.8G   0.01322   0.01518   0.05828   0.08668        16       640         0         0         0         0         0         0         0
      7/49      4.8G   0.01151   0.01324   0.05824     0.083        16       640         0         0         0         0         0         0         0
      8/49      4.8G   0.00978   0.01199   0.05821   0.07998        12       640         0         0         0         0         0         0         0
      9/49      4.8G  0.009271    0.0116    0.0582   0.07907        18       640         0         0         0         0         0         0         0
     10/49      4.8G  0.008754   0.01091   0.05819   0.07786        14       640         0         0         0         0         0         0         0
     11/49      4.8G  0.007854   0.01064   0.05819   0.07668        16       640         0         0         0         0         0         0         0
     12/49      4.8G   0.00772  0.009974   0.05817   0.07586        18       640         0         0         0         0         0         0         0
     13/49      4.8G  0.007506  0.009716   0.05817   0.07539        21       640         0         0         0         0         0         0         0
     14/49      4.8G  0.006938  0.009465   0.05816   0.07456        22       640         0         0         0         0         0         0         0
     15/49      4.8G  0.006658  0.009129   0.05817   0.07395        13       640         0         0         0         0         0         0         0
     16/49      4.8G  0.006692  0.008951   0.05815   0.07379        17       640         0         0         0         0         0         0         0
     17/49      4.8G  0.005949  0.008846   0.05814   0.07293        15       640         0         0         0         0         0         0         0
     18/49      4.8G  0.005936  0.008698   0.05816    0.0728        20       640         0         0         0         0         0         0         0
     19/49      4.8G  0.005756  0.008516   0.05815   0.07242        17       640         0         0         0         0         0         0         0
     20/49      4.8G  0.005554  0.008352   0.05812   0.07202        18       640         0         0         0         0         0         0         0
     21/49      4.8G  0.005445  0.008293   0.05816    0.0719        12       640         0         0         0         0         0         0         0
     22/49      4.8G  0.005213  0.008178   0.05811    0.0715        15       640         0         0         0         0         0         0         0
     23/49      4.8G  0.005162  0.008123   0.05813   0.07142        20       640         0         0         0         0         0         0         0
     24/49      4.8G  0.004868  0.007883   0.05813   0.07088        15       640         0         0         0         0         0         0         0
     25/49      4.8G  0.004774  0.007882   0.05811   0.07076        16       640         0         0         0         0         0         0         0
     26/49      4.8G  0.004514  0.007727    0.0581   0.07035        15       640         0         0         0         0         0         0         0
     27/49      4.8G  0.004266  0.007698   0.05812   0.07009        16       640         0         0         0         0         0         0         0
     28/49      4.8G  0.004258  0.007667   0.05812   0.07005        21       640         0         0         0         0         0         0         0
     29/49      4.8G   0.00429   0.00765   0.05812   0.07006        15       640         0         0         0         0         0         0         0
     30/49      4.8G  0.003887  0.007423    0.0581   0.06941        15       640         0         0         0         0         0         0         0
     31/49      4.8G  0.003734  0.007277   0.05811   0.06912        18       640         0         0         0         0         0         0         0
     32/49      4.8G  0.003619  0.007159   0.05809   0.06887        14       640         0         0         0         0         0         0         0
     33/49      4.8G    0.0036  0.007247    0.0581   0.06895        18       640         0         0         0         0         0         0         0
     34/49      4.8G  0.003433  0.007174   0.05808   0.06869        15       640         0         0         0         0         0         0         0
     35/49      4.8G  0.003393  0.007022   0.05807   0.06848        13       640         0         0         0         0         0         0         0
     36/49      4.8G  0.003147  0.006969   0.05807   0.06819        16       640         0         0         0         0         0         0         0
     37/49      4.8G  0.003188  0.006995   0.05808   0.06826        13       640         0         0         0         0         0         0         0
     38/49      4.8G  0.003038  0.006811    0.0581   0.06795        15       640         0         0         0         0         0         0         0
     39/49      4.8G  0.003016  0.006977   0.05806   0.06806        17       640         0         0         0         0         0         0         0
     40/49      4.8G  0.002896  0.006758   0.05806   0.06772        15       640         0         0         0         0         0         0         0
     41/49      4.8G   0.00285  0.006772   0.05804   0.06767        13       640         0         0         0         0         0         0         0
     42/49      4.8G   0.00276  0.006628   0.05805   0.06744        12       640         0         0         0         0         0         0         0
     43/49      4.8G  0.002711  0.006599   0.05804   0.06735        16       640         0         0         0         0         0         0         0
     44/49      4.8G  0.002752  0.006624   0.05806   0.06744        14       640         0         0         0         0         0         0         0
     45/49      4.8G  0.002613  0.006546   0.05805   0.06721        17       640         0         0         0         0         0         0         0
     46/49      4.8G  0.002657  0.006428   0.05802    0.0671        16       640         0         0         0         0         0         0         0
     47/49      4.8G  0.002565  0.006433   0.05805   0.06704        16       640         0         0         0         0         0         0         0
     48/49      4.8G   0.00258  0.006498   0.05802    0.0671        13       640         0         0         0         0         0         0         0
     49/49      4.8G  0.002548  0.006419     0.058   0.06696        13       640    0.2089    0.8555    0.2281    0.2262  0.003704   0.01261   0.05806
      0/49     4.79G   0.06366   0.03659   0.05669    0.1569        13       640         0         0         0         0         0         0         0
      1/49     4.79G   0.03042   0.03823   0.05356    0.1222        12       640         0         0         0         0         0         0         0
      2/49     4.79G   0.03331   0.02929   0.05337     0.116        17       640         0         0         0         0         0         0         0
      3/49     4.79G   0.03581   0.02448   0.05331    0.1136        16       640         0         0         0         0         0         0         0
      4/49     4.79G   0.02805   0.02102   0.05329    0.1024        12       640         0         0         0         0         0         0         0
      5/49     4.79G   0.02134   0.01798   0.05326   0.09258        14       640         0         0         0         0         0         0         0
      6/49     4.79G   0.01752    0.0154   0.05321   0.08614        15       640         0         0         0         0         0         0         0
      7/49     4.79G   0.01509   0.01388    0.0532   0.08217        12       640         0         0         0         0         0         0         0
      8/49     4.79G   0.01316   0.01294   0.05318   0.07928        17       640         0         0         0         0         0         0         0
      9/49     4.79G    0.0131   0.01192   0.05318    0.0782        16       640         0         0         0         0         0         0         0
     10/49     4.79G    0.0121   0.01116   0.05315   0.07642        12       640         0         0         0         0         0         0         0
     11/49     4.79G   0.01112   0.01074   0.05316   0.07502        16       640         0         0         0         0         0         0         0
     12/49     4.79G   0.01035   0.01023   0.05314   0.07372        12       640         0         0         0         0         0         0         0
     13/49     4.79G   0.01033   0.01019    0.0531   0.07362        12       640         0         0         0         0         0         0         0
     14/49     4.79G  0.009499  0.009963   0.05308   0.07254        12       640         0         0         0         0         0         0         0
     15/49     4.79G  0.009215  0.009651   0.05305   0.07191        12       640         0         0         0         0         0         0         0
     16/49     4.79G  0.008937  0.009616   0.05296   0.07152        19       640         0         0         0         0         0         0         0
     17/49     4.79G  0.008589  0.009459   0.05273   0.07078        15       640         0         0         0         0         0         0         0
     18/49     4.79G  0.008607  0.009305   0.05213   0.07004        18       640         0         0         0         0         0         0         0
     19/49     4.79G  0.008602   0.00936   0.05096   0.06892        13       640         0         0         0         0         0         0         0
     20/49     4.79G  0.008255  0.009276    0.0497   0.06723        13       640         0         0         0         0         0         0         0
     21/49     4.79G  0.008254  0.009263   0.04911   0.06663        18       640         0         0         0         0         0         0         0
     22/49     4.79G  0.007977  0.009051   0.04832   0.06535        14       640         0         0         0         0         0         0         0
     23/49     4.79G  0.007911  0.009157   0.04773    0.0648        16       640         0         0         0         0         0         0         0
     24/49     4.79G   0.00779  0.009003   0.04731    0.0641        12       640         0         0         0         0         0         0         0
     25/49     4.79G  0.007414  0.008864   0.04655   0.06282        14       640         0         0         0         0         0         0         0
     26/49     4.79G  0.007118  0.008802   0.04651   0.06243        17       640         0         0         0         0         0         0         0
     27/49     4.79G  0.006906  0.008702   0.04591   0.06152        18       640         0         0         0         0         0         0         0
     28/49     4.79G  0.006939  0.008728   0.04573    0.0614        14       640         0         0         0         0         0         0         0
     29/49     4.79G  0.006495  0.008479   0.04536   0.06033        13       640         0         0         0         0         0         0         0
     30/49     4.79G  0.006327  0.008485   0.04542   0.06023        13       640         0         0         0         0         0         0         0
     31/49     4.79G  0.006182  0.008439   0.04514   0.05976        20       640         0         0         0         0         0         0         0
     32/49     4.79G   0.00601  0.008319   0.04487    0.0592        18       640         0         0         0         0         0         0         0
     33/49     4.79G  0.005828  0.008297   0.04496   0.05908        12       640         0         0         0         0         0         0         0
     34/49     4.79G  0.005746  0.008181   0.04459   0.05852        14       640         0         0         0         0         0         0         0
     35/49     4.79G  0.005605  0.008096   0.04471   0.05841        20       640         0         0         0         0         0         0         0
     36/49     4.79G  0.005388  0.008075   0.04428   0.05774        13       640         0         0         0         0         0         0         0
     37/49     4.79G  0.005425  0.008042   0.04407   0.05754        14       640         0         0         0         0         0         0         0
     38/49     4.79G  0.005186  0.008033   0.04411   0.05733        17       640         0         0         0         0         0         0         0
     39/49     4.79G  0.005004  0.007904   0.04386   0.05677        17       640         0         0         0         0         0         0         0
     40/49     4.79G  0.004876  0.007921   0.04398   0.05677        12       640         0         0         0         0         0         0         0
     41/49     4.79G  0.004904  0.007693    0.0438   0.05639        15       640         0         0         0         0         0         0         0
     42/49     4.79G  0.004701  0.007752   0.04379   0.05625        12       640         0         0         0         0         0         0         0
     43/49     4.79G  0.004797  0.007627   0.04394   0.05637        13       640         0         0         0         0         0         0         0
     44/49     4.79G  0.004509   0.00764   0.04341   0.05556        14       640         0         0         0         0         0         0         0
     45/49     4.79G  0.004469  0.007518   0.04341   0.05539        12       640         0         0         0         0         0         0         0
     46/49     4.79G  0.004496   0.00753   0.04341   0.05543        15       640         0         0         0         0         0         0         0
     47/49     4.79G  0.004328   0.00737   0.04313   0.05483        16       640         0         0         0         0         0         0         0
     48/49     4.79G  0.004435  0.007439   0.04318   0.05506        12       640         0         0         0         0         0         0         0
     49/49     4.79G  0.004408  0.007291   0.04304   0.05474        15       640    0.3952    0.7881    0.4916    0.4854  0.005382   0.01107   0.04128
      0/49      4.8G   0.06784   0.04766   0.06268    0.1782        15       640         0         0         0         0         0         0         0
      1/49      4.8G    0.0292   0.04932   0.05894    0.1375        13       640         0         0         0         0         0         0         0
      2/49      4.8G    0.0321    0.0361   0.05866    0.1269        18       640         0         0         0         0         0         0         0
      3/49      4.8G   0.03549    0.0293   0.05855    0.1233        15       640         0         0         0         0         0         0         0
      4/49      4.8G   0.02971   0.02578   0.05851     0.114        16       640         0         0         0         0         0         0         0
      5/49      4.8G   0.02472   0.02221   0.05851    0.1054        16       640         0         0         0         0         0         0         0
      6/49      4.8G   0.01944   0.01994   0.05845   0.09783        18       640         0         0         0         0         0         0         0
      7/49      4.8G    0.0179   0.01824   0.05843   0.09457        17       640         0         0         0         0         0         0         0
      8/49      4.8G   0.01631   0.01661    0.0584   0.09132        16       640         0         0         0         0         0         0         0
      9/49      4.8G   0.01541   0.01557    0.0584   0.08938        16       640         0         0         0         0         0         0         0
     10/49      4.8G   0.01408   0.01476    0.0584   0.08723        19       640         0         0         0         0         0         0         0
     11/49      4.8G   0.01307   0.01425    0.0584   0.08572        23       640         0         0         0         0         0         0         0
     12/49      4.8G   0.01215   0.01356   0.05837   0.08408        22       640         0         0         0         0         0         0         0
     13/49      4.8G    0.0115   0.01323   0.05835   0.08308        16       640         0         0         0         0         0         0         0
     14/49      4.8G   0.01114   0.01305   0.05834   0.08253        19       640         0         0         0         0         0         0         0
     15/49      4.8G   0.01067   0.01255   0.05837   0.08159        18       640         0         0         0         0         0         0         0
     16/49      4.8G   0.01071   0.01255   0.05833    0.0816        18       640         0         0         0         0         0         0         0
     17/49      4.8G  0.009923   0.01233   0.05831   0.08057        17       640         0         0         0         0         0         0         0
     18/49      4.8G   0.00938   0.01194   0.05834   0.07967        18       640         0         0         0         0         0         0         0
     19/49      4.8G  0.009235   0.01191   0.05832   0.07946        18       640         0         0         0         0         0         0         0
     20/49      4.8G  0.008927   0.01153   0.05832   0.07879        12       640         0         0         0         0         0         0         0
     21/49      4.8G  0.008835    0.0113   0.05832   0.07845        13       640         0         0         0         0         0         0         0
     22/49      4.8G  0.008681   0.01121    0.0583   0.07819        13       640         0         0         0         0         0         0         0
     23/49      4.8G  0.008236   0.01108   0.05831   0.07763        25       640         0         0         0         0         0         0         0
     24/49      4.8G  0.007991   0.01069   0.05829   0.07697        12       640         0         0         0         0         0         0         0
     25/49      4.8G  0.007664   0.01074   0.05832   0.07672        20       640         0         0         0         0         0         0         0
     26/49      4.8G  0.007247   0.01018   0.05829   0.07571        14       640         0         0         0         0         0         0         0
     27/49      4.8G  0.007101   0.01015    0.0583   0.07555        13       640         0         0         0         0         0         0         0
     28/49      4.8G  0.006898   0.01016   0.05828   0.07534        18       640         0         0         0         0         0         0         0
     29/49      4.8G  0.006781   0.01012   0.05829   0.07519        13       640         0         0         0         0         0         0         0
     30/49      4.8G  0.006411  0.009769   0.05832    0.0745        16       640         0         0         0         0         0         0         0
     31/49      4.8G  0.006286  0.009567   0.05828   0.07414        18       640         0         0         0         0         0         0         0
     32/49      4.8G  0.005792  0.009546   0.05827    0.0736        16       640         0         0         0         0         0         0         0
     33/49      4.8G  0.005801  0.009591   0.05828   0.07367        19       640         0         0         0         0         0         0         0
     34/49      4.8G   0.00565  0.009487   0.05828   0.07342        12       640         0         0         0         0         0         0         0
     35/49      4.8G  0.005417  0.009298   0.05828   0.07299        18       640         0         0         0         0         0         0         0
     36/49      4.8G   0.00522  0.009161   0.05827   0.07265        14       640         0         0         0         0         0         0         0
     37/49      4.8G  0.005195  0.009123   0.05828   0.07259        13       640         0         0         0         0         0         0         0
     38/49      4.8G  0.004955  0.009006   0.05828   0.07224        12       640         0         0         0         0         0         0         0
     39/49      4.8G  0.004859  0.009173   0.05829   0.07232        16       640         0         0         0         0         0         0         0
     40/49      4.8G  0.004788  0.008991   0.05829   0.07207        12       640         0         0         0         0         0         0         0
     41/49      4.8G  0.004722  0.008797   0.05829   0.07181        14       640         0         0         0         0         0         0         0
     42/49      4.8G   0.00458  0.008736   0.05828    0.0716        15       640         0         0         0         0         0         0         0
     43/49      4.8G  0.004506  0.008604   0.05828   0.07138        16       640         0         0         0         0         0         0         0
     44/49      4.8G  0.004532   0.00868   0.05826   0.07148        12       640         0         0         0         0         0         0         0
     45/49      4.8G  0.004354  0.008577   0.05827   0.07121        13       640         0         0         0         0         0         0         0
     46/49      4.8G  0.004312  0.008624   0.05826   0.07119        16       640         0         0         0         0         0         0         0
     47/49      4.8G  0.004264  0.008585   0.05827   0.07112        21       640         0         0         0         0         0         0         0
     48/49      4.8G  0.004224  0.008513   0.05827   0.07101        17       640         0         0         0         0         0         0         0
     49/49      4.8G  0.004168  0.008447   0.05827   0.07088        19       640    0.2002     0.997    0.2198    0.2176  0.004904   0.01505   0.05827
      0/49     1.81G   0.07335   0.05017   0.07036    0.1939        19       640         0         0         0         0         0         0         0
      1/49     4.86G   0.03232   0.05352   0.06568    0.1515        12       640         0         0         0         0         0         0         0
      2/49     4.87G    0.0347   0.04079   0.06547     0.141        17       640         0         0         0         0         0         0         0
      3/49     4.87G   0.03729   0.03199   0.06541    0.1347        12       640         0         0         0         0         0         0         0
      4/49     4.87G   0.03023   0.02519    0.0654    0.1208        12       640         0         0         0         0         0         0         0
      5/49     4.87G   0.02132   0.02038   0.06532     0.107        13       640         0         0         0         0         0         0         0
      6/49     4.87G   0.01584    0.0167   0.06523   0.09777        12       640         0         0         0         0         0         0         0
      7/49     4.87G   0.01354   0.01464   0.06523   0.09341        12       640         0         0         0         0         0         0         0
      8/49     4.87G   0.01162   0.01343   0.06519   0.09024        14       640         0         0         0         0         0         0         0
      9/49     4.87G    0.0107   0.01257   0.06519   0.08846        15       640         0         0         0         0         0         0         0
     10/49     4.87G  0.009782   0.01192   0.06514   0.08684        13       640         0         0         0         0         0         0         0
     11/49     4.87G  0.009582   0.01148   0.06513    0.0862        12       640         0         0         0         0         0         0         0
     12/49     4.87G  0.008866   0.01089   0.06515    0.0849        15       640         0         0         0         0         0         0         0
     13/49     4.87G  0.008209   0.01061   0.06513   0.08395        16       640         0         0         0         0         0         0         0
     14/49     4.87G  0.008114   0.01021   0.06512   0.08344        16       640         0         0         0         0         0         0         0
     15/49     4.87G  0.007814   0.01002   0.06511   0.08294        15       640         0         0         0         0         0         0         0
     16/49     4.87G  0.007292  0.009951   0.06507   0.08232        14       640         0         0         0         0         0         0         0
     17/49     4.87G  0.007194  0.009646   0.06508   0.08192        12       640         0         0         0         0         0         0         0
     18/49     4.87G  0.006719  0.009523   0.06511   0.08135        13       640         0         0         0         0         0         0         0
     19/49     4.87G  0.006513  0.009232   0.06511   0.08085        15       640         0         0         0         0         0         0         0
     20/49     4.87G  0.006435  0.009137   0.06509   0.08066        17       640         0         0         0         0         0         0         0
     21/49     4.87G  0.006418  0.009059   0.06511   0.08059        12       640         0         0         0         0         0         0         0
     22/49     4.87G  0.005937  0.008898   0.06509   0.07993        13       640         0         0         0         0         0         0         0
     23/49     4.87G  0.005996  0.008763    0.0651   0.07986        16       640         0         0         0         0         0         0         0
     24/49     4.87G  0.005596  0.008643    0.0651   0.07934        13       640         0         0         0         0         0         0         0
     25/49     4.87G  0.005346  0.008341   0.06507   0.07876        18       640         0         0         0         0         0         0         0
     26/49     4.87G  0.005359  0.008597   0.06509   0.07904        20       640         0         0         0         0         0         0         0
     27/49     4.87G  0.005251  0.008294   0.06508   0.07862        13       640         0         0         0         0         0         0         0
     28/49     4.87G  0.005013  0.008246   0.06509   0.07834        19       640         0         0         0         0         0         0         0
     29/49     4.87G  0.004774  0.008208   0.06507   0.07805        15       640         0         0         0         0         0         0         0
     30/49     4.87G  0.004604  0.007967   0.06506   0.07764        17       640         0         0         0         0         0         0         0
     31/49     4.87G  0.004486  0.008005   0.06508   0.07757        13       640         0         0         0         0         0         0         0
     32/49     4.87G  0.004369  0.007824   0.06504   0.07723        12       640         0         0         0         0         0         0         0
     33/49     4.87G  0.004262  0.007816   0.06503    0.0771        22       640         0         0         0         0         0         0         0
     34/49     4.87G  0.004025  0.007655   0.06504   0.07672        16       640         0         0         0         0         0         0         0
     35/49     4.87G  0.003898  0.007687   0.06504   0.07662        12       640         0         0         0         0         0         0         0
     36/49     4.87G    0.0038  0.007582   0.06503   0.07641        17       640         0         0         0         0         0         0         0
     37/49     4.87G  0.003686  0.007442   0.06503   0.07615        12       640         0         0         0         0         0         0         0
     38/49     4.87G  0.003557  0.007353   0.06503   0.07594        13       640         0         0         0         0         0         0         0
     39/49     4.87G  0.003456  0.007439   0.06501    0.0759        12       640         0         0         0         0         0         0         0
     40/49     4.87G  0.003419  0.007199     0.065   0.07562        12       640         0         0         0         0         0         0         0
     41/49     4.87G   0.00326  0.007128   0.06499   0.07538        13       640         0         0         0         0         0         0         0
     42/49     4.87G  0.003233   0.00742   0.06498   0.07564        15       640         0         0         0         0         0         0         0
     43/49     4.87G  0.003103  0.007115     0.065   0.07521        16       640         0         0         0         0         0         0         0
     44/49     4.87G   0.00315  0.007191   0.06497   0.07531        15       640         0         0         0         0         0         0         0
     45/49     4.87G  0.003116  0.007034   0.06498   0.07513        13       640         0         0         0         0         0         0         0
     46/49     4.87G  0.003071  0.007117   0.06494   0.07513        13       640         0         0         0         0         0         0         0
     47/49     4.87G  0.002991  0.006957   0.06498   0.07493        13       640         0         0         0         0         0         0         0
     48/49     4.87G  0.003001   0.00698   0.06495   0.07493        15       640         0         0         0         0         0         0         0
     49/49     4.87G  0.002949  0.006947   0.06494   0.07483        13       640    0.2048    0.9309    0.2368    0.2343  0.005074   0.01762   0.06499
      0/49     4.81G   0.06561   0.04009   0.06796    0.1737        15       640         0         0         0         0         0         0         0
      1/49     4.81G   0.03103    0.0436   0.06401    0.1386        13       640         0         0         0         0         0         0         0
      2/49     4.81G   0.03361   0.03398   0.06365    0.1312        20       640         0         0         0         0         0         0         0
      3/49     4.81G   0.03651   0.02768   0.06359    0.1278        16       640         0         0         0         0         0         0         0
      4/49     4.81G   0.02938   0.02375   0.06355    0.1167        14       640         0         0         0         0         0         0         0
      5/49     4.81G   0.02207   0.02037    0.0635    0.1059        13       640         0         0         0         0         0         0         0
      6/49     4.81G   0.01801    0.0175   0.06348   0.09899        15       640         0         0         0         0         0         0         0
      7/49     4.81G   0.01524   0.01575   0.06339   0.09437        13       640         0         0         0         0         0         0         0
      8/49     4.81G    0.0139    0.0144   0.06325   0.09155        18       640         0         0         0         0         0         0         0
      9/49     4.81G    0.0135   0.01338   0.06199   0.08887        15       640         0         0         0         0         0         0         0
     10/49     4.81G   0.01295   0.01302   0.06002   0.08599        18       640         0         0         0         0         0         0         0
     11/49     4.81G   0.01217    0.0128   0.05825   0.08322        16       640         0         0         0         0         0         0         0
     12/49     4.81G   0.01157   0.01232   0.05715   0.08103        18       640         0         0         0         0         0         0         0
     13/49     4.81G    0.0109   0.01212   0.05636   0.07938        15       640         0         0         0         0         0         0         0
     14/49     4.81G   0.01064   0.01187   0.05535   0.07785        18       640         0         0         0         0         0         0         0
     15/49     4.81G   0.01017   0.01151   0.05487   0.07655        15       640         0         0         0         0         0         0         0
     16/49     4.81G  0.009742   0.01142   0.05445   0.07561        14       640         0         0         0         0         0         0         0
     17/49     4.81G  0.009302   0.01138   0.05421   0.07488        17       640         0         0         0         0         0         0         0
     18/49     4.81G  0.008648   0.01098   0.05395   0.07358        14       640         0         0         0         0         0         0         0
     19/49     4.81G   0.00849   0.01094    0.0536   0.07303        16       640         0         0         0         0         0         0         0
     20/49     4.81G  0.008423   0.01075   0.05351   0.07269        20       640         0         0         0         0         0         0         0
     21/49     4.81G  0.008085   0.01056   0.05295    0.0716        18       640         0         0         0         0         0         0         0
     22/49     4.81G  0.007304   0.01037   0.05254   0.07021        22       640         0         0         0         0         0         0         0
     23/49     4.81G  0.007696   0.01039   0.05253   0.07061        18       640         0         0         0         0         0         0         0
     24/49     4.81G  0.007283   0.01016   0.05211   0.06955        24       640         0         0         0         0         0         0         0
     25/49     4.81G  0.007098   0.01017   0.05189   0.06915        13       640         0         0         0         0         0         0         0
     26/49     4.81G  0.007017   0.01019   0.05146   0.06867        16       640         0         0         0         0         0         0         0
     27/49     4.81G  0.006691      0.01   0.05104   0.06774        23       640         0         0         0         0         0         0         0
     28/49     4.81G  0.006665  0.009785   0.05097   0.06742        18       640         0         0         0         0         0         0         0
     29/49     4.81G  0.006277  0.009708   0.05033   0.06631        14       640         0         0         0         0         0         0         0
     30/49     4.81G  0.006135  0.009839   0.05031   0.06629        20       640         0         0         0         0         0         0         0
     31/49     4.81G  0.006212  0.009747   0.04979   0.06575        25       640         0         0         0         0         0         0         0
     32/49     4.81G  0.006039  0.009694   0.04992   0.06565        12       640         0         0         0         0         0         0         0
     33/49     4.81G  0.005811  0.009621   0.04904   0.06447        24       640         0         0         0         0         0         0         0
     34/49     4.81G  0.005657  0.009451   0.04934   0.06445        13       640         0         0         0         0         0         0         0
     35/49     4.81G  0.005372  0.009444   0.04927   0.06409        13       640         0         0         0         0         0         0         0
     36/49     4.81G   0.00538  0.009421   0.04868   0.06348        25       640         0         0         0         0         0         0         0
     37/49     4.81G  0.005334  0.009425   0.04872   0.06348        18       640         0         0         0         0         0         0         0
     38/49     4.81G   0.00513   0.00943   0.04881   0.06337        16       640         0         0         0         0         0         0         0
     39/49     4.81G  0.005031   0.00937   0.04848   0.06288        14       640         0         0         0         0         0         0         0
     40/49     4.81G  0.004914  0.009053    0.0483   0.06227        16       640         0         0         0         0         0         0         0
     41/49     4.81G  0.004817  0.008971   0.04814   0.06193        17       640         0         0         0         0         0         0         0
     42/49     4.81G  0.004685  0.008977   0.04821   0.06187        18       640         0         0         0         0         0         0         0
     43/49     4.81G   0.00458   0.00882   0.04823   0.06163        18       640         0         0         0         0         0         0         0
     44/49     4.81G   0.00447  0.008728   0.04778   0.06098        14       640         0         0         0         0         0         0         0
     45/49     4.81G  0.004517  0.008584   0.04766   0.06076        14       640         0         0         0         0         0         0         0
     46/49     4.81G  0.004448  0.008573   0.04765   0.06067        18       640         0         0         0         0         0         0         0
     47/49     4.81G  0.004324  0.008501    0.0478   0.06062        20       640         0         0         0         0         0         0         0
     48/49     4.81G  0.004272  0.008464   0.04759   0.06033        17       640         0         0         0         0         0         0         0
     49/49     4.81G  0.004256  0.008415   0.04753    0.0602        19       640    0.4381    0.7942    0.5412    0.5343  0.004417   0.01142   0.04593
      0/49     4.79G    0.0654   0.04492   0.05974    0.1701        15       640         0         0         0         0         0         0         0
      1/49     4.79G   0.03175   0.04855   0.05631    0.1366        13       640         0         0         0         0         0         0         0
      2/49     4.79G    0.0345    0.0363   0.05604    0.1268        20       640         0         0         0         0         0         0         0
      3/49     4.79G    0.0384   0.02852   0.05598    0.1229        17       640         0         0         0         0         0         0         0
      4/49     4.79G   0.02906   0.02453   0.05592    0.1095        14       640         0         0         0         0         0         0         0
      5/49     4.79G    0.0198   0.02044   0.05588   0.09612        13       640         0         0         0         0         0         0         0
      6/49     4.79G   0.01468   0.01692   0.05586   0.08745        15       640         0         0         0         0         0         0         0
      7/49     4.79G   0.01216    0.0148    0.0558   0.08277        13       640         0         0         0         0         0         0         0
      8/49     4.79G   0.01058   0.01321    0.0558   0.07958        18       640         0         0         0         0         0         0         0
      9/49     4.79G  0.009207    0.0124   0.05574   0.07735        14       640         0         0         0         0         0         0         0
     10/49     4.79G  0.008939   0.01199   0.05578   0.07671        18       640         0         0         0         0         0         0         0
     11/49     4.79G  0.008296   0.01157   0.05574    0.0756        16       640         0         0         0         0         0         0         0
     12/49     4.79G  0.007774   0.01122   0.05577   0.07476        18       640         0         0         0         0         0         0         0
     13/49     4.79G  0.007433   0.01094   0.05573   0.07411        15       640         0         0         0         0         0         0         0
     14/49     4.79G  0.007331   0.01046    0.0557   0.07349        18       640         0         0         0         0         0         0         0
     15/49     4.79G  0.006818  0.009943   0.05573   0.07249        15       640         0         0         0         0         0         0         0
     16/49     4.79G   0.00671  0.009758   0.05568   0.07214        14       640         0         0         0         0         0         0         0
     17/49     4.79G  0.006484  0.009712   0.05564   0.07183        17       640         0         0         0         0         0         0         0
     18/49     4.79G  0.005997  0.009311   0.05561   0.07092        14       640         0         0         0         0         0         0         0
     19/49     4.79G  0.005873  0.009321   0.05537   0.07057        16       640         0         0         0         0         0         0         0
     20/49     4.79G  0.005686  0.009288   0.05491   0.06988        20       640         0         0         0         0         0         0         0
     21/49     4.79G  0.005786  0.009318   0.05367   0.06878        18       640         0         0         0         0         0         0         0
     22/49     4.79G  0.005704    0.0092   0.05248   0.06739        22       640         0         0         0         0         0         0         0
     23/49     4.79G  0.005637  0.009139   0.05155   0.06633        18       640         0         0         0         0         0         0         0
     24/49     4.79G  0.005623  0.009019   0.05086    0.0655        24       640         0         0         0         0         0         0         0
     25/49     4.79G  0.005266  0.008997   0.05028   0.06455        13       640         0         0         0         0         0         0         0
     26/49     4.79G   0.00515  0.009133    0.0493   0.06359        16       640         0         0         0         0         0         0         0
     27/49     4.79G  0.005007  0.008981   0.04914   0.06313        23       640         0         0         0         0         0         0         0
     28/49     4.79G  0.004896  0.008804   0.04857   0.06227        18       640         0         0         0         0         0         0         0
     29/49     4.79G  0.004721  0.008756    0.0479   0.06138        15       640         0         0         0         0         0         0         0
     30/49     4.79G  0.004611  0.008884   0.04776   0.06126        19       640         0         0         0         0         0         0         0
     31/49     4.79G  0.004544  0.008715   0.04731   0.06057        26       640         0         0         0         0         0         0         0
     32/49     4.79G  0.004433  0.008721   0.04744   0.06059        12       640         0         0         0         0         0         0         0
     33/49     4.79G  0.004348  0.008594   0.04692   0.05987        24       640         0         0         0         0         0         0         0
     34/49     4.79G  0.004111  0.008463   0.04647   0.05904        13       640         0         0         0         0         0         0         0
     35/49     4.79G  0.004064  0.008389   0.04651   0.05897        13       640         0         0         0         0         0         0         0
     36/49     4.79G  0.004077  0.008514   0.04616   0.05875        25       640         0         0         0         0         0         0         0
     37/49     4.79G  0.003835  0.008295   0.04614   0.05827        17       640         0         0         0         0         0         0         0
     38/49     4.79G  0.003803  0.008391   0.04645   0.05865        16       640         0         0         0         0         0         0         0
     39/49     4.79G  0.003755  0.008374   0.04595   0.05808        14       640         0         0         0         0         0         0         0
     40/49     4.79G  0.003622   0.00811   0.04589   0.05762        16       640         0         0         0         0         0         0         0
     41/49     4.79G  0.003532    0.0082   0.04566   0.05739        17       640         0         0         0         0         0         0         0
     42/49     4.79G  0.003517  0.008109   0.04553   0.05715        18       640         0         0         0         0         0         0         0
     43/49     4.79G  0.003452  0.007974   0.04536   0.05679        18       640         0         0         0         0         0         0         0
     44/49     4.79G  0.003395  0.008043   0.04507    0.0565        14       640         0         0         0         0         0         0         0
     45/49     4.79G   0.00342  0.007953   0.04468   0.05606        14       640         0         0         0         0         0         0         0
     46/49     4.79G  0.003386  0.007892   0.04503   0.05631        17       640         0         0         0         0         0         0         0
     47/49     4.79G  0.003312  0.007831   0.04484   0.05598        20       640         0         0         0         0         0         0         0
     48/49     4.79G  0.003283  0.007931   0.04457   0.05578        18       640         0         0         0         0         0         0         0
     49/49     4.79G  0.003336  0.007957   0.04451    0.0558        20       640    0.4357    0.7246    0.4975    0.4927  0.004159   0.01478   0.04276
      0/49      4.8G    0.0651   0.04129   0.07321    0.1796        15       640         0         0         0         0         0         0         0
      1/49      4.8G   0.02755   0.04558   0.06821    0.1413        16       640         0         0         0         0         0         0         0
      2/49      4.8G   0.02724   0.03468   0.06793    0.1298        15       640         0         0         0         0         0         0         0
      3/49      4.8G    0.0317   0.02757   0.06783    0.1271        15       640         0         0         0         0         0         0         0
      4/49      4.8G   0.02652   0.02355    0.0678    0.1179        13       640         0         0         0         0         0         0         0
      5/49      4.8G   0.02145   0.01966   0.06773    0.1088        20       640         0         0         0         0         0         0         0
      6/49      4.8G   0.01707   0.01746   0.06772    0.1023        12       640         0         0         0         0         0         0         0
      7/49      4.8G   0.01454   0.01582   0.06768   0.09804        19       640         0         0         0         0         0         0         0
      8/49      4.8G   0.01353   0.01476   0.06764   0.09593        15       640         0         0         0         0         0         0         0
      9/49      4.8G   0.01267   0.01356   0.06767    0.0939        13       640         0         0         0         0         0         0         0
     10/49      4.8G   0.01169   0.01275   0.06762   0.09206        12       640         0         0         0         0         0         0         0
     11/49      4.8G   0.01072   0.01225   0.06764   0.09061        17       640         0         0         0         0         0         0         0
     12/49      4.8G    0.0101   0.01173    0.0676   0.08943        14       640         0         0         0         0         0         0         0
     13/49      4.8G  0.009679   0.01141    0.0676   0.08869        19       640         0         0         0         0         0         0         0
     14/49      4.8G  0.009126   0.01118    0.0676   0.08791        13       640         0         0         0         0         0         0         0
     15/49      4.8G  0.008491   0.01082    0.0676   0.08691        14       640         0         0         0         0         0         0         0
     16/49      4.8G  0.008494   0.01074   0.06759   0.08682        19       640         0         0         0         0         0         0         0
     17/49      4.8G  0.008203   0.01058   0.06755   0.08633        15       640         0         0         0         0         0         0         0
     18/49      4.8G  0.008249   0.01034   0.06756   0.08615        21       640         0         0         0         0         0         0         0
     19/49      4.8G  0.007758   0.01009   0.06757   0.08542        18       640         0         0         0         0         0         0         0
     20/49      4.8G  0.007645  0.009791   0.06754   0.08497        22       640         0         0         0         0         0         0         0
     21/49      4.8G  0.007166  0.009825   0.06754   0.08454        15       640         0         0         0         0         0         0         0
     22/49      4.8G    0.0068  0.009352   0.06754   0.08369        16       640         0         0         0         0         0         0         0
     23/49      4.8G  0.007151  0.009444   0.06757   0.08416        16       640         0         0         0         0         0         0         0
     24/49      4.8G  0.006494   0.00924   0.06756   0.08329        13       640         0         0         0         0         0         0         0
     25/49      4.8G  0.006371  0.009176   0.06755    0.0831        12       640         0         0         0         0         0         0         0
     26/49      4.8G  0.005915  0.008961   0.06753    0.0824        17       640         0         0         0         0         0         0         0
     27/49      4.8G  0.005884  0.008904   0.06753   0.08232        18       640         0         0         0         0         0         0         0
     28/49      4.8G  0.005566  0.008884   0.06753   0.08198        21       640         0         0         0         0         0         0         0
     29/49      4.8G  0.005449  0.008749   0.06754   0.08174        17       640         0         0         0         0         0         0         0
     30/49      4.8G  0.005393  0.008465   0.06754    0.0814        18       640         0         0         0         0         0         0         0
     31/49      4.8G  0.005177  0.008223   0.06752   0.08092        15       640         0         0         0         0         0         0         0
     32/49      4.8G  0.004943  0.008348   0.06751   0.08081        12       640         0         0         0         0         0         0         0
     33/49      4.8G  0.004772  0.008118   0.06754   0.08043        16       640         0         0         0         0         0         0         0
     34/49      4.8G  0.004654  0.008222    0.0675   0.08037        13       640         0         0         0         0         0         0         0
     35/49      4.8G  0.004518  0.007934   0.06751   0.07996        13       640         0         0         0         0         0         0         0
     36/49      4.8G  0.004414  0.007839   0.06751   0.07976        18       640         0         0         0         0         0         0         0
     37/49      4.8G  0.004257  0.007987   0.06753   0.07977        15       640         0         0         0         0         0         0         0
     38/49      4.8G  0.004106  0.007688   0.06752   0.07931        13       640         0         0         0         0         0         0         0
     39/49      4.8G  0.004036  0.007803   0.06751   0.07935        16       640         0         0         0         0         0         0         0
     40/49      4.8G   0.00396   0.00776   0.06751   0.07923        21       640         0         0         0         0         0         0         0
     41/49      4.8G   0.00391  0.007745   0.06748   0.07914        13       640         0         0         0         0         0         0         0
     42/49      4.8G  0.003767  0.007574    0.0675   0.07884        13       640         0         0         0         0         0         0         0
     43/49      4.8G  0.003628  0.007575   0.06753   0.07873        13       640         0         0         0         0         0         0         0
     44/49      4.8G  0.003715  0.007656   0.06749   0.07886        17       640         0         0         0         0         0         0         0
     45/49      4.8G  0.003586   0.00754    0.0675   0.07863        17       640         0         0         0         0         0         0         0
     46/49      4.8G  0.003504  0.007373   0.06752    0.0784        18       640         0         0         0         0         0         0         0
     47/49      4.8G  0.003469  0.007424   0.06753   0.07842        18       640         0         0         0         0         0         0         0
     48/49      4.8G  0.003435  0.007328   0.06749   0.07826        16       640         0         0         0         0         0         0         0
     49/49      4.8G   0.00342  0.007313   0.06749   0.07823        15       640    0.2001    0.9987    0.2219    0.2198  0.004295   0.01416   0.06751
      0/49     4.79G   0.06516   0.04067   0.06767    0.1735        15       640         0         0         0         0         0         0         0
      1/49     4.79G   0.03098   0.04409    0.0638    0.1389        13       640         0         0         0         0         0         0         0
      2/49     4.79G   0.03317    0.0339   0.06345    0.1305        20       640         0         0         0         0         0         0         0
      3/49     4.79G   0.03638   0.02748    0.0634    0.1273        16       640         0         0         0         0         0         0         0
      4/49     4.79G   0.02918   0.02386   0.06338    0.1164        14       640         0         0         0         0         0         0         0
      5/49     4.79G     0.022    0.0204   0.06329    0.1057        13       640         0         0         0         0         0         0         0
      6/49     4.79G   0.01839   0.01741   0.06326   0.09906        15       640         0         0         0         0         0         0         0
      7/49     4.79G   0.01536   0.01563   0.06293   0.09392        13       640         0         0         0         0         0         0         0
      8/49     4.79G   0.01422    0.0148   0.06166   0.09068        15       640         0         0         0         0         0         0         0
      9/49     4.79G   0.01339   0.01431   0.05945   0.08715        27       640         0         0         0         0         0         0         0
     10/49     4.79G   0.01237   0.01379   0.05844    0.0846        13       640         0         0         0         0         0         0         0
     11/49     4.79G   0.01229   0.01291    0.0571   0.08231        16       640         0         0         0         0         0         0         0
     12/49     4.79G   0.01151   0.01246   0.05626   0.08023        22       640         0         0         0         0         0         0         0
     13/49     4.79G   0.01074   0.01218   0.05594   0.07885        13       640         0         0         0         0         0         0         0
     14/49     4.79G   0.01046   0.01185   0.05507   0.07738        13       640         0         0         0         0         0         0         0
     15/49     4.79G  0.009647   0.01154   0.05487   0.07606        15       640         0         0         0         0         0         0         0
     16/49     4.79G  0.009945   0.01137     0.054   0.07531        14       640         0         0         0         0         0         0         0
     17/49     4.79G  0.009164   0.01136     0.054   0.07453        15       640         0         0         0         0         0         0         0
     18/49     4.79G  0.008891   0.01106   0.05352   0.07347        19       640         0         0         0         0         0         0         0
     19/49     4.79G  0.008311   0.01096   0.05354   0.07281        12       640         0         0         0         0         0         0         0
     20/49     4.79G  0.008219   0.01075    0.0528   0.07176        13       640         0         0         0         0         0         0         0
     21/49     4.79G     0.008   0.01061    0.0528   0.07141        19       640         0         0         0         0         0         0         0
     22/49     4.79G  0.007846   0.01047   0.05244   0.07075        14       640         0         0         0         0         0         0         0
     23/49     4.79G  0.007532   0.01051   0.05224   0.07028        12       640         0         0         0         0         0         0         0
     24/49     4.79G  0.007393   0.01016   0.05175   0.06931        15       640         0         0         0         0         0         0         0
     25/49     4.79G  0.007131   0.01019   0.05138    0.0687        12       640         0         0         0         0         0         0         0
     26/49     4.79G  0.006839   0.01013   0.05108   0.06806        17       640         0         0         0         0         0         0         0
     27/49     4.79G  0.006748   0.01008   0.05076   0.06759        16       640         0         0         0         0         0         0         0
     28/49     4.79G  0.006593  0.009904   0.05082   0.06731        18       640         0         0         0         0         0         0         0
     29/49     4.79G  0.006332  0.009735    0.0502   0.06627        12       640         0         0         0         0         0         0         0
     30/49     4.79G  0.006194  0.009844   0.05007   0.06611        18       640         0         0         0         0         0         0         0
     31/49     4.79G  0.006137  0.009807   0.04981   0.06575        19       640         0         0         0         0         0         0         0
     32/49     4.79G  0.005908   0.00975   0.04951   0.06517        14       640         0         0         0         0         0         0         0
     33/49     4.79G  0.005794  0.009603   0.04923   0.06463        15       640         0         0         0         0         0         0         0
     34/49     4.79G  0.005668   0.00942   0.04911    0.0642        12       640         0         0         0         0         0         0         0
     35/49     4.79G  0.005435  0.009414   0.04899   0.06384        21       640         0         0         0         0         0         0         0
     36/49     4.79G  0.005358   0.00933   0.04838   0.06306        14       640         0         0         0         0         0         0         0
     37/49     4.79G   0.00533  0.009421   0.04869   0.06344        14       640         0         0         0         0         0         0         0
     38/49     4.79G  0.005176  0.009457   0.04839   0.06302        17       640         0         0         0         0         0         0         0
     39/49     4.79G  0.005056   0.00934   0.04853   0.06292        12       640         0         0         0         0         0         0         0
     40/49     4.79G  0.004926  0.009158   0.04786   0.06194        20       640         0         0         0         0         0         0         0
     41/49     4.79G  0.004921  0.009147   0.04824   0.06231        13       640         0         0         0         0         0         0         0
     42/49     4.79G  0.004749  0.009101   0.04764   0.06149        15       640         0         0         0         0         0         0         0
     43/49     4.79G  0.004774  0.009146   0.04749   0.06141        13       640         0         0         0         0         0         0         0
     44/49     4.79G  0.004604  0.008984   0.04749   0.06108        22       640         0         0         0         0         0         0         0
     45/49     4.79G  0.004577  0.008982   0.04689   0.06045        19       640         0         0         0         0         0         0         0
     46/49     4.79G  0.004549  0.008992   0.04763   0.06117        15       640         0         0         0         0         0         0         0
     47/49     4.79G  0.004395   0.00893   0.04768   0.06101        12       640         0         0         0         0         0         0         0
     48/49     4.79G  0.004403  0.008919   0.04729   0.06061        18       640         0         0         0         0         0         0         0
     49/49     4.79G  0.004356  0.008985     0.047   0.06034        13       640    0.4646    0.7414    0.5517    0.5443   0.00494   0.01244   0.04579
      0/49     4.79G   0.07376   0.04352   0.05634    0.1736        15       640         0         0         0         0         0         0         0
      1/49     4.79G   0.03567   0.04885   0.05251     0.137        13       640         0         0         0         0         0         0         0
      2/49     4.79G   0.03695   0.03939    0.0521    0.1284        20       640         0         0         0         0         0         0         0
      3/49     4.79G   0.04143   0.03235   0.05201    0.1258        16       640         0         0         0         0         0         0         0
      4/49     4.79G   0.03438   0.02821   0.05196    0.1145        14       640         0         0         0         0         0         0         0
      5/49     4.79G   0.02832   0.02433   0.05193    0.1046        13       640         0         0         0         0         0         0         0
      6/49     4.79G    0.0234   0.02144   0.05194   0.09679        12       640         0         0         0         0         0         0         0
      7/49     4.79G   0.02104   0.01943    0.0519   0.09237        12       640         0         0         0         0         0         0         0
      8/49     4.79G   0.01886   0.01786   0.05191   0.08863        13       640         0         0         0         0         0         0         0
      9/49     4.79G   0.01751   0.01685   0.05188   0.08624        15       640         0         0         0         0         0         0         0
     10/49     4.79G   0.01571   0.01611   0.05186   0.08367        17       640         0         0         0         0         0         0         0
     11/49     4.79G    0.0145   0.01565   0.05186   0.08201        17       640         0         0         0         0         0         0         0
     12/49     4.79G   0.01429     0.015   0.05186   0.08115        18       640         0         0         0         0         0         0         0
     13/49     4.79G   0.01365    0.0148   0.05183   0.08028        15       640         0         0         0         0         0         0         0
     14/49     4.79G   0.01251   0.01405   0.05184   0.07841        12       640         0         0         0         0         0         0         0
     15/49     4.79G   0.01255    0.0133   0.05184   0.07768        15       640         0         0         0         0         0         0         0
     16/49     4.79G   0.01203   0.01295   0.05181   0.07679        12       640         0         0         0         0         0         0         0
     17/49     4.79G   0.01163    0.0128   0.05185   0.07628        18       640         0         0         0         0         0         0         0
     18/49     4.79G     0.011   0.01222   0.05183   0.07505        21       640         0         0         0         0         0         0         0
     19/49     4.79G    0.0105   0.01195   0.05182   0.07426        15       640         0         0         0         0         0         0         0
     20/49     4.79G  0.009946   0.01194   0.05181    0.0737        13       640         0         0         0         0         0         0         0
     21/49     4.79G  0.009805   0.01169   0.05182   0.07332        13       640         0         0         0         0         0         0         0
     22/49     4.79G  0.009463   0.01159    0.0518   0.07284        13       640         0         0         0         0         0         0         0
     23/49     4.79G  0.009513    0.0115   0.05178   0.07279        16       640         0         0         0         0         0         0         0
     24/49     4.79G  0.008914   0.01119   0.05178   0.07188        16       640         0         0         0         0         0         0         0
     25/49     4.79G  0.008344    0.0111   0.05175    0.0712        17       640         0         0         0         0         0         0         0
     26/49     4.79G  0.007764    0.0109   0.05175   0.07041        13       640         0         0         0         0         0         0         0
     27/49     4.79G  0.007462   0.01085   0.05172   0.07003        17       640         0         0         0         0         0         0         0
     28/49     4.79G  0.007423    0.0105   0.05168   0.06961        15       640         0         0         0         0         0         0         0
     29/49     4.79G  0.007217   0.01048   0.05174   0.06944        15       640         0         0         0         0         0         0         0
     30/49     4.79G  0.006885   0.01069   0.05165   0.06922        19       640         0         0         0         0         0         0         0
     31/49     4.79G  0.006613   0.01038   0.05164   0.06863        19       640         0         0         0         0         0         0         0
     32/49     4.79G  0.006483   0.01034   0.05159   0.06842        15       640         0         0         0         0         0         0         0
     33/49     4.79G  0.006272   0.01044   0.05149    0.0682        20       640         0         0         0         0         0         0         0
     34/49     4.79G  0.005954      0.01   0.05145   0.06741        13       640         0         0         0         0         0         0         0
     35/49     4.79G  0.005738   0.01016   0.05134   0.06723        18       640         0         0         0         0         0         0         0
     36/49     4.79G  0.005661  0.009978   0.05122   0.06686        17       640         0         0         0         0         0         0         0
     37/49     4.79G  0.005622   0.01024   0.05116   0.06702        12       640         0         0         0         0         0         0         0
     38/49     4.79G  0.005394   0.01013   0.05098    0.0665        25       640         0         0         0         0         0         0         0
     39/49     4.79G  0.005421  0.009919   0.05074   0.06608        15       640         0         0         0         0         0         0         0
     40/49     4.79G  0.005255  0.009837   0.05043   0.06552        16       640         0         0         0         0         0         0         0
     41/49     4.79G  0.005195  0.009799   0.05024   0.06523        16       640         0         0         0         0         0         0         0
     42/49     4.79G  0.005108  0.009811   0.04989   0.06481        12       640         0         0         0         0         0         0         0
     43/49     4.79G  0.005154  0.009893   0.04972   0.06477        16       640         0         0         0         0         0         0         0
     44/49     4.79G  0.005032  0.009839   0.04952   0.06439        14       640         0         0         0         0         0         0         0
     45/49     4.79G  0.005048  0.009798   0.04914   0.06399        15       640         0         0         0         0         0         0         0
     46/49     4.79G   0.00505  0.009729   0.04897   0.06374        15       640         0         0         0         0         0         0         0
     47/49     4.79G  0.005001  0.009673   0.04878   0.06345        16       640         0         0         0         0         0         0         0
     48/49     4.79G  0.004935  0.009765   0.04851   0.06321        15       640         0         0         0         0         0         0         0
     49/49     4.79G  0.004962  0.009782   0.04847   0.06321        15       640    0.2974    0.8031    0.3528     0.343  0.005325   0.01346   0.04723
      0/49     4.79G   0.04499   0.05358    0.0856    0.1842        15       640         0         0         0         0         0         0         0
      1/49     4.79G   0.02501   0.03663   0.08226    0.1439        16       640         0         0         0         0         0         0         0
      2/49     4.79G    0.0246    0.0263     0.082    0.1329        12       640         0         0         0         0         0         0         0
      3/49     4.79G   0.02492   0.02338   0.08186    0.1302        16       640         0         0         0         0         0         0         0
      4/49     4.79G   0.01971   0.02132   0.08099     0.122        14       640         0         0         0         0         0         0         0
      5/49     4.79G   0.01529   0.01961   0.07774    0.1126        13       640         0         0         0         0         0         0         0
      6/49     4.79G   0.01358   0.01852   0.07466    0.1068        21       640         0         0         0         0         0         0         0
      7/49     4.79G   0.01215   0.01772   0.07304    0.1029        18       640         0         0         0         0         0         0         0
      8/49     4.79G   0.01109   0.01693   0.07213    0.1002        15       640         0         0         0         0         0         0         0
      9/49     4.79G   0.01044   0.01566   0.07129   0.09739        21       640         0         0         0         0         0         0         0
     10/49     4.79G  0.009609   0.01505   0.07071   0.09536        15       640         0         0         0         0         0         0         0
     11/49     4.79G  0.009512    0.0149   0.07041   0.09483        15       640         0         0         0         0         0         0         0
     12/49     4.79G  0.008675   0.01435   0.06999   0.09302        16       640         0         0         0         0         0         0         0
     13/49     4.79G  0.008477    0.0142   0.06925   0.09192        12       640         0         0         0         0         0         0         0
     14/49     4.79G  0.007882   0.01394   0.06853   0.09035        15       640         0         0         0         0         0         0         0
     15/49     4.79G  0.007785   0.01376   0.06838   0.08992        12       640         0         0         0         0         0         0         0
     16/49     4.79G  0.007598   0.01366   0.06809   0.08934        13       640         0         0         0         0         0         0         0
     17/49     4.79G  0.007303   0.01361   0.06727   0.08818        16       640         0         0         0         0         0         0         0
     18/49     4.79G  0.007122   0.01332   0.06667   0.08711        15       640         0         0         0         0         0         0         0
     19/49     4.79G  0.006768   0.01322   0.06623   0.08622        16       640         0         0         0         0         0         0         0
     20/49     4.79G  0.006894   0.01305   0.06569   0.08563        15       640         0         0         0         0         0         0         0
     21/49     4.79G  0.006461   0.01294   0.06576   0.08516        14       640         0         0         0         0         0         0         0
     22/49     4.79G  0.006359   0.01267   0.06489   0.08392        16       640         0         0         0         0         0         0         0
     23/49     4.79G  0.006161   0.01281   0.06489   0.08386        18       640         0         0         0         0         0         0         0
     24/49     4.79G   0.00608   0.01262   0.06484   0.08354        15       640         0         0         0         0         0         0         0
     25/49     4.79G  0.005855   0.01242   0.06389   0.08216        17       640         0         0         0         0         0         0         0
     26/49     4.79G  0.005706   0.01234   0.06404   0.08208        13       640         0         0         0         0         0         0         0
     27/49     4.79G  0.005456   0.01222   0.06344   0.08111        16       640         0         0         0         0         0         0         0
     28/49     4.79G  0.005385   0.01197   0.06321   0.08056        13       640         0         0         0         0         0         0         0
     29/49     4.79G   0.00507   0.01199   0.06278   0.07984        21       640         0         0         0         0         0         0         0
     30/49     4.79G  0.004992   0.01185    0.0629   0.07974        18       640         0         0         0         0         0         0         0
     31/49     4.79G  0.004823   0.01176   0.06249   0.07907        12       640         0         0         0         0         0         0         0
     32/49     4.79G  0.004713   0.01148     0.062   0.07819        16       640         0         0         0         0         0         0         0
     33/49     4.79G  0.004557   0.01157   0.06196   0.07808        16       640         0         0         0         0         0         0         0
     34/49     4.79G  0.004461   0.01143    0.0619   0.07778        13       640         0         0         0         0         0         0         0
     35/49     4.79G  0.004337   0.01137   0.06158   0.07728        20       640         0         0         0         0         0         0         0
     36/49     4.79G   0.00425    0.0114   0.06099   0.07664        13       640         0         0         0         0         0         0         0
     37/49     4.79G  0.004217   0.01126   0.06085   0.07633        12       640         0         0         0         0         0         0         0
     38/49     4.79G  0.004094   0.01144   0.06088   0.07641        18       640         0         0         0         0         0         0         0
     39/49     4.79G  0.003964   0.01129   0.06098   0.07624        16       640         0         0         0         0         0         0         0
     40/49     4.79G  0.003901   0.01103   0.06029   0.07523        13       640         0         0         0         0         0         0         0
     41/49     4.79G  0.003831   0.01102   0.06036   0.07521        18       640         0         0         0         0         0         0         0
     42/49     4.79G  0.003807   0.01102   0.06024   0.07507        14       640         0         0         0         0         0         0         0
     43/49     4.79G  0.003734   0.01096   0.06047   0.07516        25       640         0         0         0         0         0         0         0
     44/49     4.79G  0.003667   0.01121   0.05983    0.0747        12       640         0         0         0         0         0         0         0
     45/49     4.79G  0.003618   0.01077   0.05961     0.074        18       640         0         0         0         0         0         0         0
     46/49     4.79G  0.003636   0.01084   0.05921   0.07369        13       640         0         0         0         0         0         0         0
     47/49     4.79G  0.003628   0.01084   0.05955   0.07402        15       640         0         0         0         0         0         0         0
     48/49     4.79G  0.003496    0.0108   0.05933   0.07362        15       640         0         0         0         0         0         0         0
     49/49     4.79G  0.003527   0.01082   0.05949   0.07384        14       640    0.4968    0.7375    0.5637    0.5535  0.004638   0.01609   0.05741
      0/49      4.8G   0.03875   0.04779   0.07846     0.165        15       640         0         0         0         0         0         0         0
      1/49      4.8G   0.01669   0.03676   0.07507    0.1285        19       640         0         0         0         0         0         0         0
      2/49      4.8G   0.01797   0.02499   0.07501     0.118        15       640         0         0         0         0         0         0         0
      3/49      4.8G   0.02006     0.022   0.07487    0.1169        15       640         0         0         0         0         0         0         0
      4/49      4.8G   0.01684   0.02045   0.07481    0.1121        16       640         0         0         0         0         0         0         0
      5/49      4.8G   0.01497   0.01893   0.07474    0.1086        15       640         0         0         0         0         0         0         0
      6/49      4.8G    0.0129   0.01791   0.07469    0.1055        15       640         0         0         0         0         0         0         0
      7/49      4.8G   0.01146   0.01692   0.07468    0.1031        12       640         0         0         0         0         0         0         0
      8/49      4.8G   0.01064   0.01606   0.07466    0.1014        15       640         0         0         0         0         0         0         0
      9/49      4.8G  0.009737   0.01492   0.07465   0.09931        13       640         0         0         0         0         0         0         0
     10/49      4.8G  0.009373   0.01427   0.07461   0.09825        13       640         0         0         0         0         0         0         0
     11/49      4.8G   0.00891   0.01381   0.07468    0.0974        14       640         0         0         0         0         0         0         0
     12/49      4.8G  0.008333    0.0134   0.07462   0.09636        13       640         0         0         0         0         0         0         0
     13/49      4.8G  0.008225   0.01314   0.07462   0.09599        18       640         0         0         0         0         0         0         0
     14/49      4.8G  0.007509   0.01309    0.0746   0.09519        12       640         0         0         0         0         0         0         0
     15/49      4.8G  0.007375   0.01267   0.07454   0.09459        17       640         0         0         0         0         0         0         0
     16/49      4.8G  0.006874   0.01259   0.07448   0.09395        15       640         0         0         0         0         0         0         0
     17/49      4.8G  0.006873   0.01233   0.07434   0.09354        12       640         0         0         0         0         0         0         0
     18/49      4.8G  0.006802   0.01228   0.07398   0.09307        16       640         0         0         0         0         0         0         0
     19/49      4.8G   0.00639   0.01211   0.07305   0.09155        12       640         0         0         0         0         0         0         0
     20/49      4.8G  0.006302   0.01202   0.07151   0.08983        12       640         0         0         0         0         0         0         0
     21/49      4.8G  0.006337   0.01221   0.07007   0.08862        13       640         0         0         0         0         0         0         0
     22/49      4.8G  0.006185   0.01192   0.06888   0.08699        17       640         0         0         0         0         0         0         0
     23/49      4.8G  0.006331   0.01206   0.06786   0.08625        17       640         0         0         0         0         0         0         0
     24/49      4.8G  0.005849   0.01196    0.0677   0.08551        13       640         0         0         0         0         0         0         0
     25/49      4.8G  0.005726   0.01193   0.06693   0.08459        13       640         0         0         0         0         0         0         0
     26/49      4.8G  0.005542   0.01161   0.06639   0.08354        12       640         0         0         0         0         0         0         0
     27/49      4.8G  0.005295   0.01176   0.06548   0.08253        18       640         0         0         0         0         0         0         0
     28/49      4.8G  0.005137   0.01151    0.0653   0.08195        15       640         0         0         0         0         0         0         0
     29/49      4.8G  0.005097   0.01161   0.06481   0.08152        12       640         0         0         0         0         0         0         0
     30/49      4.8G  0.004835   0.01121   0.06435   0.08039        19       640         0         0         0         0         0         0         0
     31/49      4.8G  0.004735   0.01114   0.06452    0.0804        16       640         0         0         0         0         0         0         0
     32/49      4.8G  0.004569   0.01129   0.06388   0.07974        19       640         0         0         0         0         0         0         0
     33/49      4.8G  0.004416   0.01094   0.06391   0.07926        15       640         0         0         0         0         0         0         0
     34/49      4.8G  0.004391   0.01098    0.0636   0.07897        16       640         0         0         0         0         0         0         0
     35/49      4.8G  0.004263   0.01085   0.06322   0.07833        18       640         0         0         0         0         0         0         0
     36/49      4.8G  0.004115   0.01077   0.06307   0.07796        15       640         0         0         0         0         0         0         0
     37/49      4.8G  0.003942   0.01074   0.06316   0.07785        16       640         0         0         0         0         0         0         0
     38/49      4.8G  0.003875   0.01044   0.06312   0.07744        13       640         0         0         0         0         0         0         0
     39/49      4.8G  0.003868   0.01073   0.06283   0.07742        21       640         0         0         0         0         0         0         0
     40/49      4.8G  0.003794   0.01078   0.06258   0.07715        14       640         0         0         0         0         0         0         0
     41/49      4.8G  0.003794   0.01045   0.06247   0.07671        16       640         0         0         0         0         0         0         0
     42/49      4.8G  0.003685   0.01041   0.06211    0.0762        19       640         0         0         0         0         0         0         0
     43/49      4.8G  0.003646   0.01045   0.06207   0.07617        16       640         0         0         0         0         0         0         0
     44/49      4.8G  0.003685   0.01039   0.06184   0.07591        18       640         0         0         0         0         0         0         0
     45/49      4.8G  0.003642   0.01041   0.06216   0.07621        15       640         0         0         0         0         0         0         0
     46/49      4.8G  0.003544   0.01017   0.06179   0.07551        17       640         0         0         0         0         0         0         0
     47/49      4.8G   0.00353   0.01033   0.06163   0.07549        14       640         0         0         0         0         0         0         0
     48/49      4.8G  0.003513   0.01019   0.06153   0.07523        19       640         0         0         0         0         0         0         0
     49/49      4.8G  0.003528   0.01022   0.06162   0.07536        14       640    0.3899      0.77    0.4637    0.4552  0.003961   0.01459   0.05913
      0/49     4.79G   0.05241   0.05178   0.08286     0.187        15       640         0         0         0         0         0         0         0
      1/49     4.79G   0.02726   0.04386   0.07921    0.1503        13       640         0         0         0         0         0         0         0
      2/49     4.79G   0.02985   0.02893   0.07908    0.1379        17       640         0         0         0         0         0         0         0
      3/49     4.79G   0.03024   0.02519   0.07894    0.1344        19       640         0         0         0         0         0         0         0
      4/49     4.79G   0.02289   0.02273   0.07882    0.1244        17       640         0         0         0         0         0         0         0
      5/49     4.79G   0.01669   0.02005   0.07878    0.1155        12       640         0         0         0         0         0         0         0
      6/49     4.79G   0.01403   0.01799   0.07852    0.1105        18       640         0         0         0         0         0         0         0
      7/49     4.79G   0.01204   0.01703   0.07695     0.106        16       640         0         0         0         0         0         0         0
      8/49     4.79G   0.01158   0.01664   0.07377     0.102        15       640         0         0         0         0         0         0         0
      9/49     4.79G   0.01064   0.01625    0.0719   0.09879        15       640         0         0         0         0         0         0         0
     10/49     4.79G   0.01006   0.01505   0.07058   0.09569        13       640         0         0         0         0         0         0         0
     11/49     4.79G  0.009765   0.01473   0.06934   0.09383        21       640         0         0         0         0         0         0         0
     12/49     4.79G  0.009448   0.01406   0.06875   0.09226        12       640         0         0         0         0         0         0         0
     13/49     4.79G   0.00871   0.01405   0.06793   0.09069        18       640         0         0         0         0         0         0         0
     14/49     4.79G  0.008129    0.0135   0.06717    0.0888        16       640         0         0         0         0         0         0         0
     15/49     4.79G  0.008038   0.01339    0.0672   0.08862        15       640         0         0         0         0         0         0         0
     16/49     4.79G  0.007895   0.01312   0.06678    0.0878        12       640         0         0         0         0         0         0         0
     17/49     4.79G  0.007631   0.01284   0.06599   0.08647        17       640         0         0         0         0         0         0         0
     18/49     4.79G  0.007397   0.01264    0.0662   0.08623        16       640         0         0         0         0         0         0         0
     19/49     4.79G  0.006874   0.01267    0.0663   0.08584        15       640         0         0         0         0         0         0         0
     20/49     4.79G  0.006631   0.01243   0.06521   0.08427        12       640         0         0         0         0         0         0         0
     21/49     4.79G  0.006659   0.01227   0.06485   0.08379        18       640         0         0         0         0         0         0         0
     22/49     4.79G  0.006386   0.01214   0.06429   0.08282        18       640         0         0         0         0         0         0         0
     23/49     4.79G  0.006345   0.01219   0.06422   0.08276        15       640         0         0         0         0         0         0         0
     24/49     4.79G  0.006134   0.01186   0.06304   0.08103        18       640         0         0         0         0         0         0         0
     25/49     4.79G  0.005866   0.01196   0.06344   0.08126        17       640         0         0         0         0         0         0         0
     26/49     4.79G  0.005723   0.01175   0.06267   0.08015        13       640         0         0         0         0         0         0         0
     27/49     4.79G  0.005518   0.01165    0.0624   0.07957        21       640         0         0         0         0         0         0         0
     28/49     4.79G  0.005391   0.01136   0.06252   0.07927        13       640         0         0         0         0         0         0         0
     29/49     4.79G   0.00507   0.01133   0.06165   0.07805        17       640         0         0         0         0         0         0         0
     30/49     4.79G  0.005011   0.01136   0.06215   0.07852        16       640         0         0         0         0         0         0         0
     31/49     4.79G  0.004885   0.01135   0.06102   0.07726        15       640         0         0         0         0         0         0         0
     32/49     4.79G  0.004837   0.01135   0.06117   0.07735        19       640         0         0         0         0         0         0         0
     33/49     4.79G  0.004662   0.01104   0.06053   0.07623        15       640         0         0         0         0         0         0         0
     34/49     4.79G  0.004545   0.01109   0.06021   0.07584        16       640         0         0         0         0         0         0         0
     35/49     4.79G  0.004415   0.01099   0.06026   0.07566        15       640         0         0         0         0         0         0         0
     36/49     4.79G  0.004286   0.01096   0.05989   0.07514        18       640         0         0         0         0         0         0         0
     37/49     4.79G  0.004308   0.01091    0.0599   0.07512        19       640         0         0         0         0         0         0         0
     38/49     4.79G  0.004124   0.01103   0.05942   0.07457        13       640         0         0         0         0         0         0         0
     39/49     4.79G  0.004103   0.01094    0.0596   0.07464        13       640         0         0         0         0         0         0         0
     40/49     4.79G  0.003945   0.01066   0.05925   0.07386        18       640         0         0         0         0         0         0         0
     41/49     4.79G  0.003923   0.01075   0.05925   0.07392        12       640         0         0         0         0         0         0         0
     42/49     4.79G   0.00381    0.0106   0.05907   0.07347        12       640         0         0         0         0         0         0         0
     43/49     4.79G   0.00378   0.01047   0.05907   0.07332        16       640         0         0         0         0         0         0         0
     44/49     4.79G  0.003688   0.01058   0.05861   0.07289        18       640         0         0         0         0         0         0         0
     45/49     4.79G  0.003673   0.01048   0.05875   0.07291        14       640         0         0         0         0         0         0         0
     46/49     4.79G  0.003621   0.01034   0.05855   0.07251        21       640         0         0         0         0         0         0         0
     47/49     4.79G   0.00357   0.01037    0.0587   0.07264        16       640         0         0         0         0         0         0         0
     48/49     4.79G  0.003534    0.0104    0.0581   0.07203        13       640         0         0         0         0         0         0         0
     49/49     4.79G  0.003543   0.01037   0.05837   0.07228        16       640    0.4735    0.7705    0.5519    0.5437  0.005008   0.01518   0.05607
      0/49     4.79G    0.0521   0.05819   0.08056    0.1909        13       640         0         0         0         0         0         0         0
      1/49     4.79G   0.02706    0.0468    0.0768    0.1507        15       640         0         0         0         0         0         0         0
      2/49     4.79G   0.02892   0.03191   0.07659    0.1374        15       640         0         0         0         0         0         0         0
      3/49     4.79G   0.03001     0.028   0.07641    0.1344        12       640         0         0         0         0         0         0         0
      4/49     4.79G   0.02252   0.02574   0.07628    0.1245        12       640         0         0         0         0         0         0         0
      5/49     4.79G   0.01731   0.02262   0.07617    0.1161        14       640         0         0         0         0         0         0         0
      6/49     4.79G   0.01491    0.0205   0.07466    0.1101        16       640         0         0         0         0         0         0         0
      7/49     4.79G   0.01292   0.01944   0.07149    0.1039        15       640         0         0         0         0         0         0         0
      8/49     4.79G   0.01172   0.01902   0.06954    0.1003        21       640         0         0         0         0         0         0         0
      9/49     4.79G   0.01088   0.01806   0.06842   0.09737        16       640         0         0         0         0         0         0         0
     10/49     4.79G   0.01052   0.01681   0.06714   0.09447        12       640         0         0         0         0         0         0         0
     11/49     4.79G  0.009893   0.01631   0.06651   0.09271        18       640         0         0         0         0         0         0         0
     12/49     4.79G  0.008994   0.01587   0.06606   0.09092        12       640         0         0         0         0         0         0         0
     13/49     4.79G  0.008784   0.01594   0.06591   0.09063        15       640         0         0         0         0         0         0         0
     14/49     4.79G  0.008357   0.01537   0.06519   0.08891        14       640         0         0         0         0         0         0         0
     15/49     4.79G  0.008109    0.0151   0.06504   0.08825        13       640         0         0         0         0         0         0         0
     16/49     4.79G  0.007806   0.01499   0.06427   0.08707        12       640         0         0         0         0         0         0         0
     17/49     4.79G  0.007458   0.01457   0.06421   0.08624        12       640         0         0         0         0         0         0         0
     18/49     4.79G  0.007265   0.01475   0.06384   0.08586        13       640         0         0         0         0         0         0         0
     19/49     4.79G  0.007221   0.01419   0.06399   0.08541        18       640         0         0         0         0         0         0         0
     20/49     4.79G  0.006794   0.01432    0.0633   0.08442        14       640         0         0         0         0         0         0         0
     21/49     4.79G  0.006638   0.01416   0.06257   0.08337        18       640         0         0         0         0         0         0         0
     22/49     4.79G  0.006363   0.01396   0.06216   0.08248        12       640         0         0         0         0         0         0         0
     23/49     4.79G  0.006103    0.0138   0.06146   0.08135        13       640         0         0         0         0         0         0         0
     24/49     4.79G  0.006113   0.01374   0.06146   0.08131        17       640         0         0         0         0         0         0         0
     25/49     4.79G  0.005877   0.01334   0.06118    0.0804        15       640         0         0         0         0         0         0         0
     26/49     4.79G  0.005729   0.01349   0.06104   0.08026        13       640         0         0         0         0         0         0         0
     27/49     4.79G  0.005503   0.01332   0.06041   0.07923        13       640         0         0         0         0         0         0         0
     28/49     4.79G  0.005404   0.01331   0.05993   0.07864        15       640         0         0         0         0         0         0         0
     29/49     4.79G  0.005293   0.01319   0.05972   0.07821        18       640         0         0         0         0         0         0         0
     30/49     4.79G  0.005096   0.01306   0.05945   0.07761        13       640         0         0         0         0         0         0         0
     31/49     4.79G  0.004934   0.01282   0.05957   0.07733        13       640         0         0         0         0         0         0         0
     32/49     4.79G  0.004763   0.01265   0.05854   0.07596        13       640         0         0         0         0         0         0         0
     33/49     4.79G  0.004512    0.0126   0.05905   0.07615        15       640         0         0         0         0         0         0         0
     34/49     4.79G  0.004474   0.01264   0.05849   0.07561        22       640         0         0         0         0         0         0         0
     35/49     4.79G  0.004375   0.01251   0.05885   0.07573        17       640         0         0         0         0         0         0         0
     36/49     4.79G  0.004207   0.01245   0.05846   0.07511        13       640         0         0         0         0         0         0         0
     37/49     4.79G  0.004184   0.01212    0.0577     0.074        13       640         0         0         0         0         0         0         0
     38/49     4.79G  0.004046   0.01207   0.05801   0.07413        13       640         0         0         0         0         0         0         0
     39/49     4.79G  0.003907   0.01215    0.0579   0.07395        15       640         0         0         0         0         0         0         0
     40/49     4.79G  0.003873   0.01216   0.05773   0.07376        14       640         0         0         0         0         0         0         0
     41/49     4.79G  0.003763   0.01194   0.05685   0.07255        15       640         0         0         0         0         0         0         0
     42/49     4.79G  0.003815   0.01199   0.05724   0.07305        13       640         0         0         0         0         0         0         0
     43/49     4.79G  0.003625   0.01183   0.05729   0.07274        14       640         0         0         0         0         0         0         0
     44/49     4.79G   0.00367   0.01185   0.05648   0.07199        15       640         0         0         0         0         0         0         0
     45/49     4.79G  0.003536   0.01151   0.05706   0.07211        18       640         0         0         0         0         0         0         0
     46/49     4.79G  0.003505   0.01164   0.05723   0.07237        18       640         0         0         0         0         0         0         0
     47/49     4.79G  0.003497   0.01178   0.05653   0.07181        12       640         0         0         0         0         0         0         0
     48/49     4.79G  0.003437   0.01166   0.05666   0.07176        15       640         0         0         0         0         0         0         0
     49/49     4.79G  0.003476   0.01175   0.05658    0.0718        15       640    0.4722    0.7517    0.5541    0.5457  0.004683   0.01791   0.05386
      0/49      4.8G   0.04276   0.05074   0.07614    0.1696        15       640         0         0         0         0         0         0         0
      1/49      4.8G   0.01921   0.03645   0.07275    0.1284        19       640         0         0         0         0         0         0         0
      2/49      4.8G   0.02059   0.02543    0.0726    0.1186        15       640         0         0         0         0         0         0         0
      3/49      4.8G   0.02272    0.0225   0.07246    0.1177        15       640         0         0         0         0         0         0         0
      4/49      4.8G   0.01872   0.02102   0.07243    0.1122        16       640         0         0         0         0         0         0         0
      5/49      4.8G   0.01596   0.01925   0.07238    0.1076        15       640         0         0         0         0         0         0         0
      6/49      4.8G    0.0136   0.01814   0.07233    0.1041        15       640         0         0         0         0         0         0         0
      7/49      4.8G   0.01331   0.01738   0.07232     0.103        12       640         0         0         0         0         0         0         0
      8/49      4.8G   0.01114   0.01668   0.07229    0.1001        16       640         0         0         0         0         0         0         0
      9/49      4.8G   0.01097   0.01611    0.0723   0.09937        13       640         0         0         0         0         0         0         0
     10/49      4.8G   0.01065   0.01498   0.07223   0.09786        12       640         0         0         0         0         0         0         0
     11/49      4.8G  0.009828   0.01439   0.07229   0.09651        12       640         0         0         0         0         0         0         0
     12/49      4.8G  0.008766   0.01384   0.07228   0.09489        13       640         0         0         0         0         0         0         0
     13/49      4.8G  0.008517    0.0134   0.07224   0.09415        16       640         0         0         0         0         0         0         0
     14/49      4.8G  0.008135   0.01347   0.07225   0.09386        15       640         0         0         0         0         0         0         0
     15/49      4.8G  0.008157   0.01314   0.07222   0.09352        18       640         0         0         0         0         0         0         0
     16/49      4.8G   0.00756   0.01292   0.07222   0.09271        15       640         0         0         0         0         0         0         0
     17/49      4.8G  0.007332   0.01257   0.07219   0.09209        14       640         0         0         0         0         0         0         0
     18/49      4.8G  0.007506   0.01238   0.07221    0.0921        20       640         0         0         0         0         0         0         0
     19/49      4.8G   0.00707   0.01221   0.07222    0.0915        15       640         0         0         0         0         0         0         0
     20/49      4.8G  0.006663   0.01181   0.07217   0.09064        13       640         0         0         0         0         0         0         0
     21/49      4.8G  0.006392   0.01177   0.07216   0.09032        13       640         0         0         0         0         0         0         0
     22/49      4.8G  0.006331   0.01171   0.07214   0.09019        19       640         0         0         0         0         0         0         0
     23/49      4.8G  0.006158   0.01162   0.07215   0.08992        16       640         0         0         0         0         0         0         0
     24/49      4.8G  0.005839   0.01161   0.07212   0.08957        15       640         0         0         0         0         0         0         0
     25/49      4.8G  0.005611   0.01158   0.07209   0.08928        16       640         0         0         0         0         0         0         0
     26/49      4.8G  0.005518   0.01119   0.07203   0.08874        15       640         0         0         0         0         0         0         0
     27/49      4.8G  0.005151   0.01137   0.07192   0.08844        15       640         0         0         0         0         0         0         0
     28/49      4.8G  0.004964   0.01118   0.07177   0.08791        16       640         0         0         0         0         0         0         0
     29/49      4.8G  0.004975   0.01128   0.07146   0.08771        21       640         0         0         0         0         0         0         0
     30/49      4.8G  0.004874    0.0109   0.07087   0.08664        12       640         0         0         0         0         0         0         0
     31/49      4.8G  0.004825   0.01092    0.0702   0.08595        13       640         0         0         0         0         0         0         0
     32/49      4.8G  0.004784    0.0112   0.06894   0.08492        13       640         0         0         0         0         0         0         0
     33/49      4.8G  0.004685   0.01101   0.06813   0.08382        16       640         0         0         0         0         0         0         0
     34/49      4.8G   0.00472   0.01131   0.06735   0.08338        20       640         0         0         0         0         0         0         0
     35/49      4.8G  0.004637   0.01103   0.06682   0.08248        13       640         0         0         0         0         0         0         0
     36/49      4.8G  0.004587   0.01114   0.06633   0.08206        15       640         0         0         0         0         0         0         0
     37/49      4.8G   0.00443   0.01104   0.06605   0.08153        19       640         0         0         0         0         0         0         0
     38/49      4.8G  0.004301   0.01088   0.06563   0.08081        16       640         0         0         0         0         0         0         0
     39/49      4.8G  0.004229   0.01099   0.06524   0.08045        13       640         0         0         0         0         0         0         0
     40/49      4.8G  0.004187   0.01098   0.06484   0.08001        12       640         0         0         0         0         0         0         0
     41/49      4.8G  0.004091   0.01077   0.06449   0.07935        13       640         0         0         0         0         0         0         0
     42/49      4.8G  0.003989   0.01065   0.06453   0.07917        15       640         0         0         0         0         0         0         0
     43/49      4.8G  0.003937   0.01079   0.06369   0.07842        17       640         0         0         0         0         0         0         0
     44/49      4.8G  0.003985   0.01077   0.06405   0.07881        13       640         0         0         0         0         0         0         0
     45/49      4.8G  0.003852   0.01072   0.06357   0.07815        15       640         0         0         0         0         0         0         0
     46/49      4.8G  0.003762    0.0105   0.06344    0.0777        16       640         0         0         0         0         0         0         0
     47/49      4.8G  0.003775   0.01044   0.06306   0.07727        13       640         0         0         0         0         0         0         0
     48/49      4.8G  0.003772   0.01063   0.06301   0.07741        18       640         0         0         0         0         0         0         0
     49/49      4.8G  0.003751   0.01052   0.06285   0.07711        17       640    0.3396    0.8173    0.4055    0.3973   0.00434   0.01515   0.06064
      0/49     4.79G   0.04192    0.0556    0.0955     0.193        15       640         0         0         0         0         0         0         0
      1/49     4.79G   0.02275   0.03528   0.09188    0.1499        16       640         0         0         0         0         0         0         0
      2/49     4.79G   0.02166   0.02636   0.09162    0.1396        12       640         0         0         0         0         0         0         0
      3/49     4.79G   0.02235   0.02344   0.09086    0.1367        16       640         0         0         0         0         0         0         0
      4/49     4.79G   0.01673   0.02193   0.08723    0.1259        14       640         0         0         0         0         0         0         0
      5/49     4.79G   0.01448   0.02051   0.08385    0.1189        13       640         0         0         0         0         0         0         0
      6/49     4.79G   0.01177    0.0189    0.0816    0.1123        21       640         0         0         0         0         0         0         0
      7/49     4.79G   0.01071   0.01735   0.08019    0.1082        18       640         0         0         0         0         0         0         0
      8/49     4.79G  0.009552   0.01667   0.07953    0.1058        15       640         0         0         0         0         0         0         0
      9/49     4.79G  0.008674   0.01613   0.07886    0.1037        21       640         0         0         0         0         0         0         0
     10/49     4.79G   0.00854   0.01573   0.07788    0.1021        15       640         0         0         0         0         0         0         0
     11/49     4.79G   0.00801   0.01553   0.07726    0.1008        15       640         0         0         0         0         0         0         0
     12/49     4.79G  0.007562   0.01504    0.0773    0.0999        16       640         0         0         0         0         0         0         0
     13/49     4.79G  0.007246   0.01498   0.07679   0.09901        12       640         0         0         0         0         0         0         0
     14/49     4.79G  0.006983   0.01463   0.07586   0.09747        15       640         0         0         0         0         0         0         0
     15/49     4.79G  0.006809   0.01447   0.07528   0.09656        12       640         0         0         0         0         0         0         0
     16/49     4.79G  0.006574    0.0143   0.07429   0.09516        13       640         0         0         0         0         0         0         0
     17/49     4.79G   0.00644   0.01423   0.07375   0.09443        14       640         0         0         0         0         0         0         0
     18/49     4.79G  0.006314   0.01396   0.07328   0.09355        16       640         0         0         0         0         0         0         0
     19/49     4.79G  0.006058   0.01376   0.07288   0.09269        18       640         0         0         0         0         0         0         0
     20/49     4.79G  0.005912   0.01354   0.07265   0.09209        16       640         0         0         0         0         0         0         0
     21/49     4.79G  0.005769    0.0135   0.07215   0.09142        14       640         0         0         0         0         0         0         0
     22/49     4.79G  0.005339   0.01326   0.07163   0.09022        18       640         0         0         0         0         0         0         0
     23/49     4.79G  0.005457   0.01324   0.07131      0.09        12       640         0         0         0         0         0         0         0
     24/49     4.79G  0.005207   0.01318   0.07076   0.08915        15       640         0         0         0         0         0         0         0
     25/49     4.79G  0.004984   0.01287   0.07086   0.08871        18       640         0         0         0         0         0         0         0
     26/49     4.79G  0.004794    0.0128   0.07067   0.08826        18       640         0         0         0         0         0         0         0
     27/49     4.79G   0.00476   0.01274   0.06961   0.08711        15       640         0         0         0         0         0         0         0
     28/49     4.79G  0.004559   0.01256   0.06976   0.08688        14       640         0         0         0         0         0         0         0
     29/49     4.79G  0.004472   0.01255   0.06954   0.08657        16       640         0         0         0         0         0         0         0
     30/49     4.79G  0.004292   0.01245   0.06965   0.08639        15       640         0         0         0         0         0         0         0
     31/49     4.79G  0.004142   0.01235   0.06922   0.08571        12       640         0         0         0         0         0         0         0
     32/49     4.79G    0.0042   0.01226   0.06878   0.08524        13       640         0         0         0         0         0         0         0
     33/49     4.79G  0.003946   0.01217   0.06841   0.08453        15       640         0         0         0         0         0         0         0
     34/49     4.79G   0.00395   0.01201   0.06767   0.08363        16       640         0         0         0         0         0         0         0
     35/49     4.79G  0.003814   0.01198   0.06765   0.08344        14       640         0         0         0         0         0         0         0
     36/49     4.79G  0.003698   0.01186   0.06752   0.08307        16       640         0         0         0         0         0         0         0
     37/49     4.79G  0.003657   0.01174   0.06706   0.08246        12       640         0         0         0         0         0         0         0
     38/49     4.79G  0.003636   0.01192   0.06716   0.08271        12       640         0         0         0         0         0         0         0
     39/49     4.79G  0.003479   0.01184   0.06697   0.08229        18       640         0         0         0         0         0         0         0
     40/49     4.79G  0.003398   0.01165   0.06678   0.08183        13       640         0         0         0         0         0         0         0
     41/49     4.79G  0.003388   0.01151   0.06632   0.08122        12       640         0         0         0         0         0         0         0
     42/49     4.79G   0.00334   0.01155   0.06654   0.08143        12       640         0         0         0         0         0         0         0
     43/49     4.79G  0.003227   0.01136   0.06681    0.0814        20       640         0         0         0         0         0         0         0
     44/49     4.79G  0.003208    0.0115   0.06576   0.08047        12       640         0         0         0         0         0         0         0
     45/49     4.79G  0.003145   0.01129   0.06581   0.08024        16       640         0         0         0         0         0         0         0
     46/49     4.79G  0.003153   0.01113   0.06522   0.07951        13       640         0         0         0         0         0         0         0
     47/49     4.79G  0.003158   0.01111   0.06542   0.07969        17       640         0         0         0         0         0         0         0
     48/49     4.79G  0.003088   0.01114   0.06516   0.07939        13       640         0         0         0         0         0         0         0
     49/49     4.79G  0.003089   0.01115   0.06548   0.07971        15       640    0.4701    0.7979    0.5654    0.5568  0.004418   0.01751   0.06389
      0/49     4.79G   0.04736   0.04513    0.1201    0.2125        12       640         0         0         0         0         0         0         0
      1/49     4.79G   0.02298   0.04646    0.1127    0.1822        12       640         0         0         0         0         0         0         0
      2/49     4.79G   0.02531   0.03284    0.1122    0.1704        17       640         0         0         0         0         0         0         0
      3/49     4.79G   0.02881   0.02772    0.1101    0.1666        15       640         0         0         0         0         0         0         0
      4/49     4.79G   0.02469   0.02557     0.105    0.1553        15       640         0         0         0         0         0         0         0
      5/49     4.79G   0.02094   0.02378    0.1022    0.1469        21       640         0         0         0         0         0         0         0
      6/49     4.79G   0.01781   0.02234   0.09997    0.1401        16       640         0         0         0         0         0         0         0
      7/49     4.79G   0.01593   0.02121    0.0982    0.1353        15       640         0         0         0         0         0         0         0
      8/49     4.79G   0.01476   0.02043    0.0965    0.1317        23       640         0         0         0         0         0         0         0
      9/49     4.79G   0.01393   0.01969   0.09588    0.1295        18       640         0         0         0         0         0         0         0
     10/49     4.79G   0.01279   0.01838   0.09422    0.1254        15       640         0         0         0         0         0         0         0
     11/49     4.79G   0.01204   0.01801   0.09326    0.1233        21       640         0         0         0         0         0         0         0
     12/49     4.79G   0.01146   0.01759   0.09233    0.1214        20       640         0         0         0         0         0         0         0
     13/49     4.79G   0.01191   0.01737   0.09174     0.121        15       640         0         0         0         0         0         0         0
     14/49     4.79G   0.01113   0.01701    0.0903    0.1184        17       640         0         0         0         0         0         0         0
     15/49     4.79G   0.01013   0.01653    0.0906    0.1173        15       640         0         0         0         0         0         0         0
     16/49     4.79G  0.009896   0.01637   0.08864    0.1149        13       640         0         0         0         0         0         0         0
     17/49     4.79G  0.009768   0.01579   0.08901    0.1146        15       640         0         0         0         0         0         0         0
     18/49     4.79G  0.009197   0.01523   0.08857     0.113        12       640         0         0         0         0         0         0         0
     19/49     4.79G  0.008999    0.0147   0.08805    0.1118        14       640         0         0         0         0         0         0         0
     20/49     4.79G  0.008675   0.01456   0.08736    0.1106        13       640         0         0         0         0         0         0         0
     21/49     4.79G  0.008626   0.01446   0.08695      0.11        15       640         0         0         0         0         0         0         0
     22/49     4.79G  0.008068   0.01416   0.08741    0.1096        12       640         0         0         0         0         0         0         0
     23/49     4.79G  0.007982   0.01411   0.08608    0.1082        15       640         0         0         0         0         0         0         0
     24/49     4.79G  0.007396   0.01389   0.08585    0.1071        15       640         0         0         0         0         0         0         0
     25/49     4.79G  0.007239   0.01383   0.08517    0.1062        15       640         0         0         0         0         0         0         0
     26/49     4.79G  0.007224   0.01367    0.0856    0.1065        12       640         0         0         0         0         0         0         0
     27/49     4.79G  0.006626   0.01361   0.08445    0.1047        13       640         0         0         0         0         0         0         0
     28/49     4.79G  0.006791   0.01347   0.08439    0.1046        15       640         0         0         0         0         0         0         0
     29/49     4.79G  0.006345   0.01332   0.08374    0.1034        12       640         0         0         0         0         0         0         0
     30/49     4.79G  0.006202   0.01329   0.08401    0.1035        16       640         0         0         0         0         0         0         0
     31/49     4.79G  0.005852   0.01312   0.08354    0.1025        13       640         0         0         0         0         0         0         0
     32/49     4.79G  0.005766   0.01312   0.08284    0.1017        12       640         0         0         0         0         0         0         0
     33/49     4.79G  0.005596   0.01289   0.08266    0.1011        19       640         0         0         0         0         0         0         0
     34/49     4.79G  0.005397   0.01271   0.08221    0.1003        16       640         0         0         0         0         0         0         0
     35/49     4.79G   0.00532   0.01267   0.08167   0.09966        12       640         0         0         0         0         0         0         0
     36/49     4.79G  0.005111   0.01274   0.08214   0.09998        15       640         0         0         0         0         0         0         0
     37/49     4.79G  0.005015   0.01254   0.08116   0.09871        12       640         0         0         0         0         0         0         0
     38/49     4.79G  0.004933   0.01247   0.08052   0.09793        12       640         0         0         0         0         0         0         0
     39/49     4.79G  0.004816   0.01248   0.08118   0.09847        15       640         0         0         0         0         0         0         0
     40/49     4.79G  0.004699   0.01239   0.08044   0.09753        12       640         0         0         0         0         0         0         0
     41/49     4.79G  0.004693   0.01234   0.08017    0.0972        15       640         0         0         0         0         0         0         0
     42/49     4.79G  0.004629   0.01221   0.08097    0.0978        15       640         0         0         0         0         0         0         0
     43/49     4.79G   0.00463   0.01224    0.0806   0.09747        12       640         0         0         0         0         0         0         0
     44/49     4.79G  0.004505   0.01214   0.08014   0.09678        19       640         0         0         0         0         0         0         0
     45/49     4.79G  0.004446    0.0121   0.07983   0.09637        13       640         0         0         0         0         0         0         0
     46/49     4.79G  0.004479   0.01213   0.07975   0.09635        12       640         0         0         0         0         0         0         0
     47/49     4.79G  0.004445   0.01201   0.07918   0.09564        15       640         0         0         0         0         0         0         0
     48/49     4.79G   0.00436   0.01196   0.07835   0.09467        17       640         0         0         0         0         0         0         0
     49/49     4.79G  0.004409    0.0119   0.07863   0.09493        17       640    0.4866    0.7466     0.574    0.5603  0.004135   0.01501   0.07732
      0/49     4.79G   0.04337   0.04399    0.1039    0.1913        15       640         0         0         0         0         0         0         0
      1/49     4.79G   0.02151   0.04277   0.09738    0.1617        16       640         0         0         0         0         0         0         0
      2/49     4.79G   0.02427   0.02937   0.09661    0.1503        12       640         0         0         0         0         0         0         0
      3/49     4.79G   0.02679    0.0253   0.09322    0.1453        17       640         0         0         0         0         0         0         0
      4/49     4.79G   0.02282   0.02374   0.08899    0.1355        16       640         0         0         0         0         0         0         0
      5/49     4.79G    0.0184   0.02217   0.08666    0.1272        14       640         0         0         0         0         0         0         0
      6/49     4.79G   0.01665   0.02092   0.08498    0.1225        21       640         0         0         0         0         0         0         0
      7/49     4.79G   0.01526   0.01987   0.08381    0.1189        17       640         0         0         0         0         0         0         0
      8/49     4.79G   0.01311   0.01874   0.08308    0.1149        13       640         0         0         0         0         0         0         0
      9/49     4.79G   0.01216   0.01794    0.0821    0.1122        24       640         0         0         0         0         0         0         0
     10/49     4.79G   0.01184   0.01734    0.0815    0.1107        15       640         0         0         0         0         0         0         0
     11/49     4.79G   0.01091   0.01701   0.08055    0.1085        19       640         0         0         0         0         0         0         0
     12/49     4.79G   0.01038   0.01642    0.0797    0.1065        19       640         0         0         0         0         0         0         0
     13/49     4.79G    0.0101   0.01636   0.07931    0.1058        12       640         0         0         0         0         0         0         0
     14/49     4.79G  0.009445    0.0159   0.07883    0.1042        16       640         0         0         0         0         0         0         0
     15/49     4.79G  0.009359   0.01521   0.07795    0.1025        12       640         0         0         0         0         0         0         0
     16/49     4.79G  0.009375   0.01486   0.07647    0.1007        16       640         0         0         0         0         0         0         0
     17/49     4.79G   0.00883   0.01459   0.07678    0.1002        15       640         0         0         0         0         0         0         0
     18/49     4.79G  0.008105   0.01405   0.07629   0.09844        13       640         0         0         0         0         0         0         0
     19/49     4.79G  0.008026   0.01409   0.07546   0.09757        16       640         0         0         0         0         0         0         0
     20/49     4.79G   0.00775   0.01372   0.07513    0.0966        15       640         0         0         0         0         0         0         0
     21/49     4.79G   0.00781   0.01376   0.07503   0.09661        16       640         0         0         0         0         0         0         0
     22/49     4.79G  0.007131   0.01325   0.07454   0.09492        18       640         0         0         0         0         0         0         0
     23/49     4.79G     0.007   0.01351   0.07369    0.0942        18       640         0         0         0         0         0         0         0
     24/49     4.79G  0.006798   0.01324   0.07339   0.09343        13       640         0         0         0         0         0         0         0
     25/49     4.79G  0.006499   0.01303   0.07306   0.09259        16       640         0         0         0         0         0         0         0
     26/49     4.79G  0.006188   0.01295   0.07345   0.09259        15       640         0         0         0         0         0         0         0
     27/49     4.79G  0.006139   0.01281   0.07295    0.0919        17       640         0         0         0         0         0         0         0
     28/49     4.79G  0.005905   0.01268   0.07277   0.09135        13       640         0         0         0         0         0         0         0
     29/49     4.79G  0.005579   0.01258   0.07241   0.09057        14       640         0         0         0         0         0         0         0
     30/49     4.79G  0.005331   0.01242   0.07174   0.08949        16       640         0         0         0         0         0         0         0
     31/49     4.79G  0.005181   0.01229   0.07198   0.08946        21       640         0         0         0         0         0         0         0
     32/49     4.79G  0.005197   0.01229   0.07155   0.08904        18       640         0         0         0         0         0         0         0
     33/49     4.79G  0.004809   0.01216   0.07124    0.0882        15       640         0         0         0         0         0         0         0
     34/49     4.79G  0.004825   0.01187   0.07044   0.08714        16       640         0         0         0         0         0         0         0
     35/49     4.79G  0.004726   0.01199   0.07012   0.08684        15       640         0         0         0         0         0         0         0
     36/49     4.79G  0.004584   0.01201   0.06993   0.08652        18       640         0         0         0         0         0         0         0
     37/49     4.79G  0.004461   0.01183   0.06983   0.08612        15       640         0         0         0         0         0         0         0
     38/49     4.79G  0.004311   0.01189   0.06988   0.08608        14       640         0         0         0         0         0         0         0
     39/49     4.79G  0.004191   0.01174   0.06957   0.08549        21       640         0         0         0         0         0         0         0
     40/49     4.79G  0.004144   0.01177   0.06947   0.08538        15       640         0         0         0         0         0         0         0
     41/49     4.79G  0.004091   0.01171   0.06907   0.08488        17       640         0         0         0         0         0         0         0
     42/49     4.79G  0.004066   0.01173   0.06861   0.08441        14       640         0         0         0         0         0         0         0
     43/49     4.79G   0.00401   0.01148   0.06894   0.08444        12       640         0         0         0         0         0         0         0
     44/49     4.79G   0.00397   0.01159    0.0686   0.08416        15       640         0         0         0         0         0         0         0
     45/49     4.79G  0.003904   0.01149   0.06827   0.08366        20       640         0         0         0         0         0         0         0
     46/49     4.79G  0.003898   0.01139   0.06819   0.08348        15       640         0         0         0         0         0         0         0
     47/49     4.79G  0.003873   0.01144   0.06804   0.08335        12       640         0         0         0         0         0         0         0
     48/49     4.79G  0.003812   0.01143    0.0676   0.08284        15       640         0         0         0         0         0         0         0
     49/49     4.79G  0.003828   0.01129   0.06812   0.08324        18       640    0.4781    0.7639    0.5775    0.5643  0.003738   0.01432   0.06687
      0/49     4.79G   0.04308    0.0443    0.1046     0.192        15       640         0         0         0         0         0         0         0
      1/49     4.79G    0.0215   0.04334   0.09821     0.163        15       640         0         0         0         0         0         0         0
      2/49     4.79G   0.02407   0.03002   0.09753    0.1516        12       640         0         0         0         0         0         0         0
      3/49     4.79G   0.02703   0.02549   0.09416    0.1467        12       640         0         0         0         0         0         0         0
      4/49     4.79G   0.02243   0.02379   0.08982     0.136        20       640         0         0         0         0         0         0         0
      5/49     4.79G   0.01836   0.02231   0.08692    0.1276        14       640         0         0         0         0         0         0         0
      6/49     4.79G   0.01628   0.02102   0.08548    0.1228        15       640         0         0         0         0         0         0         0
      7/49     4.79G   0.01483    0.0197   0.08387    0.1184        16       640         0         0         0         0         0         0         0
      8/49     4.79G   0.01312   0.01862   0.08319    0.1149        16       640         0         0         0         0         0         0         0
      9/49     4.79G   0.01236   0.01783   0.08242    0.1126        19       640         0         0         0         0         0         0         0
     10/49     4.79G   0.01129   0.01719   0.08151      0.11        15       640         0         0         0         0         0         0         0
     11/49     4.79G   0.01116   0.01704   0.08071    0.1089        12       640         0         0         0         0         0         0         0
     12/49     4.79G   0.01009   0.01652   0.07984    0.1064        21       640         0         0         0         0         0         0         0
     13/49     4.79G   0.01023   0.01625   0.07941    0.1059        15       640         0         0         0         0         0         0         0
     14/49     4.79G  0.009018   0.01606   0.07836    0.1034        18       640         0         0         0         0         0         0         0
     15/49     4.79G  0.009135    0.0156    0.0772    0.1019        16       640         0         0         0         0         0         0         0
     16/49     4.79G  0.008543   0.01543   0.07744    0.1014        21       640         0         0         0         0         0         0         0
     17/49     4.79G  0.008845   0.01451   0.07663   0.09998        12       640         0         0         0         0         0         0         0
     18/49     4.79G  0.008415   0.01421   0.07642   0.09904        22       640         0         0         0         0         0         0         0
     19/49     4.79G  0.008061   0.01398   0.07571   0.09775        16       640         0         0         0         0         0         0         0
     20/49     4.79G  0.007894   0.01372   0.07541   0.09703        12       640         0         0         0         0         0         0         0
     21/49     4.79G  0.007365   0.01349   0.07522   0.09608        12       640         0         0         0         0         0         0         0
     22/49     4.79G   0.00716   0.01324   0.07454   0.09494        15       640         0         0         0         0         0         0         0
     23/49     4.79G  0.006719   0.01331   0.07465   0.09467        16       640         0         0         0         0         0         0         0
     24/49     4.79G  0.006653   0.01305   0.07394   0.09364        13       640         0         0         0         0         0         0         0
     25/49     4.79G  0.006406   0.01289   0.07314   0.09243        12       640         0         0         0         0         0         0         0
     26/49     4.79G  0.005909   0.01278   0.07367   0.09235        14       640         0         0         0         0         0         0         0
     27/49     4.79G  0.006084    0.0129   0.07254   0.09153        14       640         0         0         0         0         0         0         0
     28/49     4.79G  0.005709   0.01254   0.07247   0.09072        16       640         0         0         0         0         0         0         0
     29/49     4.79G   0.00553   0.01252   0.07201   0.09006        17       640         0         0         0         0         0         0         0
     30/49     4.79G  0.005354   0.01251   0.07216   0.09003        17       640         0         0         0         0         0         0         0
     31/49     4.79G  0.005036    0.0123   0.07164   0.08897        12       640         0         0         0         0         0         0         0
     32/49     4.79G  0.004998   0.01222   0.07153   0.08876        18       640         0         0         0         0         0         0         0
     33/49     4.79G  0.004709   0.01219   0.07125   0.08815        18       640         0         0         0         0         0         0         0
     34/49     4.79G  0.004675   0.01188   0.07074    0.0873        20       640         0         0         0         0         0         0         0
     35/49     4.79G  0.004527   0.01188   0.07055   0.08695        13       640         0         0         0         0         0         0         0
     36/49     4.79G  0.004449   0.01192   0.07007   0.08644        22       640         0         0         0         0         0         0         0
     37/49     4.79G  0.004327   0.01165   0.06987   0.08585        16       640         0         0         0         0         0         0         0
     38/49     4.79G  0.004311   0.01188   0.06938   0.08558        20       640         0         0         0         0         0         0         0
     39/49     4.79G  0.004087   0.01172   0.06881   0.08462        18       640         0         0         0         0         0         0         0
     40/49     4.79G  0.004036   0.01168   0.06967   0.08539        15       640         0         0         0         0         0         0         0
     41/49     4.79G  0.004012   0.01159   0.06922   0.08483        13       640         0         0         0         0         0         0         0
     42/49     4.79G  0.003965   0.01151   0.06857   0.08404        15       640         0         0         0         0         0         0         0
     43/49     4.79G  0.003904   0.01145   0.06907   0.08443        15       640         0         0         0         0         0         0         0
     44/49     4.79G  0.003862   0.01139   0.06834    0.0836        13       640         0         0         0         0         0         0         0
     45/49     4.79G  0.003826   0.01132   0.06787   0.08301        13       640         0         0         0         0         0         0         0
     46/49     4.79G  0.003787   0.01137   0.06874   0.08389        21       640         0         0         0         0         0         0         0
     47/49     4.79G  0.003777   0.01134   0.06782   0.08294        18       640         0         0         0         0         0         0         0
     48/49     4.79G  0.003723   0.01127   0.06797   0.08296        16       640         0         0         0         0         0         0         0
     49/49     4.79G  0.003747   0.01138   0.06802   0.08315        12       640    0.4597    0.7864    0.5693    0.5565  0.003719   0.01463   0.06733
      0/49      4.8G    0.0497   0.04007    0.1018    0.1915        13       640         0         0         0         0         0         0         0
      1/49      4.8G   0.02549   0.04897   0.09049    0.1649        16       640         0         0         0         0         0         0         0
      2/49      4.8G   0.01841   0.04165   0.08903    0.1491        14       640         0         0         0         0         0         0         0
      3/49      4.8G    0.0214   0.03226   0.08871    0.1424        12       640         0         0         0         0         0         0         0
      4/49      4.8G   0.02014   0.02766   0.08855    0.1364        14       640         0         0         0         0         0         0         0
      5/49      4.8G   0.01741   0.02444   0.08809    0.1299        13       640         0         0         0         0         0         0         0
      6/49      4.8G   0.01488   0.02206   0.08503     0.122        15       640         0         0         0         0         0         0         0
      7/49      4.8G   0.01323   0.02067   0.08146    0.1154        18       640         0         0         0         0         0         0         0
      8/49      4.8G   0.01228   0.02013   0.07963     0.112        12       640         0         0         0         0         0         0         0
      9/49      4.8G   0.01142   0.01919   0.07769    0.1083        13       640         0         0         0         0         0         0         0
     10/49      4.8G   0.01047   0.01869   0.07696    0.1061        15       640         0         0         0         0         0         0         0
     11/49      4.8G  0.009902   0.01772   0.07664    0.1043        18       640         0         0         0         0         0         0         0
     12/49      4.8G  0.009864   0.01694   0.07576    0.1026        16       640         0         0         0         0         0         0         0
     13/49      4.8G  0.009127   0.01681   0.07538    0.1013        15       640         0         0         0         0         0         0         0
     14/49      4.8G  0.008714   0.01618   0.07408   0.09897        16       640         0         0         0         0         0         0         0
     15/49      4.8G  0.008483   0.01563   0.07389   0.09801        14       640         0         0         0         0         0         0         0
     16/49      4.8G  0.008003   0.01565   0.07373   0.09738        13       640         0         0         0         0         0         0         0
     17/49      4.8G  0.007578   0.01517   0.07276   0.09551        18       640         0         0         0         0         0         0         0
     18/49      4.8G  0.007855   0.01526   0.07258    0.0957        12       640         0         0         0         0         0         0         0
     19/49      4.8G   0.00749   0.01512   0.07157   0.09418        16       640         0         0         0         0         0         0         0
     20/49      4.8G     0.007   0.01512   0.07205   0.09417        14       640         0         0         0         0         0         0         0
     21/49      4.8G  0.006909   0.01457   0.07129   0.09277        18       640         0         0         0         0         0         0         0
     22/49      4.8G  0.006589   0.01473     0.071   0.09232        15       640         0         0         0         0         0         0         0
     23/49      4.8G  0.006487   0.01437   0.07029   0.09114        14       640         0         0         0         0         0         0         0
     24/49      4.8G  0.006118   0.01416   0.07014   0.09042        18       640         0         0         0         0         0         0         0
     25/49      4.8G   0.00618    0.0145   0.06987   0.09055        15       640         0         0         0         0         0         0         0
     26/49      4.8G  0.005947   0.01411     0.069   0.08906        19       640         0         0         0         0         0         0         0
     27/49      4.8G  0.005835   0.01404   0.06915   0.08903        17       640         0         0         0         0         0         0         0
     28/49      4.8G  0.005567   0.01376   0.06874   0.08806        12       640         0         0         0         0         0         0         0
     29/49      4.8G  0.005236   0.01381   0.06861   0.08765        15       640         0         0         0         0         0         0         0
     30/49      4.8G  0.005319   0.01337   0.06815   0.08684        17       640         0         0         0         0         0         0         0
     31/49      4.8G  0.005155   0.01353   0.06747   0.08616        16       640         0         0         0         0         0         0         0
     32/49      4.8G  0.004956    0.0134   0.06737   0.08572        16       640         0         0         0         0         0         0         0
     33/49      4.8G  0.004748   0.01344   0.06699   0.08517        14       640         0         0         0         0         0         0         0
     34/49      4.8G  0.004632   0.01327   0.06722   0.08512        13       640         0         0         0         0         0         0         0
     35/49      4.8G  0.004568   0.01331   0.06651   0.08439        12       640         0         0         0         0         0         0         0
     36/49      4.8G  0.004512   0.01319   0.06625   0.08395        18       640         0         0         0         0         0         0         0
     37/49      4.8G  0.004332   0.01303   0.06608   0.08344        16       640         0         0         0         0         0         0         0
     38/49      4.8G   0.00432   0.01309   0.06595   0.08336        22       640         0         0         0         0         0         0         0
     39/49      4.8G  0.004249   0.01294   0.06609   0.08328        17       640         0         0         0         0         0         0         0
     40/49      4.8G   0.00417   0.01277   0.06552   0.08246        16       640         0         0         0         0         0         0         0
     41/49      4.8G  0.004098   0.01287   0.06605   0.08302        13       640         0         0         0         0         0         0         0
     42/49      4.8G  0.003986   0.01254   0.06521   0.08173        23       640         0         0         0         0         0         0         0
     43/49      4.8G  0.003988   0.01274   0.06549   0.08221        19       640         0         0         0         0         0         0         0
     44/49      4.8G  0.003969   0.01268   0.06525   0.08189        12       640         0         0         0         0         0         0         0
     45/49      4.8G  0.003921    0.0127   0.06431   0.08092        15       640         0         0         0         0         0         0         0
     46/49      4.8G  0.003943   0.01264   0.06419   0.08077        15       640         0         0         0         0         0         0         0
     47/49      4.8G  0.003876   0.01261   0.06479   0.08128        15       640         0         0         0         0         0         0         0
     48/49      4.8G  0.003816   0.01211   0.06454   0.08047        13       640         0         0         0         0         0         0         0
     49/49      4.8G  0.003815   0.01241   0.06394   0.08016        15       640    0.4729    0.7464    0.5598    0.5489  0.003358   0.01341    0.0623
      0/49     4.79G   0.04592   0.04545    0.1058    0.1972        13       640         0         0         0         0         0         0         0
      1/49     4.79G   0.02267   0.04663   0.09879    0.1681        13       640         0         0         0         0         0         0         0
      2/49     4.79G   0.02538   0.03243   0.09797    0.1558        16       640         0         0         0         0         0         0         0
      3/49     4.79G   0.02822   0.02836   0.09519    0.1518        23       640         0         0         0         0         0         0         0
      4/49     4.79G   0.02398   0.02583   0.09103    0.1408        19       640         0         0         0         0         0         0         0
      5/49     4.79G   0.02038   0.02465   0.08862    0.1336        16       640         0         0         0         0         0         0         0
      6/49     4.79G   0.01681   0.02315    0.0868    0.1268        23       640         0         0         0         0         0         0         0
      7/49     4.79G   0.01568   0.02239   0.08614    0.1242        12       640         0         0         0         0         0         0         0
      8/49     4.79G   0.01452   0.02084   0.08487    0.1202        18       640         0         0         0         0         0         0         0
      9/49     4.79G   0.01303      0.02   0.08392     0.117        19       640         0         0         0         0         0         0         0
     10/49     4.79G   0.01199   0.01956   0.08284    0.1144        20       640         0         0         0         0         0         0         0
     11/49     4.79G   0.01182   0.01895   0.08203    0.1128        12       640         0         0         0         0         0         0         0
     12/49     4.79G   0.01112   0.01846   0.08191    0.1115        16       640         0         0         0         0         0         0         0
     13/49     4.79G   0.01099   0.01824   0.08129    0.1105        13       640         0         0         0         0         0         0         0
     14/49     4.79G   0.01038   0.01813   0.08031    0.1088        14       640         0         0         0         0         0         0         0
     15/49     4.79G  0.009744   0.01761   0.07979    0.1071        16       640         0         0         0         0         0         0         0
     16/49     4.79G  0.009459    0.0168   0.07916    0.1054        13       640         0         0         0         0         0         0         0
     17/49     4.79G  0.008996   0.01641   0.07754    0.1029        17       640         0         0         0         0         0         0         0
     18/49     4.79G  0.008894   0.01608   0.07796    0.1029        20       640         0         0         0         0         0         0         0
     19/49     4.79G  0.008978   0.01579   0.07712    0.1019        15       640         0         0         0         0         0         0         0
     20/49     4.79G   0.00826   0.01562   0.07774    0.1016        12       640         0         0         0         0         0         0         0
     21/49     4.79G  0.008458   0.01517   0.07698    0.1006        14       640         0         0         0         0         0         0         0
     22/49     4.79G  0.007821   0.01507   0.07665   0.09955        12       640         0         0         0         0         0         0         0
     23/49     4.79G  0.007798    0.0155   0.07592   0.09923        14       640         0         0         0         0         0         0         0
     24/49     4.79G  0.007214   0.01492   0.07618   0.09831        19       640         0         0         0         0         0         0         0
     25/49     4.79G  0.007006   0.01461     0.075   0.09661        15       640         0         0         0         0         0         0         0
     26/49     4.79G  0.006715   0.01451   0.07464   0.09587        12       640         0         0         0         0         0         0         0
     27/49     4.79G  0.006711   0.01457   0.07462    0.0959        16       640         0         0         0         0         0         0         0
     28/49     4.79G   0.00642   0.01438   0.07397   0.09478        13       640         0         0         0         0         0         0         0
     29/49     4.79G  0.006207   0.01427    0.0745   0.09497        16       640         0         0         0         0         0         0         0
     30/49     4.79G  0.006015   0.01386   0.07364   0.09351        13       640         0         0         0         0         0         0         0
     31/49     4.79G  0.005826   0.01392    0.0733   0.09305        14       640         0         0         0         0         0         0         0
     32/49     4.79G  0.005618   0.01398   0.07367   0.09327        15       640         0         0         0         0         0         0         0
     33/49     4.79G  0.005446   0.01405   0.07322   0.09271        26       640         0         0         0         0         0         0         0
     34/49     4.79G  0.005219   0.01369   0.07261   0.09152        12       640         0         0         0         0         0         0         0
     35/49     4.79G  0.005157   0.01374   0.07205   0.09095        17       640         0         0         0         0         0         0         0
     36/49     4.79G  0.004999   0.01348   0.07261   0.09109        19       640         0         0         0         0         0         0         0
     37/49     4.79G  0.004878   0.01338   0.07205   0.09031        20       640         0         0         0         0         0         0         0
     38/49     4.79G  0.004803    0.0134   0.07248   0.09069        14       640         0         0         0         0         0         0         0
     39/49     4.79G  0.004623   0.01332   0.07162   0.08957        12       640         0         0         0         0         0         0         0
     40/49     4.79G  0.004705   0.01331    0.0708   0.08881        14       640         0         0         0         0         0         0         0
     41/49     4.79G  0.004623   0.01324   0.07103    0.0889        15       640         0         0         0         0         0         0         0
     42/49     4.79G    0.0045   0.01315   0.07119   0.08884        13       640         0         0         0         0         0         0         0
     43/49     4.79G  0.004434   0.01303   0.07083    0.0883        19       640         0         0         0         0         0         0         0
     44/49     4.79G  0.004434   0.01313   0.07021   0.08778        18       640         0         0         0         0         0         0         0
     45/49     4.79G  0.004396   0.01306   0.07041   0.08787        12       640         0         0         0         0         0         0         0
     46/49     4.79G  0.004361   0.01277   0.07046   0.08759        20       640         0         0         0         0         0         0         0
     47/49     4.79G  0.004307   0.01297    0.0703   0.08757        14       640         0         0         0         0         0         0         0
     48/49     4.79G   0.00434   0.01278   0.06987   0.08698        12       640         0         0         0         0         0         0         0
     49/49     4.79G  0.004399     0.013   0.07023   0.08762        16       640    0.4867     0.745     0.571    0.5567  0.004215   0.01571   0.06776
      0/49    0.367G   0.07237    0.0243    0.0225    0.1192        15       640         0         0         0         0         0         0         0
      1/49     4.81G   0.07265   0.02429   0.02252    0.1195        20       640         0         0         0         0         0         0         0
      2/49     4.81G   0.07242   0.02431   0.02252    0.1192        18       640         0         0         0         0         0         0         0
      3/49     4.81G    0.0722   0.02425   0.02248    0.1189        14       640         0         0         0         0         0         0         0
      4/49     4.81G   0.07214   0.02431    0.0225     0.119        15       640         0         0         0         0         0         0         0
      5/49     4.81G   0.07233   0.02431   0.02252    0.1192        15       640         0         0         0         0         0         0         0
      6/49     4.81G   0.07233   0.02428   0.02251    0.1191        12       640         0         0         0         0         0         0         0
      7/49     4.81G    0.0721    0.0243   0.02251    0.1189        15       640         0         0         0         0         0         0         0
      8/49     4.81G   0.07236   0.02437   0.02254    0.1193        14       640         0         0         0         0         0         0         0
      9/49     4.81G   0.07221   0.02422   0.02247    0.1189        21       640         0         0         0         0         0         0         0
     10/49     4.81G   0.07212   0.02431   0.02245    0.1189        15       640         0         0         0         0         0         0         0
     11/49     4.81G   0.07235   0.02426   0.02248    0.1191        24       640         0         0         0         0         0         0         0
     12/49     4.81G   0.07216   0.02432   0.02248     0.119        18       640         0         0         0         0         0         0         0
     13/49     4.81G   0.07227   0.02429   0.02253    0.1191        12       640         0         0         0         0         0         0         0
     14/49     4.81G   0.07241   0.02432   0.02252    0.1192        15       640         0         0         0         0         0         0         0
     15/49     4.81G   0.07237   0.02423   0.02254    0.1191        15       640         0         0         0         0         0         0         0
     16/49     4.81G   0.07236    0.0243   0.02249    0.1191        15       640         0         0         0         0         0         0         0
     17/49     4.81G   0.07221   0.02431   0.02252     0.119        23       640         0         0         0         0         0         0         0
     18/49     4.81G   0.07235    0.0243   0.02251    0.1192        15       640         0         0         0         0         0         0         0
     19/49     4.81G   0.07242   0.02429   0.02248    0.1192        17       640         0         0         0         0         0         0         0
     20/49     4.81G    0.0724   0.02434   0.02254    0.1193        12       640         0         0         0         0         0         0         0
     21/49     4.81G   0.07247   0.02431   0.02249    0.1193        13       640         0         0         0         0         0         0         0
     22/49     4.81G   0.07229   0.02432   0.02245    0.1191        18       640         0         0         0         0         0         0         0
     23/49     4.81G   0.07249   0.02431   0.02253    0.1193        12       640         0         0         0         0         0         0         0
     24/49     4.81G   0.07225   0.02427   0.02252     0.119        13       640         0         0         0         0         0         0         0
     25/49     4.81G   0.07243   0.02429   0.02249    0.1192        17       640         0         0         0         0         0         0         0
     26/49     4.81G   0.07236   0.02426   0.02253    0.1191        15       640         0         0         0         0         0         0         0
     27/49     4.81G   0.07233   0.02428   0.02247    0.1191        13       640         0         0         0         0         0         0         0
     28/49     4.81G   0.07212    0.0243   0.02247    0.1189        16       640         0         0         0         0         0         0         0
     29/49     4.81G   0.07226   0.02426   0.02248     0.119        22       640         0         0         0         0         0         0         0
     30/49     4.81G   0.07229   0.02423   0.02256    0.1191        15       640         0         0         0         0         0         0         0
     31/49     4.81G   0.07234   0.02426   0.02254    0.1191        12       640         0         0         0         0         0         0         0
     32/49     4.81G   0.07239   0.02429   0.02252    0.1192        12       640         0         0         0         0         0         0         0
     33/49     4.81G   0.07216    0.0243   0.02248    0.1189        12       640         0         0         0         0         0         0         0
     34/49     4.81G   0.07233   0.02434   0.02255    0.1192        18       640         0         0         0         0         0         0         0
     35/49     4.81G    0.0723    0.0243   0.02249    0.1191        13       640         0         0         0         0         0         0         0
     36/49     4.81G   0.07224   0.02425   0.02253     0.119        14       640         0         0         0         0         0         0         0
     37/49     4.81G   0.07243   0.02428   0.02255    0.1193        16       640         0         0         0         0         0         0         0
     38/49     4.81G   0.07241   0.02437    0.0225    0.1193        20       640         0         0         0         0         0         0         0
     39/49     4.81G   0.07233   0.02424    0.0225    0.1191        17       640         0         0         0         0         0         0         0
     40/49     4.81G   0.07209   0.02435   0.02248    0.1189        15       640         0         0         0         0         0         0         0
     41/49     4.81G   0.07225   0.02433   0.02247     0.119        12       640         0         0         0         0         0         0         0
     42/49     4.81G   0.07215   0.02425   0.02247    0.1189        21       640         0         0         0         0         0         0         0
     43/49     4.81G    0.0724   0.02425    0.0225    0.1191        14       640         0         0         0         0         0         0         0
     44/49     4.81G   0.07228   0.02427    0.0225    0.1191        20       640         0         0         0         0         0         0         0
     45/49     4.81G   0.07257   0.02429   0.02252    0.1194        15       640         0         0         0         0         0         0         0
     46/49     4.81G   0.07238   0.02428    0.0225    0.1192        22       640         0         0         0         0         0         0         0
     47/49     4.81G   0.07225   0.02425   0.02245    0.1189        12       640         0         0         0         0         0         0         0
     48/49     4.81G   0.07225   0.02428    0.0225     0.119        13       640         0         0         0         0         0         0         0
     49/49     4.81G   0.07227   0.02427   0.02253    0.1191        16       640   0.04684    0.1796   0.03776   0.01141   0.06982   0.02247   0.02284
      0/49    0.357G   0.06435   0.02756   0.04227    0.1342        15       640         0         0         0         0         0         0         0
      1/49     4.81G   0.06393   0.02759   0.04218    0.1337        16       640         0         0         0         0         0         0         0
      2/49     4.81G     0.064    0.0276   0.04222    0.1338        17       640         0         0         0         0         0         0         0
      3/49     4.81G   0.06409   0.02761   0.04232     0.134        13       640         0         0         0         0         0         0         0
      4/49     4.81G   0.06409   0.02771   0.04219     0.134        21       640         0         0         0         0         0         0         0
      5/49     4.81G   0.06409   0.02771    0.0422     0.134        20       640         0         0         0         0         0         0         0
      6/49     4.81G   0.06425    0.0276   0.04222    0.1341        12       640         0         0         0         0         0         0         0
      7/49     4.81G   0.06403   0.02761   0.04212    0.1338        20       640         0         0         0         0         0         0         0
      8/49     4.81G   0.06409   0.02762   0.04219    0.1339        14       640         0         0         0         0         0         0         0
      9/49     4.81G   0.06409   0.02762    0.0421    0.1338        12       640         0         0         0         0         0         0         0
     10/49     4.81G   0.06391   0.02763   0.04222    0.1338        13       640         0         0         0         0         0         0         0
     11/49     4.81G   0.06391   0.02763   0.04213    0.1337        12       640         0         0         0         0         0         0         0
     12/49     4.81G   0.06411   0.02757    0.0422    0.1339        16       640         0         0         0         0         0         0         0
     13/49     4.81G   0.06401   0.02762    0.0423    0.1339        12       640         0         0         0         0         0         0         0
     14/49     4.81G   0.06391   0.02769    0.0422    0.1338        15       640         0         0         0         0         0         0         0
     15/49     4.81G   0.06392   0.02765   0.04215    0.1337        12       640         0         0         0         0         0         0         0
     16/49     4.81G   0.06414   0.02773   0.04223    0.1341        13       640         0         0         0         0         0         0         0
     17/49     4.81G   0.06409   0.02761   0.04222    0.1339        12       640         0         0         0         0         0         0         0
     18/49     4.81G   0.06422   0.02763   0.04231    0.1341        18       640         0         0         0         0         0         0         0
     19/49     4.81G   0.06419   0.02759   0.04233    0.1341        16       640         0         0         0         0         0         0         0
     20/49     4.81G   0.06413   0.02758   0.04221    0.1339        15       640         0         0         0         0         0         0         0
     21/49     4.81G   0.06413   0.02759   0.04224     0.134        15       640         0         0         0         0         0         0         0
     22/49     4.81G   0.06412   0.02757   0.04219    0.1339        12       640         0         0         0         0         0         0         0
     23/49     4.81G   0.06401   0.02766   0.04224    0.1339        13       640         0         0         0         0         0         0         0
     24/49     4.81G   0.06402   0.02765   0.04223    0.1339        22       640         0         0         0         0         0         0         0
     25/49     4.81G   0.06403   0.02762   0.04217    0.1338        12       640         0         0         0         0         0         0         0
     26/49     4.81G   0.06402   0.02763   0.04217    0.1338        13       640         0         0         0         0         0         0         0
     27/49     4.81G   0.06405   0.02765   0.04217    0.1339        20       640         0         0         0         0         0         0         0
     28/49     4.81G   0.06419   0.02758   0.04223     0.134        18       640         0         0         0         0         0         0         0
     29/49     4.81G    0.0642   0.02759   0.04217     0.134        14       640         0         0         0         0         0         0         0
     30/49     4.81G   0.06406   0.02759   0.04223    0.1339        12       640         0         0         0         0         0         0         0
     31/49     4.81G   0.06403    0.0276   0.04227    0.1339        12       640         0         0         0         0         0         0         0
     32/49     4.81G   0.06417   0.02763   0.04224     0.134        12       640         0         0         0         0         0         0         0
     33/49     4.81G   0.06408    0.0277   0.04219     0.134        13       640         0         0         0         0         0         0         0
     34/49     4.81G   0.06401    0.0276   0.04219    0.1338        16       640         0         0         0         0         0         0         0
     35/49     4.81G   0.06389   0.02766   0.04216    0.1337        12       640         0         0         0         0         0         0         0
     36/49     4.81G   0.06416    0.0276   0.04202    0.1338        20       640         0         0         0         0         0         0         0
     37/49     4.81G   0.06402   0.02761    0.0422    0.1338        18       640         0         0         0         0         0         0         0
     38/49     4.81G    0.0642   0.02755   0.04231    0.1341        12       640         0         0         0         0         0         0         0
     39/49     4.81G   0.06408   0.02763   0.04215    0.1339        15       640         0         0         0         0         0         0         0
     40/49     4.81G    0.0641   0.02752   0.04222    0.1338        15       640         0         0         0         0         0         0         0
     41/49     4.81G   0.06415   0.02762   0.04232    0.1341        37       640         0         0         0         0         0         0         0
     42/49     4.81G   0.06403   0.02761   0.04223    0.1339        12       640         0         0         0         0         0         0         0
     43/49     4.81G   0.06415   0.02757   0.04219    0.1339        13       640         0         0         0         0         0         0         0
     44/49     4.81G   0.06411   0.02767   0.04218     0.134        18       640         0         0         0         0         0         0         0
     45/49     4.81G   0.06419   0.02758   0.04221     0.134        20       640         0         0         0         0         0         0         0
     46/49     4.81G   0.06398   0.02757   0.04228    0.1338        18       640         0         0         0         0         0         0         0
     47/49     4.81G   0.06405   0.02766   0.04224     0.134        15       640         0         0         0         0         0         0         0
     48/49     4.81G   0.06396    0.0276   0.04206    0.1336        12       640         0         0         0         0         0         0         0
     49/49     4.81G   0.06409   0.02761   0.04227     0.134        14       640   0.04289    0.1758   0.03077  0.008821   0.06058   0.02727   0.04302
      0/49     4.79G    0.0751   0.02915   0.04177     0.146        14       640         0         0         0         0         0         0         0
      1/49     4.79G   0.07493    0.0292   0.04176    0.1459        17       640         0         0         0         0         0         0         0
      2/49     4.79G   0.07509   0.02922   0.04157    0.1459        20       640         0         0         0         0         0         0         0
      3/49     4.79G   0.07499    0.0293   0.04173     0.146        17       640         0         0         0         0         0         0         0
      4/49     4.79G   0.07509   0.02926   0.04177    0.1461        20       640         0         0         0         0         0         0         0
      5/49     4.79G   0.07509   0.02922   0.04174     0.146        12       640         0         0         0         0         0         0         0
      6/49     4.79G   0.07517   0.02919   0.04176    0.1461        14       640         0         0         0         0         0         0         0
      7/49     4.79G   0.07508   0.02929    0.0418    0.1462        17       640         0         0         0         0         0         0         0
      8/49     4.79G   0.07498   0.02921   0.04182     0.146        18       640         0         0         0         0         0         0         0
      9/49     4.79G   0.07521    0.0292   0.04184    0.1463        15       640         0         0         0         0         0         0         0
     10/49     4.79G   0.07515   0.02924   0.04176    0.1462        15       640         0         0         0         0         0         0         0
     11/49     4.79G   0.07495   0.02924   0.04175    0.1459        13       640         0         0         0         0         0         0         0
     12/49     4.79G   0.07511    0.0292   0.04188    0.1462        13       640         0         0         0         0         0         0         0
     13/49     4.79G   0.07505   0.02921   0.04172     0.146        13       640         0         0         0         0         0         0         0
     14/49     4.79G   0.07497   0.02929   0.04175     0.146        14       640         0         0         0         0         0         0         0
     15/49     4.79G   0.07495   0.02923   0.04176    0.1459        12       640         0         0         0         0         0         0         0
     16/49     4.79G   0.07518   0.02921   0.04188    0.1463        13       640         0         0         0         0         0         0         0
     17/49     4.79G   0.07494   0.02925   0.04187    0.1461        19       640         0         0         0         0         0         0         0
     18/49     4.79G   0.07524   0.02927   0.04172    0.1462        21       640         0         0         0         0         0         0         0
     19/49     4.79G   0.07512   0.02925   0.04179    0.1462        12       640         0         0         0         0         0         0         0
     20/49     4.79G   0.07499    0.0292   0.04157    0.1458        17       640         0         0         0         0         0         0         0
     21/49     4.79G   0.07507   0.02925   0.04178    0.1461        23       640         0         0         0         0         0         0         0
     22/49     4.79G   0.07515   0.02917   0.04173     0.146        15       640         0         0         0         0         0         0         0
     23/49     4.79G   0.07513   0.02922   0.04178    0.1461        17       640         0         0         0         0         0         0         0
     24/49     4.79G   0.07495    0.0292   0.04178    0.1459        16       640         0         0         0         0         0         0         0
     25/49     4.79G   0.07508   0.02929   0.04192    0.1463        16       640         0         0         0         0         0         0         0
     26/49     4.79G   0.07493    0.0292   0.04178    0.1459        18       640         0         0         0         0         0         0         0
     27/49     4.79G   0.07506   0.02922   0.04168     0.146        22       640         0         0         0         0         0         0         0
     28/49     4.79G   0.07505   0.02929   0.04175    0.1461        18       640         0         0         0         0         0         0         0
     29/49     4.79G   0.07503   0.02926   0.04173     0.146        15       640         0         0         0         0         0         0         0
     30/49     4.79G   0.07501   0.02918   0.04175    0.1459        13       640         0         0         0         0         0         0         0
     31/49     4.79G   0.07506   0.02925   0.04184    0.1461        18       640         0         0         0         0         0         0         0
     32/49     4.79G   0.07495    0.0292   0.04168    0.1458        15       640         0         0         0         0         0         0         0
     33/49     4.79G   0.07534   0.02925   0.04183    0.1464        14       640         0         0         0         0         0         0         0
     34/49     4.79G   0.07492   0.02928   0.04175    0.1459        14       640         0         0         0         0         0         0         0
     35/49     4.79G   0.07519   0.02924   0.04189    0.1463        18       640         0         0         0         0         0         0         0
     36/49     4.79G   0.07528   0.02919   0.04164    0.1461        13       640         0         0         0         0         0         0         0
     37/49     4.79G   0.07502   0.02922   0.04181     0.146        13       640         0         0         0         0         0         0         0
     38/49     4.79G   0.07506   0.02925   0.04185    0.1462        15       640         0         0         0         0         0         0         0
     39/49     4.79G    0.0751   0.02924   0.04178    0.1461        12       640         0         0         0         0         0         0         0
     40/49     4.79G   0.07513   0.02922   0.04194    0.1463        13       640         0         0         0         0         0         0         0
     41/49     4.79G   0.07513   0.02921   0.04183    0.1462        18       640         0         0         0         0         0         0         0
     42/49     4.79G   0.07521   0.02929   0.04181    0.1463        21       640         0         0         0         0         0         0         0
     43/49     4.79G   0.07505   0.02921   0.04188    0.1461        20       640         0         0         0         0         0         0         0
     44/49     4.79G   0.07508   0.02925   0.04173    0.1461        19       640         0         0         0         0         0         0         0
     45/49     4.79G   0.07499   0.02925   0.04179     0.146        13       640         0         0         0         0         0         0         0
     46/49     4.79G   0.07501   0.02924   0.04176     0.146        12       640         0         0         0         0         0         0         0
     47/49     4.79G   0.07524   0.02924   0.04187    0.1463        15       640         0         0         0         0         0         0         0
     48/49     4.79G   0.07503   0.02922   0.04173     0.146        13       640         0         0         0         0         0         0         0
     49/49     4.79G   0.07495   0.02923   0.04177     0.146        12       640   0.04114     0.189   0.03141  0.009008   0.07108   0.02862   0.04246
      0/49     4.79G   0.06818   0.02727   0.04636    0.1418        13       640         0         0         0         0         0         0         0
      1/49     4.79G   0.06806   0.02738   0.04645    0.1419        28       640         0         0         0         0         0         0         0
      2/49     4.79G   0.06818   0.02746    0.0464     0.142        18       640         0         0         0         0         0         0         0
      3/49     4.79G   0.06791   0.02741   0.04647    0.1418        15       640         0         0         0         0         0         0         0
      4/49     4.79G   0.06813   0.02736   0.04647     0.142        23       640         0         0         0         0         0         0         0
      5/49     4.79G   0.06812   0.02738   0.04643    0.1419        19       640         0         0         0         0         0         0         0
      6/49     4.79G   0.06804   0.02734   0.04634    0.1417        23       640         0         0         0         0         0         0         0
      7/49     4.79G   0.06807   0.02744   0.04641    0.1419        15       640         0         0         0         0         0         0         0
      8/49     4.79G   0.06803   0.02738   0.04648    0.1419        26       640         0         0         0         0         0         0         0
      9/49     4.79G   0.06807   0.02732   0.04647    0.1419        13       640         0         0         0         0         0         0         0
     10/49     4.79G     0.068   0.02737   0.04643    0.1418        19       640         0         0         0         0         0         0         0
     11/49     4.79G   0.06812   0.02737   0.04644    0.1419        23       640         0         0         0         0         0         0         0
     12/49     4.79G   0.06796   0.02734   0.04649    0.1418        14       640         0         0         0         0         0         0         0
     13/49     4.79G    0.0681   0.02736   0.04647    0.1419        12       640         0         0         0         0         0         0         0
     14/49     4.79G   0.06798   0.02748   0.04641    0.1419        13       640         0         0         0         0         0         0         0
     15/49     4.79G   0.06797   0.02736   0.04649    0.1418        19       640         0         0         0         0         0         0         0
     16/49     4.79G    0.0681   0.02734   0.04646    0.1419        12       640         0         0         0         0         0         0         0
     17/49     4.79G   0.06809   0.02743   0.04644     0.142        17       640         0         0         0         0         0         0         0
     18/49     4.79G    0.0681   0.02735   0.04637    0.1418        14       640         0         0         0         0         0         0         0
     19/49     4.79G   0.06807   0.02737   0.04639    0.1418        23       640         0         0         0         0         0         0         0
     20/49     4.79G   0.06803   0.02735   0.04632    0.1417        16       640         0         0         0         0         0         0         0
     21/49     4.79G   0.06818   0.02733   0.04645     0.142        16       640         0         0         0         0         0         0         0
     22/49     4.79G   0.06778   0.02735   0.04633    0.1415        14       640         0         0         0         0         0         0         0
     23/49     4.79G   0.06819   0.02742   0.04663    0.1422        14       640         0         0         0         0         0         0         0
     24/49     4.79G   0.06806   0.02734   0.04638    0.1418        24       640         0         0         0         0         0         0         0
     25/49     4.79G   0.06799   0.02736   0.04645    0.1418        15       640         0         0         0         0         0         0         0
     26/49     4.79G   0.06829   0.02737   0.04647    0.1421        17       640         0         0         0         0         0         0         0
     27/49     4.79G   0.06798    0.0274    0.0463    0.1417        12       640         0         0         0         0         0         0         0
     28/49     4.79G   0.06819   0.02737   0.04652    0.1421        15       640         0         0         0         0         0         0         0
     29/49     4.79G   0.06797    0.0274   0.04649    0.1419        22       640         0         0         0         0         0         0         0
     30/49     4.79G   0.06789   0.02743   0.04638    0.1417        12       640         0         0         0         0         0         0         0
     31/49     4.79G   0.06813   0.02731   0.04642    0.1419        12       640         0         0         0         0         0         0         0
     32/49     4.79G   0.06815   0.02732   0.04639    0.1419        18       640         0         0         0         0         0         0         0
     33/49     4.79G   0.06808   0.02738   0.04643    0.1419        12       640         0         0         0         0         0         0         0
     34/49     4.79G   0.06785   0.02736   0.04628    0.1415        22       640         0         0         0         0         0         0         0
     35/49     4.79G   0.06783   0.02743   0.04637    0.1416        18       640         0         0         0         0         0         0         0
     36/49     4.79G    0.0681   0.02738   0.04643    0.1419        15       640         0         0         0         0         0         0         0
     37/49     4.79G   0.06813   0.02741   0.04644     0.142        22       640         0         0         0         0         0         0         0
     38/49     4.79G   0.06785   0.02738   0.04637    0.1416        12       640         0         0         0         0         0         0         0
     39/49     4.79G   0.06799   0.02732   0.04657    0.1419        13       640         0         0         0         0         0         0         0
     40/49     4.79G   0.06811   0.02734   0.04645    0.1419        19       640         0         0         0         0         0         0         0
     41/49     4.79G   0.06808   0.02742   0.04633    0.1418        15       640         0         0         0         0         0         0         0
     42/49     4.79G   0.06808   0.02738   0.04645    0.1419        19       640         0         0         0         0         0         0         0
     43/49     4.79G   0.06807   0.02733   0.04633    0.1417        14       640         0         0         0         0         0         0         0
     44/49     4.79G   0.06805   0.02746   0.04648     0.142        17       640         0         0         0         0         0         0         0
     45/49     4.79G   0.06795   0.02739   0.04642    0.1418        15       640         0         0         0         0         0         0         0
     46/49     4.79G   0.06802   0.02738   0.04651    0.1419        15       640         0         0         0         0         0         0         0
     47/49     4.79G   0.06825   0.02746   0.04649    0.1422        25       640         0         0         0         0         0         0         0
     48/49     4.79G   0.06801   0.02729    0.0465    0.1418        21       640         0         0         0         0         0         0         0
     49/49     4.79G   0.06802   0.02741   0.04648    0.1419        17       640    0.0486    0.1796   0.03344  0.009568   0.06422   0.02681   0.04736
      0/49     4.79G   0.08074    0.0318   0.03856    0.1511        18       640         0         0         0         0         0         0         0
      1/49     4.79G   0.08071   0.03179   0.03842    0.1509        13       640         0         0         0         0         0         0         0
      2/49     4.79G   0.08073   0.03187   0.03852    0.1511        15       640         0         0         0         0         0         0         0
      3/49     4.79G   0.08097   0.03187   0.03845    0.1513        19       640         0         0         0         0         0         0         0
      4/49     4.79G   0.08084    0.0318    0.0386    0.1512        15       640         0         0         0         0         0         0         0
      5/49     4.79G   0.08085   0.03183   0.03855    0.1512        17       640         0         0         0         0         0         0         0
      6/49     4.79G   0.08101   0.03174   0.03852    0.1513        18       640         0         0         0         0         0         0         0
      7/49     4.79G   0.08086   0.03187   0.03856    0.1513        17       640         0         0         0         0         0         0         0
      8/49     4.79G   0.08105   0.03182   0.03847    0.1513        21       640         0         0         0         0         0         0         0
      9/49     4.79G   0.08068   0.03185   0.03858    0.1511        15       640         0         0         0         0         0         0         0
     10/49     4.79G    0.0807   0.03188   0.03848    0.1511        15       640         0         0         0         0         0         0         0
     11/49     4.79G     0.081    0.0318   0.03854    0.1513        12       640         0         0         0         0         0         0         0
     12/49     4.79G     0.081    0.0318   0.03851    0.1513        12       640         0         0         0         0         0         0         0
     13/49     4.79G   0.08079   0.03183   0.03853    0.1511        15       640         0         0         0         0         0         0         0
     14/49     4.79G    0.0809    0.0319   0.03866    0.1515        17       640         0         0         0         0         0         0         0
     15/49     4.79G   0.08076   0.03184   0.03856    0.1512        15       640         0         0         0         0         0         0         0
     16/49     4.79G   0.08076   0.03182   0.03856    0.1512        20       640         0         0         0         0         0         0         0
     17/49     4.79G   0.08082   0.03183   0.03861    0.1513        15       640         0         0         0         0         0         0         0
     18/49     4.79G   0.08081   0.03184   0.03853    0.1512        12       640         0         0         0         0         0         0         0
     19/49     4.79G   0.08094   0.03184   0.03847    0.1513        21       640         0         0         0         0         0         0         0
     20/49     4.79G   0.08076   0.03182   0.03849    0.1511        17       640         0         0         0         0         0         0         0
     21/49     4.79G   0.08059   0.03181   0.03839    0.1508        15       640         0         0         0         0         0         0         0
     22/49     4.79G   0.08076   0.03177   0.03845     0.151        12       640         0         0         0         0         0         0         0
     23/49     4.79G   0.08099   0.03191   0.03857    0.1515        15       640         0         0         0         0         0         0         0
     24/49     4.79G   0.08066   0.03184   0.03847     0.151        15       640         0         0         0         0         0         0         0
     25/49     4.79G   0.08095   0.03189   0.03852    0.1514        20       640         0         0         0         0         0         0         0
     26/49     4.79G   0.08105   0.03188   0.03848    0.1514        19       640         0         0         0         0         0         0         0
     27/49     4.79G   0.08098   0.03183   0.03852    0.1513        15       640         0         0         0         0         0         0         0
     28/49     4.79G   0.08094   0.03182   0.03859    0.1514        19       640         0         0         0         0         0         0         0
     29/49     4.79G   0.08088   0.03185   0.03853    0.1513        15       640         0         0         0         0         0         0         0
     30/49     4.79G    0.0808   0.03182   0.03841     0.151        13       640         0         0         0         0         0         0         0
     31/49     4.79G   0.08092   0.03182   0.03853    0.1513        15       640         0         0         0         0         0         0         0
     32/49     4.79G   0.08103   0.03182   0.03875    0.1516        12       640         0         0         0         0         0         0         0
     33/49     4.79G   0.08097   0.03193   0.03848    0.1514        12       640         0         0         0         0         0         0         0
     34/49     4.79G   0.08088    0.0318   0.03848    0.1512        17       640         0         0         0         0         0         0         0
     35/49     4.79G   0.08085   0.03183   0.03845    0.1511        13       640         0         0         0         0         0         0         0
     36/49     4.79G   0.08082   0.03185   0.03856    0.1512        12       640         0         0         0         0         0         0         0
     37/49     4.79G   0.08086   0.03179   0.03851    0.1512        18       640         0         0         0         0         0         0         0
     38/49     4.79G   0.08077   0.03181   0.03839     0.151        15       640         0         0         0         0         0         0         0
     39/49     4.79G   0.08079   0.03184   0.03858    0.1512        17       640         0         0         0         0         0         0         0
     40/49     4.79G     0.081   0.03183   0.03852    0.1514        19       640         0         0         0         0         0         0         0
     41/49     4.79G   0.08095   0.03189   0.03857    0.1514        17       640         0         0         0         0         0         0         0
     42/49     4.79G   0.08083    0.0318   0.03852    0.1512        19       640         0         0         0         0         0         0         0
     43/49     4.79G   0.08087    0.0318    0.0386    0.1513        13       640         0         0         0         0         0         0         0
     44/49     4.79G   0.08069   0.03182   0.03841    0.1509        15       640         0         0         0         0         0         0         0
     45/49     4.79G   0.08097   0.03181   0.03853    0.1513        16       640         0         0         0         0         0         0         0
     46/49     4.79G   0.08075   0.03178    0.0385     0.151        16       640         0         0         0         0         0         0         0
     47/49     4.79G   0.08085   0.03178   0.03851    0.1511        12       640         0         0         0         0         0         0         0
     48/49     4.79G   0.08069   0.03179   0.03854     0.151        15       640         0         0         0         0         0         0         0
     49/49     4.79G   0.08084   0.03181   0.03863    0.1513        18       640   0.04743    0.1963   0.03301  0.009498   0.07643   0.03135   0.03938
      0/49     4.79G   0.07565   0.02901   0.03931     0.144        18       640         0         0         0         0         0         0         0
      1/49     4.79G   0.07547   0.02906   0.03924    0.1438        17       640         0         0         0         0         0         0         0
      2/49     4.79G   0.07561   0.02905   0.03926    0.1439        20       640         0         0         0         0         0         0         0
      3/49     4.79G   0.07562   0.02912   0.03926     0.144        12       640         0         0         0         0         0         0         0
      4/49     4.79G   0.07542   0.02903   0.03925    0.1437        18       640         0         0         0         0         0         0         0
      5/49     4.79G   0.07557     0.029   0.03909    0.1437        14       640         0         0         0         0         0         0         0
      6/49     4.79G   0.07571   0.02903   0.03914    0.1439        21       640         0         0         0         0         0         0         0
      7/49     4.79G   0.07546   0.02904   0.03919    0.1437        12       640         0         0         0         0         0         0         0
      8/49     4.79G   0.07553   0.02902    0.0393    0.1439        17       640         0         0         0         0         0         0         0
      9/49     4.79G   0.07558   0.02901   0.03926    0.1438        26       640         0         0         0         0         0         0         0
     10/49     4.79G   0.07572     0.029   0.03915    0.1439        14       640         0         0         0         0         0         0         0
     11/49     4.79G   0.07537   0.02909   0.03914    0.1436        20       640         0         0         0         0         0         0         0
     12/49     4.79G    0.0755   0.02902   0.03924    0.1438        15       640         0         0         0         0         0         0         0
     13/49     4.79G   0.07542   0.02902   0.03921    0.1436        12       640         0         0         0         0         0         0         0
     14/49     4.79G   0.07553   0.02901   0.03924    0.1438        12       640         0         0         0         0         0         0         0
     15/49     4.79G   0.07549   0.02898   0.03919    0.1437        17       640         0         0         0         0         0         0         0
     16/49     4.79G   0.07549   0.02903   0.03919    0.1437        17       640         0         0         0         0         0         0         0
     17/49     4.79G   0.07568   0.02901   0.03922    0.1439        17       640         0         0         0         0         0         0         0
     18/49     4.79G   0.07578   0.02907   0.03923    0.1441        16       640         0         0         0         0         0         0         0
     19/49     4.79G   0.07563   0.02899   0.03926    0.1439        14       640         0         0         0         0         0         0         0
     20/49     4.79G   0.07552   0.02903   0.03914    0.1437        15       640         0         0         0         0         0         0         0
     21/49     4.79G   0.07551   0.02904   0.03939    0.1439        15       640         0         0         0         0         0         0         0
     22/49     4.79G   0.07548   0.02903   0.03914    0.1437        23       640         0         0         0         0         0         0         0
     23/49     4.79G   0.07556   0.02903   0.03918    0.1438        18       640         0         0         0         0         0         0         0
     24/49     4.79G   0.07546   0.02906   0.03925    0.1438        15       640         0         0         0         0         0         0         0
     25/49     4.79G   0.07556    0.0291   0.03924    0.1439        12       640         0         0         0         0         0         0         0
     26/49     4.79G   0.07535     0.029   0.03919    0.1435        14       640         0         0         0         0         0         0         0
     27/49     4.79G   0.07545   0.02905   0.03922    0.1437        22       640         0         0         0         0         0         0         0
     28/49     4.79G   0.07569     0.029   0.03921    0.1439        12       640         0         0         0         0         0         0         0
     29/49     4.79G   0.07559     0.029   0.03919    0.1438        17       640         0         0         0         0         0         0         0
     30/49     4.79G   0.07539   0.02898   0.03918    0.1435        16       640         0         0         0         0         0         0         0
     31/49     4.79G   0.07567   0.02897   0.03921    0.1438        15       640         0         0         0         0         0         0         0
     32/49     4.79G   0.07558   0.02905   0.03943    0.1441        16       640         0         0         0         0         0         0         0
     33/49     4.79G   0.07546   0.02906   0.03914    0.1437        18       640         0         0         0         0         0         0         0
     34/49     4.79G   0.07544   0.02902   0.03909    0.1435        14       640         0         0         0         0         0         0         0
     35/49     4.79G   0.07566   0.02898   0.03914    0.1438        14       640         0         0         0         0         0         0         0
     36/49     4.79G   0.07569   0.02899   0.03925    0.1439        21       640         0         0         0         0         0         0         0
     37/49     4.79G   0.07562   0.02897    0.0392    0.1438        22       640         0         0         0         0         0         0         0
     38/49     4.79G   0.07549     0.029   0.03912    0.1436        20       640         0         0         0         0         0         0         0
     39/49     4.79G   0.07544   0.02906   0.03927    0.1438        14       640         0         0         0         0         0         0         0
     40/49     4.79G   0.07555   0.02903   0.03928    0.1439        15       640         0         0         0         0         0         0         0
     41/49     4.79G    0.0755   0.02905   0.03913    0.1437        17       640         0         0         0         0         0         0         0
     42/49     4.79G   0.07563   0.02903   0.03916    0.1438        13       640         0         0         0         0         0         0         0
     43/49     4.79G   0.07556   0.02903    0.0393    0.1439        15       640         0         0         0         0         0         0         0
     44/49     4.79G   0.07539   0.02908   0.03914    0.1436        22       640         0         0         0         0         0         0         0
     45/49     4.79G   0.07548   0.02904   0.03919    0.1437        21       640         0         0         0         0         0         0         0
     46/49     4.79G   0.07559   0.02897   0.03924    0.1438        20       640         0         0         0         0         0         0         0
     47/49     4.79G    0.0756   0.02913   0.03929     0.144        12       640         0         0         0         0         0         0         0
     48/49     4.79G   0.07568   0.02896   0.03916    0.1438        12       640         0         0         0         0         0         0         0
     49/49     4.79G   0.07566     0.029   0.03929    0.1439        12       640   0.04221    0.1634   0.03044  0.008892   0.07173   0.02838   0.03994
      0/49     4.79G   0.08539   0.04457   0.04225    0.1722        15       640         0         0         0         0         0         0         0
      1/49     4.79G   0.08534   0.04463   0.04226    0.1722        15       640         0         0         0         0         0         0         0
      2/49     4.79G   0.08529   0.04474   0.04228    0.1723        15       640         0         0         0         0         0         0         0
      3/49     4.79G   0.08545   0.04473   0.04239    0.1726        24       640         0         0         0         0         0         0         0
      4/49     4.79G   0.08521   0.04465   0.04244    0.1723        24       640         0         0         0         0         0         0         0
      5/49     4.79G   0.08535   0.04465   0.04232    0.1723        14       640         0         0         0         0         0         0         0
      6/49     4.79G   0.08531   0.04461   0.04232    0.1722        24       640         0         0         0         0         0         0         0
      7/49     4.79G   0.08535   0.04467    0.0423    0.1723        16       640         0         0         0         0         0         0         0
      8/49     4.79G   0.08543   0.04465   0.04231    0.1724        21       640         0         0         0         0         0         0         0
      9/49     4.79G   0.08531   0.04467   0.04245    0.1724        26       640         0         0         0         0         0         0         0
     10/49     4.79G   0.08534   0.04464   0.04225    0.1722        17       640         0         0         0         0         0         0         0
     11/49     4.79G   0.08536   0.04471   0.04236    0.1724        13       640         0         0         0         0         0         0         0
     12/49     4.79G   0.08545   0.04472   0.04236    0.1725        12       640         0         0         0         0         0         0         0
     13/49     4.79G    0.0854   0.04459   0.04237    0.1724        15       640         0         0         0         0         0         0         0
     14/49     4.79G   0.08528    0.0448   0.04232    0.1724        15       640         0         0         0         0         0         0         0
     15/49     4.79G    0.0852   0.04472    0.0424    0.1723        12       640         0         0         0         0         0         0         0
     16/49     4.79G    0.0853   0.04468   0.04245    0.1724        19       640         0         0         0         0         0         0         0
     17/49     4.79G   0.08547   0.04463   0.04238    0.1725        18       640         0         0         0         0         0         0         0
     18/49     4.79G   0.08524   0.04474   0.04221    0.1722        12       640         0         0         0         0         0         0         0
     19/49     4.79G   0.08519   0.04467   0.04229    0.1722        13       640         0         0         0         0         0         0         0
     20/49     4.79G   0.08527   0.04464   0.04229    0.1722        17       640         0         0         0         0         0         0         0
     21/49     4.79G   0.08536   0.04466   0.04232    0.1723        15       640         0         0         0         0         0         0         0
     22/49     4.79G   0.08524   0.04461   0.04232    0.1722        12       640         0         0         0         0         0         0         0
     23/49     4.79G   0.08545   0.04478   0.04237    0.1726        15       640         0         0         0         0         0         0         0
     24/49     4.79G   0.08519   0.04466   0.04223    0.1721        15       640         0         0         0         0         0         0         0
     25/49     4.79G   0.08518   0.04479   0.04235    0.1723        20       640         0         0         0         0         0         0         0
     26/49     4.79G   0.08549   0.04477   0.04237    0.1726        19       640         0         0         0         0         0         0         0
     27/49     4.79G   0.08526   0.04467   0.04228    0.1722        15       640         0         0         0         0         0         0         0
     28/49     4.79G   0.08555   0.04468    0.0424    0.1726        21       640         0         0         0         0         0         0         0
     29/49     4.79G   0.08553   0.04469   0.04237    0.1726        19       640         0         0         0         0         0         0         0
     30/49     4.79G   0.08537    0.0446   0.04233    0.1723        19       640         0         0         0         0         0         0         0
     31/49     4.79G   0.08539   0.04468   0.04231    0.1724        20       640         0         0         0         0         0         0         0
     32/49     4.79G   0.08548   0.04471   0.04254    0.1727        24       640         0         0         0         0         0         0         0
     33/49     4.79G   0.08547   0.04479   0.04236    0.1726        16       640         0         0         0         0         0         0         0
     34/49     4.79G   0.08504   0.04469   0.04234    0.1721        16       640         0         0         0         0         0         0         0
     35/49     4.79G   0.08532   0.04471   0.04233    0.1724        23       640         0         0         0         0         0         0         0
     36/49     4.79G   0.08516   0.04465   0.04226    0.1721        15       640         0         0         0         0         0         0         0
     37/49     4.79G   0.08525   0.04469   0.04241    0.1724        15       640         0         0         0         0         0         0         0
     38/49     4.79G   0.08517   0.04464   0.04234    0.1721        24       640         0         0         0         0         0         0         0
     39/49     4.79G   0.08528   0.04464   0.04236    0.1723        17       640         0         0         0         0         0         0         0
     40/49     4.79G   0.08558   0.04468   0.04245    0.1727        12       640         0         0         0         0         0         0         0
     41/49     4.79G   0.08545   0.04481   0.04227    0.1725        15       640         0         0         0         0         0         0         0
     42/49     4.79G   0.08529   0.04463   0.04232    0.1722        13       640         0         0         0         0         0         0         0
     43/49     4.79G   0.08516   0.04465   0.04232    0.1721        16       640         0         0         0         0         0         0         0
     44/49     4.79G   0.08524   0.04469    0.0423    0.1722        15       640         0         0         0         0         0         0         0
     45/49     4.79G   0.08557   0.04465   0.04231    0.1725        21       640         0         0         0         0         0         0         0
     46/49     4.79G   0.08497   0.04467   0.04232     0.172        16       640         0         0         0         0         0         0         0
     47/49     4.79G   0.08521   0.04467   0.04234    0.1722        14       640         0         0         0         0         0         0         0
     48/49     4.79G   0.08559   0.04454   0.04234    0.1725        14       640         0         0         0         0         0         0         0
     49/49     4.79G   0.08521   0.04484   0.04242    0.1725        13       640   0.04692    0.1251   0.03138  0.009181   0.08061   0.04397   0.04296
      0/49     4.79G   0.09013   0.03497   0.03706    0.1622        12       640         0         0         0         0         0         0         0
      1/49     4.79G   0.09039   0.03497   0.03715    0.1625        17       640         0         0         0         0         0         0         0
      2/49     4.79G   0.09044    0.0351   0.03709    0.1626        15       640         0         0         0         0         0         0         0
      3/49     4.79G   0.09029   0.03507   0.03704    0.1624        18       640         0         0         0         0         0         0         0
      4/49     4.79G   0.09001    0.0351   0.03712    0.1622        17       640         0         0         0         0         0         0         0
      5/49     4.79G   0.09044   0.03502   0.03707    0.1625        19       640         0         0         0         0         0         0         0
      6/49     4.79G   0.09051   0.03497    0.0371    0.1626        12       640         0         0         0         0         0         0         0
      7/49     4.79G   0.09032   0.03497   0.03715    0.1624        18       640         0         0         0         0         0         0         0
      8/49     4.79G   0.09021    0.0351    0.0371    0.1624        18       640         0         0         0         0         0         0         0
      9/49     4.79G   0.09047   0.03492   0.03715    0.1625        15       640         0         0         0         0         0         0         0
     10/49     4.79G   0.09042   0.03504   0.03714    0.1626        14       640         0         0         0         0         0         0         0
     11/49     4.79G   0.09024   0.03498   0.03707    0.1623        14       640         0         0         0         0         0         0         0
     12/49     4.79G   0.09028   0.03495   0.03719    0.1624        18       640         0         0         0         0         0         0         0
     13/49     4.79G   0.09046   0.03509   0.03719    0.1627        12       640         0         0         0         0         0         0         0
     14/49     4.79G   0.09019   0.03519   0.03722    0.1626        15       640         0         0         0         0         0         0         0
     15/49     4.79G   0.09035   0.03499    0.0372    0.1625        12       640         0         0         0         0         0         0         0
     16/49     4.79G   0.09051   0.03504   0.03715    0.1627        13       640         0         0         0         0         0         0         0
     17/49     4.79G   0.09031   0.03498    0.0371    0.1624        14       640         0         0         0         0         0         0         0
     18/49     4.79G   0.09037   0.03499   0.03707    0.1624        15       640         0         0         0         0         0         0         0
     19/49     4.79G   0.09028   0.03503    0.0371    0.1624        12       640         0         0         0         0         0         0         0
     20/49     4.79G   0.09044   0.03507    0.0372    0.1627        18       640         0         0         0         0         0         0         0
     21/49     4.79G   0.09053   0.03504   0.03711    0.1627        21       640         0         0         0         0         0         0         0
     22/49     4.79G   0.09028   0.03504   0.03712    0.1624        12       640         0         0         0         0         0         0         0
     23/49     4.79G    0.0905   0.03502    0.0371    0.1626        19       640         0         0         0         0         0         0         0
     24/49     4.79G   0.09019     0.035   0.03708    0.1623        22       640         0         0         0         0         0         0         0
     25/49     4.79G   0.09028     0.035   0.03712    0.1624        20       640         0         0         0         0         0         0         0
     26/49     4.79G   0.09036   0.03513   0.03715    0.1626        23       640         0         0         0         0         0         0         0
     27/49     4.79G   0.09031   0.03503   0.03708    0.1624        13       640         0         0         0         0         0         0         0
     28/49     4.79G   0.09047   0.03503   0.03714    0.1626        13       640         0         0         0         0         0         0         0
     29/49     4.79G   0.09018    0.0351   0.03725    0.1625        22       640         0         0         0         0         0         0         0
     30/49     4.79G   0.09022    0.0351    0.0371    0.1624        15       640         0         0         0         0         0         0         0
     31/49     4.79G   0.09033   0.03507   0.03718    0.1626        17       640         0         0         0         0         0         0         0
     32/49     4.79G   0.09036   0.03502   0.03726    0.1626        20       640         0         0         0         0         0         0         0
     33/49     4.79G   0.09049   0.03506   0.03717    0.1627        14       640         0         0         0         0         0         0         0
     34/49     4.79G   0.09024    0.0351   0.03709    0.1624        12       640         0         0         0         0         0         0         0
     35/49     4.79G   0.09036   0.03508    0.0371    0.1625        15       640         0         0         0         0         0         0         0
     36/49     4.79G   0.09034   0.03504   0.03718    0.1626        18       640         0         0         0         0         0         0         0
     37/49     4.79G   0.09037   0.03509   0.03716    0.1626        12       640         0         0         0         0         0         0         0
     38/49     4.79G   0.09026   0.03508   0.03713    0.1625        15       640         0         0         0         0         0         0         0
     39/49     4.79G    0.0905   0.03506   0.03722    0.1628        18       640         0         0         0         0         0         0         0
     40/49     4.79G   0.09048   0.03501   0.03702    0.1625        18       640         0         0         0         0         0         0         0
     41/49     4.79G   0.09035   0.03513    0.0371    0.1626        15       640         0         0         0         0         0         0         0
     42/49     4.79G   0.09041   0.03503   0.03711    0.1626        15       640         0         0         0         0         0         0         0
     43/49     4.79G   0.09017   0.03499   0.03707    0.1622        12       640         0         0         0         0         0         0         0
     44/49     4.79G   0.09042   0.03512    0.0371    0.1626        15       640         0         0         0         0         0         0         0
     45/49     4.79G    0.0903   0.03507   0.03705    0.1624        18       640         0         0         0         0         0         0         0
     46/49     4.79G   0.09017   0.03506   0.03708    0.1623        20       640         0         0         0         0         0         0         0
     47/49     4.79G   0.09042   0.03508   0.03718    0.1627        16       640         0         0         0         0         0         0         0
     48/49     4.79G   0.09051   0.03509   0.03717    0.1628        15       640         0         0         0         0         0         0         0
     49/49     4.79G   0.09032   0.03511   0.03703    0.1625        18       640   0.03932    0.2538   0.03284  0.009498   0.08529   0.03455   0.03797
      0/49     4.79G   0.05329   0.03001   0.04405    0.1273        15       640         0         0         0         0         0         0         0
      1/49     4.79G   0.05308   0.03008   0.04399    0.1272        17       640         0         0         0         0         0         0         0
      2/49     4.79G   0.05316   0.03007   0.04402    0.1272        17       640         0         0         0         0         0         0         0
      3/49     4.79G    0.0532   0.03008   0.04404    0.1273        13       640         0         0         0         0         0         0         0
      4/49     4.79G   0.05319   0.03012   0.04398    0.1273        23       640         0         0         0         0         0         0         0
      5/49     4.79G   0.05312   0.03011   0.04401    0.1272        20       640         0         0         0         0         0         0         0
      6/49     4.79G   0.05333   0.03002   0.04415    0.1275        13       640         0         0         0         0         0         0         0
      7/49     4.79G   0.05315   0.03003   0.04404    0.1272        20       640         0         0         0         0         0         0         0
      8/49     4.79G   0.05322   0.03004   0.04403    0.1273        12       640         0         0         0         0         0         0         0
      9/49     4.79G   0.05312   0.03012   0.04407    0.1273        20       640         0         0         0         0         0         0         0
     10/49     4.79G   0.05311   0.03004   0.04419    0.1273        16       640         0         0         0         0         0         0         0
     11/49     4.79G    0.0532   0.03006   0.04399    0.1273        19       640         0         0         0         0         0         0         0
     12/49     4.79G   0.05308      0.03   0.04404    0.1271        23       640         0         0         0         0         0         0         0
     13/49     4.79G   0.05316   0.03004   0.04409    0.1273        19       640         0         0         0         0         0         0         0
     14/49     4.79G   0.05317   0.03009   0.04384    0.1271        14       640         0         0         0         0         0         0         0
     15/49     4.79G   0.05306   0.03005   0.04408    0.1272        13       640         0         0         0         0         0         0         0
     16/49     4.79G   0.05326   0.03007   0.04409    0.1274        12       640         0         0         0         0         0         0         0
     17/49     4.79G   0.05318    0.0301     0.044    0.1273        15       640         0         0         0         0         0         0         0
     18/49     4.79G   0.05323   0.03008   0.04398    0.1273        13       640         0         0         0         0         0         0         0
     19/49     4.79G   0.05337      0.03   0.04412    0.1275        12       640         0         0         0         0         0         0         0
     20/49     4.79G    0.0532   0.02997   0.04409    0.1273        22       640         0         0         0         0         0         0         0
     21/49     4.79G   0.05314   0.03003   0.04415    0.1273        14       640         0         0         0         0         0         0         0
     22/49     4.79G   0.05322      0.03   0.04409    0.1273        12       640         0         0         0         0         0         0         0
     23/49     4.79G   0.05313   0.03011   0.04411    0.1274        17       640         0         0         0         0         0         0         0
     24/49     4.79G   0.05313   0.03008   0.04395    0.1272        16       640         0         0         0         0         0         0         0
     25/49     4.79G   0.05314   0.02998   0.04398    0.1271        16       640         0         0         0         0         0         0         0
     26/49     4.79G   0.05303   0.03009     0.044    0.1271        19       640         0         0         0         0         0         0         0
     27/49     4.79G   0.05322   0.03008   0.04413    0.1274        24       640         0         0         0         0         0         0         0
     28/49     4.79G   0.05329   0.03012   0.04415    0.1276        20       640         0         0         0         0         0         0         0
     29/49     4.79G   0.05315   0.03001   0.04416    0.1273        25       640         0         0         0         0         0         0         0
     30/49     4.79G   0.05324   0.03005   0.04409    0.1274        17       640         0         0         0         0         0         0         0
     31/49     4.79G   0.05323   0.02998   0.04408    0.1273        12       640         0         0         0         0         0         0         0
     32/49     4.79G   0.05329   0.03002   0.04407    0.1274        18       640         0         0         0         0         0         0         0
     33/49     4.79G   0.05323   0.03014   0.04405    0.1274        20       640         0         0         0         0         0         0         0
     34/49     4.79G   0.05306   0.03005    0.0439     0.127        14       640         0         0         0         0         0         0         0
     35/49     4.79G   0.05328   0.03008   0.04408    0.1274        18       640         0         0         0         0         0         0         0
     36/49     4.79G   0.05318   0.03003   0.04399    0.1272        15       640         0         0         0         0         0         0         0
     37/49     4.79G   0.05315   0.02999   0.04408    0.1272        17       640         0         0         0         0         0         0         0
     38/49     4.79G   0.05328   0.03003   0.04412    0.1274        14       640         0         0         0         0         0         0         0
     39/49     4.79G   0.05323   0.03007     0.044    0.1273        14       640         0         0         0         0         0         0         0
     40/49     4.79G   0.05305   0.02999   0.04418    0.1272        13       640         0         0         0         0         0         0         0
     41/49     4.79G    0.0531   0.03006   0.04402    0.1272        16       640         0         0         0         0         0         0         0
     42/49     4.79G   0.05317   0.03009   0.04405    0.1273        19       640         0         0         0         0         0         0         0
     43/49     4.79G   0.05327   0.03004   0.04416    0.1275        12       640         0         0         0         0         0         0         0
     44/49     4.79G   0.05331   0.03007    0.0441    0.1275        12       640         0         0         0         0         0         0         0
     45/49     4.79G   0.05324   0.03002   0.04404    0.1273        12       640         0         0         0         0         0         0         0
     46/49     4.79G   0.05302   0.03003   0.04405    0.1271        15       640         0         0         0         0         0         0         0
     47/49     4.79G   0.05333   0.03014   0.04417    0.1276        19       640         0         0         0         0         0         0         0
     48/49     4.79G   0.05309   0.03004   0.04399    0.1271        13       640         0         0         0         0         0         0         0
     49/49     4.79G    0.0532   0.03002   0.04399    0.1272        16       640   0.04175    0.1974   0.03177  0.009198   0.05048   0.02954   0.04475
      0/49     4.79G   0.07559    0.0347   0.03751    0.1478        17       640         0         0         0         0         0         0         0
      1/49     4.79G   0.07541   0.03473   0.03734    0.1475        15       640         0         0         0         0         0         0         0
      2/49     4.79G   0.07552   0.03475   0.03742    0.1477        24       640         0         0         0         0         0         0         0
      3/49     4.79G   0.07568   0.03479   0.03744    0.1479        13       640         0         0         0         0         0         0         0
      4/49     4.79G   0.07548   0.03478    0.0374    0.1477        22       640         0         0         0         0         0         0         0
      5/49     4.79G   0.07563   0.03473   0.03744    0.1478        12       640         0         0         0         0         0         0         0
      6/49     4.79G   0.07555   0.03475   0.03747    0.1478        14       640         0         0         0         0         0         0         0
      7/49     4.79G   0.07556   0.03482    0.0374    0.1478        19       640         0         0         0         0         0         0         0
      8/49     4.79G   0.07547   0.03477   0.03743    0.1477        16       640         0         0         0         0         0         0         0
      9/49     4.79G   0.07555   0.03477    0.0375    0.1478        15       640         0         0         0         0         0         0         0
     10/49     4.79G   0.07561   0.03481   0.03733    0.1477        17       640         0         0         0         0         0         0         0
     11/49     4.79G   0.07544   0.03482   0.03736    0.1476        12       640         0         0         0         0         0         0         0
     12/49     4.79G    0.0754   0.03476   0.03758    0.1477        13       640         0         0         0         0         0         0         0
     13/49     4.79G   0.07545   0.03472   0.03745    0.1476        12       640         0         0         0         0         0         0         0
     14/49     4.79G   0.07538   0.03485   0.03742    0.1476        15       640         0         0         0         0         0         0         0
     15/49     4.79G   0.07549   0.03473   0.03738    0.1476        12       640         0         0         0         0         0         0         0
     16/49     4.79G   0.07553   0.03479   0.03745    0.1478        12       640         0         0         0         0         0         0         0
     17/49     4.79G   0.07552   0.03477   0.03743    0.1477        12       640         0         0         0         0         0         0         0
     18/49     4.79G   0.07572   0.03483   0.03739    0.1479        21       640         0         0         0         0         0         0         0
     19/49     4.79G   0.07551   0.03473   0.03752    0.1478        15       640         0         0         0         0         0         0         0
     20/49     4.79G   0.07544   0.03478    0.0374    0.1476        18       640         0         0         0         0         0         0         0
     21/49     4.79G   0.07555   0.03476   0.03747    0.1478        18       640         0         0         0         0         0         0         0
     22/49     4.79G   0.07564    0.0347   0.03745    0.1478        17       640         0         0         0         0         0         0         0
     23/49     4.79G   0.07554   0.03478   0.03745    0.1478        14       640         0         0         0         0         0         0         0
     24/49     4.79G   0.07548   0.03471   0.03737    0.1476        12       640         0         0         0         0         0         0         0
     25/49     4.79G   0.07544   0.03482   0.03749    0.1477        12       640         0         0         0         0         0         0         0
     26/49     4.79G    0.0754   0.03473   0.03743    0.1476        16       640         0         0         0         0         0         0         0
     27/49     4.79G   0.07557   0.03476   0.03745    0.1478        19       640         0         0         0         0         0         0         0
     28/49     4.79G   0.07566    0.0348   0.03739    0.1478        15       640         0         0         0         0         0         0         0
     29/49     4.79G    0.0757    0.0348   0.03744    0.1479        20       640         0         0         0         0         0         0         0
     30/49     4.79G   0.07546    0.0347   0.03739    0.1476        12       640         0         0         0         0         0         0         0
     31/49     4.79G    0.0754   0.03477   0.03737    0.1475        16       640         0         0         0         0         0         0         0
     32/49     4.79G   0.07553   0.03478   0.03741    0.1477        14       640         0         0         0         0         0         0         0
     33/49     4.79G   0.07559   0.03485   0.03745    0.1479        17       640         0         0         0         0         0         0         0
     34/49     4.79G   0.07519   0.03485   0.03734    0.1474        13       640         0         0         0         0         0         0         0
     35/49     4.79G   0.07571   0.03471    0.0374    0.1478        12       640         0         0         0         0         0         0         0
     36/49     4.79G   0.07558   0.03479   0.03743    0.1478        19       640         0         0         0         0         0         0         0
     37/49     4.79G   0.07554   0.03477    0.0374    0.1477        18       640         0         0         0         0         0         0         0
     38/49     4.79G   0.07544   0.03477   0.03747    0.1477        18       640         0         0         0         0         0         0         0
     39/49     4.79G   0.07544   0.03477   0.03744    0.1476        15       640         0         0         0         0         0         0         0
     40/49     4.79G   0.07558   0.03472   0.03761    0.1479        13       640         0         0         0         0         0         0         0
     41/49     4.79G   0.07551   0.03481   0.03749    0.1478        12       640         0         0         0         0         0         0         0
     42/49     4.79G   0.07559   0.03483   0.03742    0.1478        12       640         0         0         0         0         0         0         0
     43/49     4.79G   0.07533   0.03481   0.03743    0.1476        25       640         0         0         0         0         0         0         0
     44/49     4.79G   0.07544   0.03482   0.03738    0.1476        24       640         0         0         0         0         0         0         0
     45/49     4.79G   0.07548   0.03477    0.0374    0.1476        22       640         0         0         0         0         0         0         0
     46/49     4.79G   0.07554   0.03478   0.03744    0.1478        12       640         0         0         0         0         0         0         0
     47/49     4.79G   0.07544   0.03484   0.03743    0.1477        15       640         0         0         0         0         0         0         0
     48/49     4.79G   0.07573    0.0348   0.03743     0.148        17       640         0         0         0         0         0         0         0
     49/49     4.79G   0.07537   0.03477   0.03752    0.1477        13       640   0.04374    0.1932   0.03251  0.009446   0.07162   0.03429   0.03814
      0/49     4.79G   0.07843   0.03113   0.04185    0.1514        15       640         0         0         0         0         0         0         0
      1/49     4.79G   0.07837   0.03116   0.04185    0.1514        15       640         0         0         0         0         0         0         0
      2/49     4.79G   0.07845   0.03115   0.04184    0.1514        26       640         0         0         0         0         0         0         0
      3/49     4.79G   0.07844   0.03114   0.04193    0.1515        17       640         0         0         0         0         0         0         0
      4/49     4.79G   0.07838   0.03119    0.0419    0.1515        15       640         0         0         0         0         0         0         0
      5/49     4.79G    0.0784   0.03107   0.04184    0.1513        15       640         0         0         0         0         0         0         0
      6/49     4.79G   0.07842   0.03108    0.0419    0.1514        18       640         0         0         0         0         0         0         0
      7/49     4.79G   0.07849   0.03105   0.04197    0.1515        13       640         0         0         0         0         0         0         0
      8/49     4.79G   0.07848   0.03118   0.04186    0.1515        20       640         0         0         0         0         0         0         0
      9/49     4.79G    0.0784   0.03106   0.04187    0.1513        16       640         0         0         0         0         0         0         0
     10/49     4.79G   0.07855   0.03116   0.04188    0.1516        12       640         0         0         0         0         0         0         0
     11/49     4.79G   0.07852   0.03111   0.04182    0.1515        15       640         0         0         0         0         0         0         0
     12/49     4.79G   0.07846   0.03114   0.04187    0.1515        18       640         0         0         0         0         0         0         0
     13/49     4.79G    0.0785   0.03113   0.04191    0.1515        18       640         0         0         0         0         0         0         0
     14/49     4.79G   0.07817    0.0312   0.04189    0.1513        14       640         0         0         0         0         0         0         0
     15/49     4.79G    0.0784   0.03114   0.04184    0.1514        18       640         0         0         0         0         0         0         0
     16/49     4.79G   0.07838   0.03119   0.04196    0.1515        15       640         0         0         0         0         0         0         0
     17/49     4.79G   0.07854   0.03113   0.04186    0.1515        12       640         0         0         0         0         0         0         0
     18/49     4.79G    0.0785   0.03112   0.04192    0.1515        15       640         0         0         0         0         0         0         0
     19/49     4.79G   0.07859   0.03116   0.04186    0.1516        23       640         0         0         0         0         0         0         0
     20/49     4.79G    0.0785   0.03112   0.04188    0.1515        19       640         0         0         0         0         0         0         0
     21/49     4.79G   0.07872   0.03101   0.04204    0.1518        15       640         0         0         0         0         0         0         0
     22/49     4.79G   0.07811   0.03118   0.04175     0.151        18       640         0         0         0         0         0         0         0
     23/49     4.79G   0.07857   0.03121     0.042    0.1518        16       640         0         0         0         0         0         0         0
     24/49     4.79G   0.07859   0.03117   0.04193    0.1517        21       640         0         0         0         0         0         0         0
     25/49     4.79G    0.0782   0.03122   0.04187    0.1513        12       640         0         0         0         0         0         0         0
     26/49     4.79G   0.07855   0.03111   0.04189    0.1515        19       640         0         0         0         0         0         0         0
     27/49     4.79G   0.07842   0.03114   0.04173    0.1513        15       640         0         0         0         0         0         0         0
     28/49     4.79G   0.07839   0.03117   0.04189    0.1515        14       640         0         0         0         0         0         0         0
     29/49     4.79G   0.07859   0.03118    0.0419    0.1517        19       640         0         0         0         0         0         0         0
     30/49     4.79G   0.07844   0.03108   0.04185    0.1514        19       640         0         0         0         0         0         0         0
     31/49     4.79G   0.07854    0.0311   0.04189    0.1515        12       640         0         0         0         0         0         0         0
     32/49     4.79G   0.07879   0.03105   0.04188    0.1517        19       640         0         0         0         0         0         0         0
     33/49     4.79G    0.0786   0.03122   0.04194    0.1518        22       640         0         0         0         0         0         0         0
     34/49     4.79G   0.07848   0.03108   0.04181    0.1514        18       640         0         0         0         0         0         0         0
     35/49     4.79G   0.07827   0.03117   0.04187    0.1513        24       640         0         0         0         0         0         0         0
     36/49     4.79G   0.07839   0.03113   0.04192    0.1514        15       640         0         0         0         0         0         0         0
     37/49     4.79G   0.07856    0.0311   0.04208    0.1517        12       640         0         0         0         0         0         0         0
     38/49     4.79G   0.07837   0.03114   0.04177    0.1513        16       640         0         0         0         0         0         0         0
     39/49     4.79G   0.07847   0.03116   0.04191    0.1515        14       640         0         0         0         0         0         0         0
     40/49     4.79G   0.07862   0.03103   0.04197    0.1516        12       640         0         0         0         0         0         0         0
     41/49     4.79G   0.07854   0.03128   0.04183    0.1516        16       640         0         0         0         0         0         0         0
     42/49     4.79G   0.07833   0.03113   0.04183    0.1513        15       640         0         0         0         0         0         0         0
     43/49     4.79G   0.07828   0.03119   0.04192    0.1514        13       640         0         0         0         0         0         0         0
     44/49     4.79G   0.07837   0.03122   0.04195    0.1515        20       640         0         0         0         0         0         0         0
     45/49     4.79G   0.07869   0.03108   0.04188    0.1516        18       640         0         0         0         0         0         0         0
     46/49     4.79G   0.07833   0.03114    0.0419    0.1514        17       640         0         0         0         0         0         0         0
     47/49     4.79G   0.07846   0.03119   0.04188    0.1515        19       640         0         0         0         0         0         0         0
     48/49     4.79G   0.07852   0.03109   0.04188    0.1515        18       640         0         0         0         0         0         0         0
     49/49     4.79G   0.07843    0.0312   0.04193    0.1516        13       640   0.04185    0.1508   0.02994  0.008376   0.07362   0.03082   0.04226
      0/49     4.79G   0.07587    0.0297   0.04237    0.1479        18       640         0         0         0         0         0         0         0
      1/49     4.79G   0.07572   0.02973   0.04241    0.1479        16       640         0         0         0         0         0         0         0
      2/49     4.79G   0.07576   0.02984   0.04232    0.1479        15       640         0         0         0         0         0         0         0
      3/49     4.79G   0.07597   0.02983    0.0424    0.1482        24       640         0         0         0         0         0         0         0
      4/49     4.79G    0.0761   0.02974   0.04257    0.1484        23       640         0         0         0         0         0         0         0
      5/49     4.79G   0.07585   0.02977   0.04249    0.1481        16       640         0         0         0         0         0         0         0
      6/49     4.79G   0.07604   0.02969   0.04257    0.1483        21       640         0         0         0         0         0         0         0
      7/49     4.79G   0.07589   0.02976   0.04252    0.1482        15       640         0         0         0         0         0         0         0
      8/49     4.79G   0.07598   0.02977   0.04235    0.1481        18       640         0         0         0         0         0         0         0
      9/49     4.79G   0.07596   0.02972   0.04254    0.1482        26       640         0         0         0         0         0         0         0
     10/49     4.79G   0.07565    0.0298   0.04237    0.1478        14       640         0         0         0         0         0         0         0
     11/49     4.79G   0.07576   0.02979   0.04245     0.148        13       640         0         0         0         0         0         0         0
     12/49     4.79G   0.07602    0.0298   0.04256    0.1484        12       640         0         0         0         0         0         0         0
     13/49     4.79G   0.07599   0.02972    0.0425    0.1482        15       640         0         0         0         0         0         0         0
     14/49     4.79G    0.0759   0.02981   0.04238    0.1481        14       640         0         0         0         0         0         0         0
     15/49     4.79G   0.07581   0.02979   0.04243     0.148        15       640         0         0         0         0         0         0         0
     16/49     4.79G   0.07587   0.02977   0.04248    0.1481        12       640         0         0         0         0         0         0         0
     17/49     4.79G   0.07599   0.02974   0.04248    0.1482        16       640         0         0         0         0         0         0         0
     18/49     4.79G   0.07592   0.02983   0.04238    0.1481        18       640         0         0         0         0         0         0         0
     19/49     4.79G   0.07585   0.02977   0.04247    0.1481        22       640         0         0         0         0         0         0         0
     20/49     4.79G   0.07581   0.02973   0.04235    0.1479        16       640         0         0         0         0         0         0         0
     21/49     4.79G   0.07592    0.0297   0.04246    0.1481        15       640         0         0         0         0         0         0         0
     22/49     4.79G   0.07583   0.02971   0.04243     0.148        16       640         0         0         0         0         0         0         0
     23/49     4.79G   0.07594   0.02985   0.04252    0.1483        18       640         0         0         0         0         0         0         0
     24/49     4.79G   0.07587   0.02974   0.04247    0.1481        13       640         0         0         0         0         0         0         0
     25/49     4.79G   0.07572   0.02985   0.04245     0.148        17       640         0         0         0         0         0         0         0
     26/49     4.79G   0.07598    0.0298   0.04249    0.1483        15       640         0         0         0         0         0         0         0
     27/49     4.79G   0.07597    0.0298    0.0424    0.1482        12       640         0         0         0         0         0         0         0
     28/49     4.79G   0.07603   0.02977   0.04246    0.1483        19       640         0         0         0         0         0         0         0
     29/49     4.79G   0.07599   0.02975   0.04241    0.1481        18       640         0         0         0         0         0         0         0
     30/49     4.79G   0.07595   0.02969    0.0424     0.148        16       640         0         0         0         0         0         0         0
     31/49     4.79G   0.07582   0.02981   0.04242    0.1481        20       640         0         0         0         0         0         0         0
     32/49     4.79G    0.0761   0.02978   0.04257    0.1484        27       640         0         0         0         0         0         0         0
     33/49     4.79G   0.07596   0.02985   0.04244    0.1482        18       640         0         0         0         0         0         0         0
     34/49     4.79G   0.07582   0.02974    0.0424     0.148        16       640         0         0         0         0         0         0         0
     35/49     4.79G   0.07601   0.02974   0.04242    0.1482        24       640         0         0         0         0         0         0         0
     36/49     4.79G   0.07594   0.02975   0.04249    0.1482        19       640         0         0         0         0         0         0         0
     37/49     4.79G    0.0759   0.02972   0.04252    0.1481        12       640         0         0         0         0         0         0         0
     38/49     4.79G   0.07588   0.02973   0.04243     0.148        20       640         0         0         0         0         0         0         0
     39/49     4.79G   0.07585   0.02976   0.04237     0.148        19       640         0         0         0         0         0         0         0
     40/49     4.79G     0.076   0.02976   0.04247    0.1482        15       640         0         0         0         0         0         0         0
     41/49     4.79G   0.07602   0.02984    0.0424    0.1483        16       640         0         0         0         0         0         0         0
     42/49     4.79G   0.07589   0.02973    0.0424     0.148        17       640         0         0         0         0         0         0         0
     43/49     4.79G   0.07585   0.02974   0.04252    0.1481        13       640         0         0         0         0         0         0         0
     44/49     4.79G   0.07579   0.02977   0.04241     0.148        15       640         0         0         0         0         0         0         0
     45/49     4.79G   0.07605   0.02975    0.0424    0.1482        21       640         0         0         0         0         0         0         0
     46/49     4.79G   0.07584    0.0297   0.04246     0.148        16       640         0         0         0         0         0         0         0
     47/49     4.79G   0.07596   0.02971   0.04241    0.1481        14       640         0         0         0         0         0         0         0
     48/49     4.79G   0.07582   0.02974   0.04229    0.1479        17       640         0         0         0         0         0         0         0
     49/49     4.79G   0.07595   0.02976    0.0424    0.1481        13       640   0.04407    0.1539   0.03101  0.009007   0.07168   0.02927   0.04306
      0/49     4.79G    0.0751   0.03158   0.04459    0.1513        14       640         0         0         0         0         0         0         0
      1/49     4.79G   0.07483    0.0316   0.04451    0.1509        15       640         0         0         0         0         0         0         0
      2/49     4.79G   0.07512   0.03162   0.04455    0.1513        13       640         0         0         0         0         0         0         0
      3/49     4.79G   0.07503   0.03168   0.04459    0.1513        15       640         0         0         0         0         0         0         0
      4/49     4.79G   0.07494   0.03168   0.04457    0.1512        15       640         0         0         0         0         0         0         0
      5/49     4.79G   0.07515   0.03166   0.04448    0.1513        25       640         0         0         0         0         0         0         0
      6/49     4.79G   0.07527    0.0316   0.04452    0.1514        12       640         0         0         0         0         0         0         0
      7/49     4.79G   0.07508   0.03164   0.04442    0.1511        15       640         0         0         0         0         0         0         0
      8/49     4.79G   0.07507   0.03157   0.04456    0.1512        12       640         0         0         0         0         0         0         0
      9/49     4.79G   0.07512   0.03163    0.0446    0.1514        18       640         0         0         0         0         0         0         0
     10/49     4.79G   0.07505   0.03161   0.04452    0.1512        13       640         0         0         0         0         0         0         0
     11/49     4.79G   0.07491   0.03167   0.04449    0.1511        13       640         0         0         0         0         0         0         0
     12/49     4.79G   0.07495   0.03163   0.04452    0.1511        15       640         0         0         0         0         0         0         0
     13/49     4.79G   0.07496   0.03156   0.04444     0.151        16       640         0         0         0         0         0         0         0
     14/49     4.79G   0.07491   0.03172   0.04455    0.1512        12       640         0         0         0         0         0         0         0
     15/49     4.79G   0.07497   0.03161   0.04442     0.151        21       640         0         0         0         0         0         0         0
     16/49     4.79G   0.07502   0.03166   0.04466    0.1513        15       640         0         0         0         0         0         0         0
     17/49     4.79G   0.07505   0.03159   0.04454    0.1512        18       640         0         0         0         0         0         0         0
     18/49     4.79G   0.07532   0.03162   0.04451    0.1515        17       640         0         0         0         0         0         0         0
     19/49     4.79G   0.07509   0.03157   0.04461    0.1513        12       640         0         0         0         0         0         0         0
     20/49     4.79G   0.07508   0.03159   0.04463    0.1513        12       640         0         0         0         0         0         0         0
     21/49     4.79G   0.07508   0.03165   0.04472    0.1514        18       640         0         0         0         0         0         0         0
     22/49     4.79G   0.07519   0.03157   0.04461    0.1514        18       640         0         0         0         0         0         0         0
     23/49     4.79G   0.07538   0.03156   0.04469    0.1516        16       640         0         0         0         0         0         0         0
     24/49     4.79G   0.07499   0.03157   0.04459    0.1511        18       640         0         0         0         0         0         0         0
     25/49     4.79G   0.07504   0.03169   0.04452    0.1513        25       640         0         0         0         0         0         0         0
     26/49     4.79G   0.07464   0.03168   0.04449    0.1508        18       640         0         0         0         0         0         0         0
     27/49     4.79G     0.075   0.03165   0.04458    0.1512        15       640         0         0         0         0         0         0         0
     28/49     4.79G   0.07513   0.03165    0.0446    0.1514        14       640         0         0         0         0         0         0         0
     29/49     4.79G   0.07516   0.03159   0.04459    0.1513        23       640         0         0         0         0         0         0         0
     30/49     4.79G   0.07505   0.03156    0.0446    0.1512        15       640         0         0         0         0         0         0         0
     31/49     4.79G   0.07508   0.03164   0.04461    0.1513        16       640         0         0         0         0         0         0         0
     32/49     4.79G    0.0751   0.03164   0.04457    0.1513        17       640         0         0         0         0         0         0         0
     33/49     4.79G   0.07518    0.0317   0.04462    0.1515        17       640         0         0         0         0         0         0         0
     34/49     4.79G    0.0749   0.03163   0.04461    0.1511        12       640         0         0         0         0         0         0         0
     35/49     4.79G   0.07502   0.03161   0.04447    0.1511        15       640         0         0         0         0         0         0         0
     36/49     4.79G   0.07507   0.03161    0.0445    0.1512        16       640         0         0         0         0         0         0         0
     37/49     4.79G   0.07506   0.03153   0.04455    0.1511        25       640         0         0         0         0         0         0         0
     38/49     4.79G   0.07506   0.03158    0.0445    0.1511        15       640         0         0         0         0         0         0         0
     39/49     4.79G   0.07507   0.03164   0.04462    0.1513        12       640         0         0         0         0         0         0         0
     40/49     4.79G   0.07504   0.03158   0.04465    0.1513        15       640         0         0         0         0         0         0         0
     41/49     4.79G   0.07526   0.03159   0.04459    0.1514        19       640         0         0         0         0         0         0         0
     42/49     4.79G    0.0751   0.03166    0.0445    0.1513        12       640         0         0         0         0         0         0         0
     43/49     4.79G   0.07492   0.03163   0.04459    0.1511        14       640         0         0         0         0         0         0         0
     44/49     4.79G   0.07505   0.03166   0.04456    0.1513        15       640         0         0         0         0         0         0         0
     45/49     4.79G   0.07522   0.03164   0.04456    0.1514        16       640         0         0         0         0         0         0         0
     46/49     4.79G     0.075   0.03157   0.04463    0.1512        14       640         0         0         0         0         0         0         0
     47/49     4.79G    0.0751   0.03166   0.04457    0.1513        15       640         0         0         0         0         0         0         0
     48/49     4.79G   0.07515   0.03157   0.04456    0.1513        15       640         0         0         0         0         0         0         0
     49/49     4.79G    0.0751   0.03154   0.04449    0.1511        14       640   0.04716    0.1314   0.03057  0.008901   0.07107   0.03122   0.04518
      0/49     4.79G   0.08004    0.0364   0.04956     0.166        17       640         0         0         0         0         0         0         0
      1/49     4.79G   0.08007   0.03641   0.04948     0.166        21       640         0         0         0         0         0         0         0
      2/49     4.79G   0.08011   0.03644   0.04937    0.1659        17       640         0         0         0         0         0         0         0
      3/49     4.79G   0.08006   0.03632   0.04964     0.166        18       640         0         0         0         0         0         0         0
      4/49     4.79G   0.07997   0.03638   0.04948    0.1658        17       640         0         0         0         0         0         0         0
      5/49     4.79G   0.08007   0.03638   0.04941    0.1659        19       640         0         0         0         0         0         0         0
      6/49     4.79G   0.08019   0.03637   0.04955    0.1661        19       640         0         0         0         0         0         0         0
      7/49     4.79G    0.0799   0.03638   0.04961    0.1659        16       640         0         0         0         0         0         0         0
      8/49     4.79G   0.07988   0.03645   0.04955    0.1659        13       640         0         0         0         0         0         0         0
      9/49     4.79G   0.07992   0.03637   0.04964    0.1659        14       640         0         0         0         0         0         0         0
     10/49     4.79G   0.08007   0.03639    0.0494    0.1659        14       640         0         0         0         0         0         0         0
     11/49     4.79G      0.08   0.03633   0.04953    0.1659        19       640         0         0         0         0         0         0         0
     12/49     4.79G   0.08004   0.03634   0.04962     0.166        18       640         0         0         0         0         0         0         0
     13/49     4.79G   0.08006   0.03643   0.04946     0.166        17       640         0         0         0         0         0         0         0
     14/49     4.79G   0.07989   0.03651   0.04943    0.1658        15       640         0         0         0         0         0         0         0
     15/49     4.79G   0.08016   0.03634   0.04954     0.166        12       640         0         0         0         0         0         0         0
     16/49     4.79G   0.07994   0.03644    0.0495    0.1659        16       640         0         0         0         0         0         0         0
     17/49     4.79G   0.07988   0.03638   0.04952    0.1658        15       640         0         0         0         0         0         0         0
     18/49     4.79G   0.08007   0.03632   0.04956    0.1659        15       640         0         0         0         0         0         0         0
     19/49     4.79G   0.08008   0.03639   0.04947    0.1659        15       640         0         0         0         0         0         0         0
     20/49     4.79G   0.08006   0.03652   0.04962    0.1662        15       640         0         0         0         0         0         0         0
     21/49     4.79G   0.08005   0.03628   0.04958    0.1659        15       640         0         0         0         0         0         0         0
     22/49     4.79G   0.07999   0.03634   0.04948    0.1658        13       640         0         0         0         0         0         0         0
     23/49     4.79G   0.08008   0.03636   0.04952     0.166        15       640         0         0         0         0         0         0         0
     24/49     4.79G   0.07984   0.03639   0.04943    0.1657        14       640         0         0         0         0         0         0         0
     25/49     4.79G      0.08   0.03633   0.04941    0.1657        14       640         0         0         0         0         0         0         0
     26/49     4.79G   0.08028   0.03644   0.04952    0.1662        19       640         0         0         0         0         0         0         0
     27/49     4.79G   0.07988   0.03638   0.04926    0.1655        13       640         0         0         0         0         0         0         0
     28/49     4.79G   0.08005   0.03641   0.04953     0.166        19       640         0         0         0         0         0         0         0
     29/49     4.79G      0.08   0.03634   0.04947    0.1658        15       640         0         0         0         0         0         0         0
     30/49     4.79G   0.07995   0.03642    0.0495    0.1659        15       640         0         0         0         0         0         0         0
     31/49     4.79G   0.08002    0.0364   0.04963    0.1661        23       640         0         0         0         0         0         0         0
     32/49     4.79G   0.08004   0.03641    0.0496     0.166        17       640         0         0         0         0         0         0         0
     33/49     4.79G   0.07991   0.03638    0.0495    0.1658        13       640         0         0         0         0         0         0         0
     34/49     4.79G   0.07996   0.03637   0.04948    0.1658        23       640         0         0         0         0         0         0         0
     35/49     4.79G   0.08001   0.03641   0.04963    0.1661        19       640         0         0         0         0         0         0         0
     36/49     4.79G   0.07993   0.03642   0.04967     0.166        23       640         0         0         0         0         0         0         0
     37/49     4.79G   0.08007   0.03632   0.04953    0.1659        12       640         0         0         0         0         0         0         0
     38/49     4.79G   0.07983    0.0364   0.04941    0.1656        18       640         0         0         0         0         0         0         0
     39/49     4.79G      0.08   0.03642    0.0497    0.1661        12       640         0         0         0         0         0         0         0
     40/49     4.79G   0.08011   0.03639   0.04953     0.166        12       640         0         0         0         0         0         0         0
     41/49     4.79G   0.08013   0.03649   0.04952    0.1661        13       640         0         0         0         0         0         0         0
     42/49     4.79G   0.08009   0.03644   0.04953    0.1661        19       640         0         0         0         0         0         0         0
     43/49     4.79G   0.07981   0.03644   0.04958    0.1658        20       640         0         0         0         0         0         0         0
     44/49     4.79G   0.07989    0.0365   0.04953    0.1659        13       640         0         0         0         0         0         0         0
     45/49     4.79G      0.08   0.03637   0.04952    0.1659        12       640         0         0         0         0         0         0         0
     46/49     4.79G   0.08003   0.03641   0.04945    0.1659        14       640         0         0         0         0         0         0         0
     47/49     4.79G   0.07998   0.03641   0.04941    0.1658        14       640         0         0         0         0         0         0         0
     48/49     4.79G   0.08001   0.03645    0.0495     0.166        16       640         0         0         0         0         0         0         0
     49/49     4.79G   0.08023   0.03648    0.0495    0.1662        12       640   0.04045     0.178   0.03076  0.009024   0.07544   0.03561   0.05052
      0/49     4.79G   0.07117   0.03287   0.04111    0.1452        15       640         0         0         0         0         0         0         0
      1/49     4.79G   0.07088   0.03283   0.04103    0.1447        14       640         0         0         0         0         0         0         0
      2/49     4.79G   0.07105   0.03284   0.04106     0.145        15       640         0         0         0         0         0         0         0
      3/49     4.79G   0.07104   0.03288    0.0411     0.145        16       640         0         0         0         0         0         0         0
      4/49     4.79G   0.07104   0.03294   0.04111    0.1451        12       640         0         0         0         0         0         0         0
      5/49     4.79G   0.07111   0.03297   0.04115    0.1452        18       640         0         0         0         0         0         0         0
      6/49     4.79G   0.07117   0.03293   0.04107    0.1452        16       640         0         0         0         0         0         0         0
      7/49     4.79G   0.07113   0.03288   0.04101     0.145        14       640         0         0         0         0         0         0         0
      8/49     4.79G     0.071   0.03287   0.04104    0.1449        15       640         0         0         0         0         0         0         0
      9/49     4.79G   0.07106   0.03286   0.04105     0.145        12       640         0         0         0         0         0         0         0
     10/49     4.79G   0.07097   0.03289   0.04109    0.1449        15       640         0         0         0         0         0         0         0
     11/49     4.79G   0.07106   0.03285   0.04108     0.145        21       640         0         0         0         0         0         0         0
     12/49     4.79G   0.07094   0.03289    0.0411    0.1449        14       640         0         0         0         0         0         0         0
     13/49     4.79G   0.07106   0.03295   0.04107    0.1451        12       640         0         0         0         0         0         0         0
     14/49     4.79G   0.07082   0.03298   0.04105    0.1449        13       640         0         0         0         0         0         0         0
     15/49     4.79G   0.07106   0.03292   0.04113    0.1451        12       640         0         0         0         0         0         0         0
     16/49     4.79G   0.07096   0.03297   0.04109     0.145        12       640         0         0         0         0         0         0         0
     17/49     4.79G    0.0712    0.0329     0.041    0.1451        15       640         0         0         0         0         0         0         0
     18/49     4.79G   0.07119    0.0329   0.04113    0.1452        20       640         0         0         0         0         0         0         0
     19/49     4.79G   0.07128   0.03284    0.0412    0.1453        18       640         0         0         0         0         0         0         0
     20/49     4.79G   0.07113    0.0329   0.04105    0.1451        14       640         0         0         0         0         0         0         0
     21/49     4.79G   0.07097   0.03286   0.04112     0.145        13       640         0         0         0         0         0         0         0
     22/49     4.79G   0.07096   0.03283   0.04108    0.1449        12       640         0         0         0         0         0         0         0
     23/49     4.79G   0.07095   0.03294    0.0411     0.145        12       640         0         0         0         0         0         0         0
     24/49     4.79G   0.07115   0.03289   0.04111    0.1451        12       640         0         0         0         0         0         0         0
     25/49     4.79G   0.07089   0.03295   0.04108    0.1449        12       640         0         0         0         0         0         0         0
     26/49     4.79G   0.07101   0.03294   0.04104     0.145        12       640         0         0         0         0         0         0         0
     27/49     4.79G   0.07093   0.03296   0.04117    0.1451        17       640         0         0         0         0         0         0         0
     28/49     4.79G    0.0712   0.03291   0.04119    0.1453        12       640         0         0         0         0         0         0         0
     29/49     4.79G   0.07114   0.03285   0.04121    0.1452        15       640         0         0         0         0         0         0         0
     30/49     4.79G   0.07091    0.0329   0.04107    0.1449        29       640         0         0         0         0         0         0         0
     31/49     4.79G   0.07101   0.03281   0.04107    0.1449        12       640         0         0         0         0         0         0         0
     32/49     4.79G   0.07123   0.03291   0.04118    0.1453        12       640         0         0         0         0         0         0         0
     33/49     4.79G   0.07094   0.03302   0.04098    0.1449        15       640         0         0         0         0         0         0         0
     34/49     4.79G   0.07095   0.03291   0.04094    0.1448        15       640         0         0         0         0         0         0         0
     35/49     4.79G   0.07098   0.03292   0.04103    0.1449        18       640         0         0         0         0         0         0         0
     36/49     4.79G   0.07108   0.03291     0.041     0.145        12       640         0         0         0         0         0         0         0
     37/49     4.79G   0.07092   0.03285   0.04105    0.1448        12       640         0         0         0         0         0         0         0
     38/49     4.79G   0.07107    0.0329   0.04104     0.145        16       640         0         0         0         0         0         0         0
     39/49     4.79G   0.07092   0.03293   0.04098    0.1448        12       640         0         0         0         0         0         0         0
     40/49     4.79G   0.07086   0.03282   0.04106    0.1447        18       640         0         0         0         0         0         0         0
     41/49     4.79G   0.07106   0.03286   0.04112     0.145        25       640         0         0         0         0         0         0         0
     42/49     4.79G   0.07118   0.03287   0.04108    0.1451        14       640         0         0         0         0         0         0         0
     43/49     4.79G   0.07103   0.03284   0.04116     0.145        15       640         0         0         0         0         0         0         0
     44/49     4.79G    0.0711   0.03297   0.04102    0.1451        13       640         0         0         0         0         0         0         0
     45/49     4.79G   0.07111   0.03285   0.04114    0.1451        13       640         0         0         0         0         0         0         0
     46/49     4.79G   0.07093   0.03282   0.04104    0.1448        17       640         0         0         0         0         0         0         0
     47/49     4.79G   0.07114   0.03289   0.04117    0.1452        17       640         0         0         0         0         0         0         0
     48/49     4.79G   0.07112   0.03291   0.04101     0.145        12       640         0         0         0         0         0         0         0
     49/49     4.79G   0.07102   0.03289   0.04111     0.145        17       640   0.04194    0.1665   0.03141  0.009336   0.06742   0.03219   0.04184
      0/49     4.79G   0.07971   0.03217   0.04136    0.1532        14       640         0         0         0         0         0         0         0
      1/49     4.79G   0.07975    0.0322   0.04138    0.1533        20       640         0         0         0         0         0         0         0
      2/49     4.79G   0.07947   0.03227   0.04123     0.153        15       640         0         0         0         0         0         0         0
      3/49     4.79G   0.07949   0.03231   0.04138    0.1532        12       640         0         0         0         0         0         0         0
      4/49     4.79G   0.07944   0.03221   0.04131     0.153        17       640         0         0         0         0         0         0         0
      5/49     4.79G   0.07931   0.03226   0.04131    0.1529        12       640         0         0         0         0         0         0         0
      6/49     4.79G   0.07951   0.03218   0.04129     0.153        13       640         0         0         0         0         0         0         0
      7/49     4.79G   0.07952   0.03222   0.04142    0.1531        16       640         0         0         0         0         0         0         0
      8/49     4.79G   0.07954   0.03228   0.04128    0.1531        15       640         0         0         0         0         0         0         0
      9/49     4.79G   0.07941   0.03218   0.04145    0.1531        15       640         0         0         0         0         0         0         0
     10/49     4.79G   0.07932   0.03235   0.04129     0.153        12       640         0         0         0         0         0         0         0
     11/49     4.79G   0.07948   0.03225   0.04149    0.1532        12       640         0         0         0         0         0         0         0
     12/49     4.79G   0.07953   0.03227   0.04139    0.1532        16       640         0         0         0         0         0         0         0
     13/49     4.79G   0.07948   0.03228   0.04135    0.1531        19       640         0         0         0         0         0         0         0
     14/49     4.79G   0.07948   0.03232   0.04132    0.1531        27       640         0         0         0         0         0         0         0
     15/49     4.79G   0.07938   0.03224    0.0414     0.153        20       640         0         0         0         0         0         0         0
     16/49     4.79G    0.0796   0.03225   0.04144    0.1533        22       640         0         0         0         0         0         0         0
     17/49     4.79G   0.07949   0.03228   0.04139    0.1532        18       640         0         0         0         0         0         0         0
     18/49     4.79G   0.07958   0.03218   0.04135    0.1531        21       640         0         0         0         0         0         0         0
     19/49     4.79G   0.07967   0.03229   0.04149    0.1535        19       640         0         0         0         0         0         0         0
     20/49     4.79G   0.07983   0.03223   0.04137    0.1534        13       640         0         0         0         0         0         0         0
     21/49     4.79G   0.07969   0.03226   0.04135    0.1533        16       640         0         0         0         0         0         0         0
     22/49     4.79G    0.0794   0.03222   0.04124    0.1529        24       640         0         0         0         0         0         0         0
     23/49     4.79G    0.0796    0.0323   0.04145    0.1533        12       640         0         0         0         0         0         0         0
     24/49     4.79G   0.07958   0.03225   0.04148    0.1533        20       640         0         0         0         0         0         0         0
     25/49     4.79G   0.07937   0.03225   0.04139     0.153        16       640         0         0         0         0         0         0         0
     26/49     4.79G   0.07959   0.03228   0.04139    0.1533        15       640         0         0         0         0         0         0         0
     27/49     4.79G   0.07959   0.03231   0.04141    0.1533        13       640         0         0         0         0         0         0         0
     28/49     4.79G    0.0798   0.03222   0.04148    0.1535        22       640         0         0         0         0         0         0         0
     29/49     4.79G    0.0797    0.0322   0.04139    0.1533        12       640         0         0         0         0         0         0         0
     30/49     4.79G    0.0795   0.03226   0.04137    0.1531        20       640         0         0         0         0         0         0         0
     31/49     4.79G   0.07966   0.03216    0.0414    0.1532        12       640         0         0         0         0         0         0         0
     32/49     4.79G   0.07985   0.03215   0.04155    0.1535        12       640         0         0         0         0         0         0         0
     33/49     4.79G   0.07965   0.03224   0.04138    0.1533        12       640         0         0         0         0         0         0         0
     34/49     4.79G    0.0796   0.03228   0.04149    0.1534        16       640         0         0         0         0         0         0         0
     35/49     4.79G   0.07948   0.03224   0.04148    0.1532        20       640         0         0         0         0         0         0         0
     36/49     4.79G   0.07961   0.03225   0.04138    0.1532        19       640         0         0         0         0         0         0         0
     37/49     4.79G   0.07963   0.03227   0.04135    0.1533        13       640         0         0         0         0         0         0         0
     38/49     4.79G   0.07942   0.03224    0.0413     0.153        12       640         0         0         0         0         0         0         0
     39/49     4.79G   0.07956   0.03222   0.04134    0.1531        18       640         0         0         0         0         0         0         0
     40/49     4.79G   0.07959   0.03221    0.0414    0.1532        21       640         0         0         0         0         0         0         0
     41/49     4.79G   0.07958   0.03231   0.04138    0.1533        12       640         0         0         0         0         0         0         0
     42/49     4.79G   0.07951   0.03222   0.04136    0.1531        24       640         0         0         0         0         0         0         0
     43/49     4.79G   0.07937   0.03224   0.04134    0.1529        15       640         0         0         0         0         0         0         0
     44/49     4.79G   0.07973    0.0323   0.04138    0.1534        16       640         0         0         0         0         0         0         0
     45/49     4.79G   0.07945    0.0322   0.04141    0.1531        14       640         0         0         0         0         0         0         0
     46/49     4.79G   0.07955   0.03221   0.04146    0.1532        12       640         0         0         0         0         0         0         0
     47/49     4.79G   0.07971   0.03223   0.04136    0.1533        16       640         0         0         0         0         0         0         0
     48/49     4.79G   0.07956   0.03221   0.04139    0.1532        14       640         0         0         0         0         0         0         0
     49/49     4.79G   0.07947   0.03231   0.04128    0.1531        16       640   0.04405    0.1471   0.03062   0.00889   0.07486   0.03181    0.0419
      0/49     4.79G   0.07752   0.03068   0.04099    0.1492        17       640         0         0         0         0         0         0         0
      1/49     4.79G   0.07723   0.03071   0.04088    0.1488        18       640         0         0         0         0         0         0         0
      2/49     4.79G   0.07757   0.03072   0.04098    0.1493        16       640         0         0         0         0         0         0         0
      3/49     4.79G    0.0774    0.0308   0.04096    0.1492        17       640         0         0         0         0         0         0         0
      4/49     4.79G   0.07752   0.03072   0.04103    0.1493        17       640         0         0         0         0         0         0         0
      5/49     4.79G   0.07765    0.0307   0.04091    0.1492        13       640         0         0         0         0         0         0         0
      6/49     4.79G   0.07752   0.03071   0.04104    0.1493        17       640         0         0         0         0         0         0         0
      7/49     4.79G   0.07756   0.03075   0.04096    0.1493        18       640         0         0         0         0         0         0         0
      8/49     4.79G   0.07744   0.03072   0.04105    0.1492        19       640         0         0         0         0         0         0         0
      9/49     4.79G   0.07744   0.03075   0.04102    0.1492        15       640         0         0         0         0         0         0         0
     10/49     4.79G   0.07768   0.03077   0.04091    0.1494        20       640         0         0         0         0         0         0         0
     11/49     4.79G   0.07733   0.03077   0.04088     0.149        12       640         0         0         0         0         0         0         0
     12/49     4.79G   0.07747   0.03071   0.04098    0.1492        13       640         0         0         0         0         0         0         0
     13/49     4.79G   0.07739   0.03067   0.04087    0.1489        12       640         0         0         0         0         0         0         0
     14/49     4.79G    0.0774   0.03077   0.04093    0.1491        15       640         0         0         0         0         0         0         0
     15/49     4.79G   0.07749   0.03071   0.04092    0.1491        14       640         0         0         0         0         0         0         0
     16/49     4.79G    0.0774   0.03066   0.04089    0.1489        12       640         0         0         0         0         0         0         0
     17/49     4.79G   0.07747   0.03075   0.04102    0.1492        12       640         0         0         0         0         0         0         0
     18/49     4.79G   0.07767   0.03072   0.04091    0.1493        18       640         0         0         0         0         0         0         0
     19/49     4.79G   0.07743   0.03073   0.04101    0.1492        12       640         0         0         0         0         0         0         0
     20/49     4.79G   0.07753   0.03069    0.0409    0.1491        12       640         0         0         0         0         0         0         0
     21/49     4.79G   0.07741   0.03073   0.04097    0.1491        15       640         0         0         0         0         0         0         0
     22/49     4.79G   0.07737   0.03073   0.04095    0.1491        18       640         0         0         0         0         0         0         0
     23/49     4.79G   0.07743   0.03076   0.04099    0.1492        13       640         0         0         0         0         0         0         0
     24/49     4.79G   0.07738   0.03066   0.04096     0.149        13       640         0         0         0         0         0         0         0
     25/49     4.79G   0.07756   0.03079   0.04101    0.1494        12       640         0         0         0         0         0         0         0
     26/49     4.79G   0.07729   0.03072   0.04096     0.149        13       640         0         0         0         0         0         0         0
     27/49     4.79G   0.07759   0.03068   0.04088    0.1491        12       640         0         0         0         0         0         0         0
     28/49     4.79G   0.07741   0.03078   0.04095    0.1491        15       640         0         0         0         0         0         0         0
     29/49     4.79G   0.07759   0.03068   0.04095    0.1492        21       640         0         0         0         0         0         0         0
     30/49     4.79G   0.07735    0.0307   0.04091    0.1489        12       640         0         0         0         0         0         0         0
     31/49     4.79G    0.0774   0.03074   0.04103    0.1492        16       640         0         0         0         0         0         0         0
     32/49     4.79G   0.07755   0.03072   0.04101    0.1493        14       640         0         0         0         0         0         0         0
     33/49     4.79G    0.0775    0.0308   0.04103    0.1493        16       640         0         0         0         0         0         0         0
     34/49     4.79G   0.07727   0.03077    0.0409    0.1489        15       640         0         0         0         0         0         0         0
     35/49     4.79G   0.07748   0.03071    0.0409    0.1491        12       640         0         0         0         0         0         0         0
     36/49     4.79G   0.07767   0.03072   0.04089    0.1493        17       640         0         0         0         0         0         0         0
     37/49     4.79G   0.07745   0.03075   0.04088    0.1491        13       640         0         0         0         0         0         0         0
     38/49     4.79G    0.0774   0.03076   0.04088     0.149        18       640         0         0         0         0         0         0         0
     39/49     4.79G   0.07752    0.0307   0.04106    0.1493        13       640         0         0         0         0         0         0         0
     40/49     4.79G   0.07743    0.0307   0.04097    0.1491        12       640         0         0         0         0         0         0         0
     41/49     4.79G   0.07749   0.03075   0.04092    0.1492        19       640         0         0         0         0         0         0         0
     42/49     4.79G    0.0774   0.03078   0.04099    0.1492        14       640         0         0         0         0         0         0         0
     43/49     4.79G   0.07738   0.03066   0.04098     0.149        14       640         0         0         0         0         0         0         0
     44/49     4.79G    0.0773   0.03076   0.04098     0.149        22       640         0         0         0         0         0         0         0
     45/49     4.79G   0.07741   0.03072     0.041    0.1491        15       640         0         0         0         0         0         0         0
     46/49     4.79G   0.07744   0.03066   0.04103    0.1491        13       640         0         0         0         0         0         0         0
     47/49     4.79G   0.07755   0.03077   0.04098    0.1493        14       640         0         0         0         0         0         0         0
     48/49     4.79G   0.07759   0.03072    0.0409    0.1492        15       640         0         0         0         0         0         0         0
     49/49     4.79G    0.0775   0.03072    0.0409    0.1491        15       640   0.04515    0.2194   0.03325  0.009644   0.07377   0.03035   0.04194
      0/49     4.79G   0.07578   0.03851   0.04411    0.1584        18       640         0         0         0         0         0         0         0
      1/49     4.79G    0.0757   0.03851   0.04412    0.1583        16       640         0         0         0         0         0         0         0
      2/49     4.79G   0.07571   0.03866   0.04405    0.1584        15       640         0         0         0         0         0         0         0
      3/49     4.79G   0.07585   0.03866   0.04411    0.1586        24       640         0         0         0         0         0         0         0
      4/49     4.79G   0.07595    0.0385   0.04428    0.1587        24       640         0         0         0         0         0         0         0
      5/49     4.79G   0.07575   0.03859   0.04422    0.1586        16       640         0         0         0         0         0         0         0
      6/49     4.79G   0.07593   0.03847   0.04424    0.1586        21       640         0         0         0         0         0         0         0
      7/49     4.79G   0.07573   0.03855   0.04427    0.1586        15       640         0         0         0         0         0         0         0
      8/49     4.79G   0.07593   0.03858   0.04411    0.1586        18       640         0         0         0         0         0         0         0
      9/49     4.79G   0.07587   0.03855   0.04429    0.1587        26       640         0         0         0         0         0         0         0
     10/49     4.79G   0.07564    0.0386   0.04418    0.1584        14       640         0         0         0         0         0         0         0
     11/49     4.79G   0.07565    0.0386   0.04417    0.1584        13       640         0         0         0         0         0         0         0
     12/49     4.79G   0.07595    0.0386   0.04429    0.1588        12       640         0         0         0         0         0         0         0
     13/49     4.79G   0.07593   0.03852   0.04423    0.1587        15       640         0         0         0         0         0         0         0
     14/49     4.79G   0.07579   0.03865   0.04411    0.1586        14       640         0         0         0         0         0         0         0
     15/49     4.79G   0.07583   0.03861   0.04414    0.1586        14       640         0         0         0         0         0         0         0
     16/49     4.79G   0.07582   0.03854    0.0443    0.1587        12       640         0         0         0         0         0         0         0
     17/49     4.79G   0.07587   0.03855   0.04419    0.1586        16       640         0         0         0         0         0         0         0
     18/49     4.79G    0.0758   0.03869   0.04411    0.1586        18       640         0         0         0         0         0         0         0
     19/49     4.79G   0.07566   0.03865   0.04419    0.1585        22       640         0         0         0         0         0         0         0
     20/49     4.79G   0.07581    0.0385   0.04402    0.1583        16       640         0         0         0         0         0         0         0
     21/49     4.79G   0.07578    0.0385   0.04418    0.1585        15       640         0         0         0         0         0         0         0
     22/49     4.79G   0.07584   0.03845   0.04415    0.1584        16       640         0         0         0         0         0         0         0
     23/49     4.79G   0.07587    0.0387   0.04427    0.1588        18       640         0         0         0         0         0         0         0
     24/49     4.79G   0.07569   0.03856   0.04415    0.1584        13       640         0         0         0         0         0         0         0
     25/49     4.79G   0.07563    0.0387   0.04417    0.1585        17       640         0         0         0         0         0         0         0
     26/49     4.79G   0.07592   0.03863   0.04419    0.1587        15       640         0         0         0         0         0         0         0
     27/49     4.79G   0.07591    0.0386   0.04405    0.1586        12       640         0         0         0         0         0         0         0
     28/49     4.79G   0.07593   0.03859   0.04415    0.1587        19       640         0         0         0         0         0         0         0
     29/49     4.79G   0.07587    0.0386   0.04415    0.1586        18       640         0         0         0         0         0         0         0
     30/49     4.79G   0.07577   0.03851   0.04411    0.1584        16       640         0         0         0         0         0         0         0
     31/49     4.79G   0.07579   0.03865   0.04416    0.1586        20       640         0         0         0         0         0         0         0
     32/49     4.79G   0.07601   0.03856   0.04433    0.1589        27       640         0         0         0         0         0         0         0
     33/49     4.79G   0.07595   0.03869   0.04414    0.1588        18       640         0         0         0         0         0         0         0
     34/49     4.79G   0.07577   0.03855   0.04416    0.1585        16       640         0         0         0         0         0         0         0
     35/49     4.79G   0.07593   0.03859   0.04416    0.1587        24       640         0         0         0         0         0         0         0
     36/49     4.79G   0.07579   0.03856   0.04421    0.1586        19       640         0         0         0         0         0         0         0
     37/49     4.79G   0.07584   0.03851   0.04431    0.1587        12       640         0         0         0         0         0         0         0
     38/49     4.79G   0.07572   0.03854   0.04424    0.1585        20       640         0         0         0         0         0         0         0
     39/49     4.79G   0.07583   0.03857   0.04406    0.1585        19       640         0         0         0         0         0         0         0
     40/49     4.79G    0.0759   0.03856    0.0442    0.1587        15       640         0         0         0         0         0         0         0
     41/49     4.79G   0.07597   0.03865   0.04403    0.1586        16       640         0         0         0         0         0         0         0
     42/49     4.79G   0.07588   0.03852   0.04417    0.1586        17       640         0         0         0         0         0         0         0
     43/49     4.79G   0.07575    0.0385   0.04422    0.1585        13       640         0         0         0         0         0         0         0
     44/49     4.79G   0.07577   0.03857   0.04408    0.1584        15       640         0         0         0         0         0         0         0
     45/49     4.79G   0.07594   0.03858   0.04411    0.1586        21       640         0         0         0         0         0         0         0
     46/49     4.79G   0.07571   0.03848   0.04411    0.1583        16       640         0         0         0         0         0         0         0
     47/49     4.79G   0.07589   0.03847   0.04409    0.1585        14       640         0         0         0         0         0         0         0
     48/49     4.79G   0.07588   0.03848   0.04403    0.1584        17       640         0         0         0         0         0         0         0
     49/49     4.79G   0.07582   0.03863   0.04419    0.1586        13       640   0.04202    0.1743   0.03126  0.009138    0.0715    0.0376    0.0449
      0/49     4.79G   0.07599   0.03033   0.04113    0.1475        18       640         0         0         0         0         0         0         0
      1/49     4.79G   0.07607   0.03033   0.04122    0.1476        16       640         0         0         0         0         0         0         0
      2/49     4.79G   0.07589   0.03046   0.04106    0.1474        15       640         0         0         0         0         0         0         0
      3/49     4.79G   0.07603   0.03049   0.04112    0.1476        24       640         0         0         0         0         0         0         0
      4/49     4.79G     0.076   0.03042   0.04127    0.1477        24       640         0         0         0         0         0         0         0
      5/49     4.79G   0.07599   0.03037   0.04126    0.1476        16       640         0         0         0         0         0         0         0
      6/49     4.79G   0.07618   0.03033   0.04117    0.1477        24       640         0         0         0         0         0         0         0
      7/49     4.79G   0.07596    0.0304   0.04118    0.1475        14       640         0         0         0         0         0         0         0
      8/49     4.79G   0.07596   0.03044   0.04107    0.1475        18       640         0         0         0         0         0         0         0
      9/49     4.79G   0.07613   0.03035   0.04131    0.1478        26       640         0         0         0         0         0         0         0
     10/49     4.79G   0.07574   0.03045   0.04108    0.1473        14       640         0         0         0         0         0         0         0
     11/49     4.79G   0.07609   0.03045   0.04122    0.1477        23       640         0         0         0         0         0         0         0
     12/49     4.79G   0.07616   0.03041   0.04132    0.1479        13       640         0         0         0         0         0         0         0
     13/49     4.79G   0.07611   0.03039   0.04123    0.1477        14       640         0         0         0         0         0         0         0
     14/49     4.79G   0.07597   0.03046   0.04117    0.1476        12       640         0         0         0         0         0         0         0
     15/49     4.79G   0.07583   0.03045   0.04115    0.1474        17       640         0         0         0         0         0         0         0
     16/49     4.79G   0.07593    0.0304   0.04128    0.1476        12       640         0         0         0         0         0         0         0
     17/49     4.79G   0.07609   0.03041   0.04128    0.1478        15       640         0         0         0         0         0         0         0
     18/49     4.79G   0.07615   0.03045   0.04122    0.1478        21       640         0         0         0         0         0         0         0
     19/49     4.79G   0.07582   0.03042     0.041    0.1472        12       640         0         0         0         0         0         0         0
     20/49     4.79G   0.07593    0.0304    0.0411    0.1474        13       640         0         0         0         0         0         0         0
     21/49     4.79G   0.07606   0.03035   0.04121    0.1476        19       640         0         0         0         0         0         0         0
     22/49     4.79G   0.07596   0.03034   0.04113    0.1474        21       640         0         0         0         0         0         0         0
     23/49     4.79G   0.07621   0.03045    0.0412    0.1479        18       640         0         0         0         0         0         0         0
     24/49     4.79G   0.07587   0.03041   0.04113    0.1474        18       640         0         0         0         0         0         0         0
     25/49     4.79G   0.07589   0.03049   0.04111    0.1475        12       640         0         0         0         0         0         0         0
     26/49     4.79G   0.07609   0.03048   0.04117    0.1477        16       640         0         0         0         0         0         0         0
